id,artifact_id,image_url,image_path,is_primary,sort_order
1,1,"https://iiif.micr.io/EKWht/full/^300,/0/default.jpg",,1,1
2,2,"https://iiif.micr.io/EqgSd/full/^300,/0/default.jpg",,1,1
3,3,"https://iiif.micr.io/LYVbl/full/^300,/0/default.jpg",,1,1
4,4,"https://iiif.micr.io/fugsO/full/^300,/0/default.jpg",,1,1
5,5,"https://iiif.micr.io/rQiYX/full/^300,/0/default.jpg",,1,1
6,6,"https://iiif.micr.io/NKynX/full/^300,/0/default.jpg",,1,1
7,7,"https://iiif.micr.io/CqdTP/full/^300,/0/default.jpg",,1,1
8,8,"https://iiif.micr.io/kYqSG/full/^300,/0/default.jpg",,1,1
9,9,"https://iiif.micr.io/szFiX/full/^300,/0/default.jpg",,1,1
10,10,"https://iiif.micr.io/kjTkv/full/^300,/0/default.jpg",,1,1
11,11,"https://iiif.micr.io/zzmia/full/^300,/0/default.jpg",,1,1
12,12,"https://iiif.micr.io/GfecF/full/^300,/0/default.jpg",,1,1
13,13,"https://iiif.micr.io/ToUFp/full/^300,/0/default.jpg",,1,1
14,14,"https://iiif.micr.io/NENEj/full/^300,/0/default.jpg",,1,1
15,15,"https://iiif.micr.io/vlvnk/full/^300,/0/default.jpg",,1,1
16,16,"https://iiif.micr.io/MUmvN/full/^300,/0/default.jpg",,1,1
17,17,"https://iiif.micr.io/lgUUJ/full/^300,/0/default.jpg",,1,1
18,18,"https://iiif.micr.io/IRVSH/full/^300,/0/default.jpg",,1,1
19,19,"https://iiif.micr.io/jLczp/full/^300,/0/default.jpg",,1,1
20,20,"https://iiif.micr.io/bYTgQ/full/^300,/0/default.jpg",,1,1
21,21,"https://iiif.micr.io/alSDO/full/^300,/0/default.jpg",,1,1
22,22,"https://iiif.micr.io/prGEc/full/^300,/0/default.jpg",,1,1
23,23,"https://iiif.micr.io/ncAxx/full/^300,/0/default.jpg",,1,1
24,24,"https://iiif.micr.io/Ziobe/full/^300,/0/default.jpg",,1,1
25,25,"https://iiif.micr.io/QrXie/full/^300,/0/default.jpg",,1,1
26,26,"https://iiif.micr.io/nRjgA/full/^300,/0/default.jpg",,1,1
27,27,"https://iiif.micr.io/vaxUC/full/^300,/0/default.jpg",,1,1
28,28,"https://iiif.micr.io/HNySh/full/^300,/0/default.jpg",,1,1
29,29,"https://iiif.micr.io/WLUPJ/full/^300,/0/default.jpg",,1,1
30,30,"https://iiif.micr.io/KXNFh/full/^300,/0/default.jpg",,1,1
31,31,"https://iiif.micr.io/nYYUx/full/^300,/0/default.jpg",,1,1
32,32,"https://iiif.micr.io/PKuYj/full/^300,/0/default.jpg",,1,1
33,33,"https://iiif.micr.io/fFQBx/full/^300,/0/default.jpg",,1,1
34,34,"https://iiif.micr.io/ZgNlD/full/^300,/0/default.jpg",,1,1
35,35,"https://iiif.micr.io/cPEcC/full/^300,/0/default.jpg",,1,1
36,36,"https://iiif.micr.io/ISqsz/full/^300,/0/default.jpg",,1,1
37,37,"https://iiif.micr.io/MjjDQ/full/^300,/0/default.jpg",,1,1
38,38,"https://iiif.micr.io/OZwAN/full/^300,/0/default.jpg",,1,1
39,39,"https://iiif.micr.io/LWJSv/full/^300,/0/default.jpg",,1,1
40,40,"https://iiif.micr.io/boeiG/full/^300,/0/default.jpg",,1,1
41,41,"https://iiif.micr.io/BqWZt/full/^300,/0/default.jpg",,1,1
42,42,"https://iiif.micr.io/rbmuv/full/^300,/0/default.jpg",,1,1
43,43,"https://iiif.micr.io/Alaqv/full/^300,/0/default.jpg",,1,1
44,44,"https://iiif.micr.io/nJRhg/full/^300,/0/default.jpg",,1,1
45,45,"https://iiif.micr.io/TRtPf/full/^300,/0/default.jpg",,1,1
46,46,"https://iiif.micr.io/jUjnX/full/^300,/0/default.jpg",,1,1
47,47,"https://iiif.micr.io/nJtSc/full/^300,/0/default.jpg",,1,1
48,48,"https://iiif.micr.io/WvVkt/full/^300,/0/default.jpg",,1,1
49,49,"https://iiif.micr.io/gJSgx/full/^300,/0/default.jpg",,1,1
50,50,"https://iiif.micr.io/FTMLR/full/^300,/0/default.jpg",,1,1
51,51,"https://iiif.micr.io/YodMc/full/^300,/0/default.jpg",,1,1
52,52,"https://iiif.micr.io/fksXP/full/^300,/0/default.jpg",,1,1
53,53,"https://iiif.micr.io/kWQCQ/full/^300,/0/default.jpg",,1,1
54,54,"https://iiif.micr.io/qDyQD/full/^300,/0/default.jpg",,1,1
55,55,"https://iiif.micr.io/QAkFI/full/^300,/0/default.jpg",,1,1
56,56,"https://iiif.micr.io/WyRco/full/^300,/0/default.jpg",,1,1
57,57,"https://iiif.micr.io/Pdrqu/full/^300,/0/default.jpg",,1,1
58,58,"https://iiif.micr.io/Oeffr/full/^300,/0/default.jpg",,1,1
59,59,"https://iiif.micr.io/EGMoV/full/^300,/0/default.jpg",,1,1
60,60,"https://iiif.micr.io/oqSOI/full/^300,/0/default.jpg",,1,1
61,61,"https://iiif.micr.io/EdQEN/full/^300,/0/default.jpg",,1,1
62,62,"https://iiif.micr.io/ucEid/full/^300,/0/default.jpg",,1,1
63,63,"https://iiif.micr.io/qcKNh/full/^300,/0/default.jpg",,1,1
64,64,"https://iiif.micr.io/rLxAr/full/^300,/0/default.jpg",,1,1
65,65,"https://iiif.micr.io/tMnrZ/full/^300,/0/default.jpg",,1,1
66,66,"https://iiif.micr.io/vjJiY/full/^300,/0/default.jpg",,1,1
67,67,"https://iiif.micr.io/vQCPl/full/^300,/0/default.jpg",,1,1
68,68,"https://iiif.micr.io/BsFid/full/^300,/0/default.jpg",,1,1
69,69,"https://iiif.micr.io/UMLxO/full/^300,/0/default.jpg",,1,1
70,70,"https://iiif.micr.io/egWyr/full/^300,/0/default.jpg",,1,1
71,71,"https://iiif.micr.io/JSPXu/full/^300,/0/default.jpg",,1,1
72,72,"https://iiif.micr.io/ReLHw/full/^300,/0/default.jpg",,1,1
73,73,"https://iiif.micr.io/BTYxO/full/^300,/0/default.jpg",,1,1
74,74,"https://iiif.micr.io/nzehG/full/^300,/0/default.jpg",,1,1
75,75,"https://iiif.micr.io/cCURS/full/^300,/0/default.jpg",,1,1
76,76,"https://iiif.micr.io/iFlvi/full/^300,/0/default.jpg",,1,1
77,77,"https://iiif.micr.io/NFpNa/full/^300,/0/default.jpg",,1,1
78,78,"https://iiif.micr.io/aKWkr/full/^300,/0/default.jpg",,1,1
79,79,"https://iiif.micr.io/YYnbV/full/^300,/0/default.jpg",,1,1
80,80,"https://iiif.micr.io/fJSro/full/^300,/0/default.jpg",,1,1
81,81,"https://iiif.micr.io/kDMoh/full/^300,/0/default.jpg",,1,1
82,82,"https://iiif.micr.io/dfYyw/full/^300,/0/default.jpg",,1,1
83,83,"https://iiif.micr.io/VkVHT/full/^300,/0/default.jpg",,1,1
84,84,"https://iiif.micr.io/ZTWlg/full/^300,/0/default.jpg",,1,1
85,85,"https://iiif.micr.io/oysqk/full/^300,/0/default.jpg",,1,1
86,86,"https://iiif.micr.io/ySWdF/full/^300,/0/default.jpg",,1,1
87,87,"https://iiif.micr.io/WCLTp/full/^300,/0/default.jpg",,1,1
88,88,"https://iiif.micr.io/FtHDL/full/^300,/0/default.jpg",,1,1
89,89,"https://iiif.micr.io/aoIIh/full/^300,/0/default.jpg",,1,1
90,90,"https://iiif.micr.io/XctEq/full/^300,/0/default.jpg",,1,1
91,91,"https://iiif.micr.io/AhtlZ/full/^300,/0/default.jpg",,1,1
92,92,"https://iiif.micr.io/AoGnw/full/^300,/0/default.jpg",,1,1
93,93,"https://iiif.micr.io/GJZeE/full/^300,/0/default.jpg",,1,1
94,94,"https://iiif.micr.io/wbBMe/full/^300,/0/default.jpg",,1,1
95,95,"https://iiif.micr.io/MFZyT/full/^300,/0/default.jpg",,1,1
96,96,"https://iiif.micr.io/TogFH/full/^300,/0/default.jpg",,1,1
97,97,"https://iiif.micr.io/pPzsv/full/^300,/0/default.jpg",,1,1
98,98,"https://iiif.micr.io/PBkMH/full/^300,/0/default.jpg",,1,1
99,99,"https://iiif.micr.io/hxztu/full/^300,/0/default.jpg",,1,1
100,100,"https://iiif.micr.io/BDwbS/full/^300,/0/default.jpg",,1,1
101,101,"https://iiif.micr.io/XqaYW/full/^300,/0/default.jpg",,1,1
102,102,"https://iiif.micr.io/QbLpY/full/^300,/0/default.jpg",,1,1
103,103,"https://iiif.micr.io/mDGVe/full/^300,/0/default.jpg",,1,1
104,104,"https://iiif.micr.io/oTvkh/full/^300,/0/default.jpg",,1,1
105,105,"https://iiif.micr.io/SJMNh/full/^300,/0/default.jpg",,1,1
106,106,"https://iiif.micr.io/sDMyX/full/^300,/0/default.jpg",,1,1
107,107,"https://iiif.micr.io/YnTbw/full/^300,/0/default.jpg",,1,1
108,108,"https://iiif.micr.io/mrNZL/full/^300,/0/default.jpg",,1,1
109,109,"https://iiif.micr.io/FNfpX/full/^300,/0/default.jpg",,1,1
110,110,"https://iiif.micr.io/IroOZ/full/^300,/0/default.jpg",,1,1
111,111,"https://iiif.micr.io/fAXTy/full/^300,/0/default.jpg",,1,1
112,112,"https://iiif.micr.io/VlttM/full/^300,/0/default.jpg",,1,1
113,113,"https://iiif.micr.io/qaPjw/full/^300,/0/default.jpg",,1,1
114,114,"https://iiif.micr.io/KIscm/full/^300,/0/default.jpg",,1,1
115,115,"https://iiif.micr.io/xfufH/full/^300,/0/default.jpg",,1,1
116,116,"https://iiif.micr.io/TTSyN/full/^300,/0/default.jpg",,1,1
117,117,"https://iiif.micr.io/orzNk/full/^300,/0/default.jpg",,1,1
118,118,"https://iiif.micr.io/jKSVT/full/^300,/0/default.jpg",,1,1
119,119,"https://iiif.micr.io/IrhsR/full/^300,/0/default.jpg",,1,1
120,120,"https://iiif.micr.io/iGDLR/full/^300,/0/default.jpg",,1,1
121,121,"https://iiif.micr.io/fzLBM/full/^300,/0/default.jpg",,1,1
122,122,"https://iiif.micr.io/VPmDd/full/^300,/0/default.jpg",,1,1
123,123,"https://iiif.micr.io/mekov/full/^300,/0/default.jpg",,1,1
124,124,"https://iiif.micr.io/DXwhb/full/^300,/0/default.jpg",,1,1
125,125,"https://iiif.micr.io/TPovJ/full/^300,/0/default.jpg",,1,1
126,126,"https://iiif.micr.io/nFosT/full/^300,/0/default.jpg",,1,1
127,127,"https://iiif.micr.io/RIhDE/full/^300,/0/default.jpg",,1,1
128,128,"https://iiif.micr.io/WlTOR/full/^300,/0/default.jpg",,1,1
129,129,"https://iiif.micr.io/Mvjcz/full/^300,/0/default.jpg",,1,1
130,130,"https://iiif.micr.io/xKomT/full/^300,/0/default.jpg",,1,1
131,131,"https://iiif.micr.io/Djrat/full/^300,/0/default.jpg",,1,1
132,132,"https://iiif.micr.io/fcGis/full/^300,/0/default.jpg",,1,1
133,133,"https://iiif.micr.io/vFLFY/full/^300,/0/default.jpg",,1,1
134,134,"https://iiif.micr.io/xuzII/full/^300,/0/default.jpg",,1,1
135,135,"https://iiif.micr.io/CWeTb/full/^300,/0/default.jpg",,1,1
136,136,"https://iiif.micr.io/mgPlH/full/^300,/0/default.jpg",,1,1
137,137,"https://iiif.micr.io/EDVyT/full/^300,/0/default.jpg",,1,1
138,138,"https://iiif.micr.io/pJDxO/full/^300,/0/default.jpg",,1,1
139,139,"https://iiif.micr.io/YYIGO/full/^300,/0/default.jpg",,1,1
140,140,"https://iiif.micr.io/ILAiA/full/^300,/0/default.jpg",,1,1
141,141,"https://iiif.micr.io/FbmZU/full/^300,/0/default.jpg",,1,1
142,142,"https://iiif.micr.io/yiwrU/full/^300,/0/default.jpg",,1,1
143,143,"https://iiif.micr.io/xQkTO/full/^300,/0/default.jpg",,1,1
144,144,"https://iiif.micr.io/HpQoq/full/^300,/0/default.jpg",,1,1
145,145,"https://iiif.micr.io/WZuvO/full/^300,/0/default.jpg",,1,1
146,146,"https://iiif.micr.io/VMNuM/full/^300,/0/default.jpg",,1,1
147,147,"https://iiif.micr.io/HPiwh/full/^300,/0/default.jpg",,1,1
148,148,"https://iiif.micr.io/mDVBZ/full/^300,/0/default.jpg",,1,1
149,149,"https://iiif.micr.io/BHmhy/full/^300,/0/default.jpg",,1,1
150,150,"https://iiif.micr.io/opcNJ/full/^300,/0/default.jpg",,1,1
151,151,"https://iiif.micr.io/pniqs/full/^300,/0/default.jpg",,1,1
152,152,"https://iiif.micr.io/MDSSA/full/^300,/0/default.jpg",,1,1
153,153,"https://iiif.micr.io/UPJaI/full/^300,/0/default.jpg",,1,1
154,154,"https://iiif.micr.io/GwkCl/full/^300,/0/default.jpg",,1,1
155,155,"https://iiif.micr.io/QANeM/full/^300,/0/default.jpg",,1,1
156,156,"https://iiif.micr.io/eWCoa/full/^300,/0/default.jpg",,1,1
157,157,"https://iiif.micr.io/BBAOu/full/^300,/0/default.jpg",,1,1
158,158,"https://iiif.micr.io/ytgaf/full/^300,/0/default.jpg",,1,1
159,159,"https://iiif.micr.io/vSbTX/full/^300,/0/default.jpg",,1,1
160,160,"https://iiif.micr.io/lMzDX/full/^300,/0/default.jpg",,1,1
161,161,"https://iiif.micr.io/bqVsc/full/^300,/0/default.jpg",,1,1
162,162,"https://iiif.micr.io/GyMWj/full/^300,/0/default.jpg",,1,1
163,163,"https://iiif.micr.io/adPhf/full/^300,/0/default.jpg",,1,1
164,164,"https://iiif.micr.io/tTSqT/full/^300,/0/default.jpg",,1,1
165,165,"https://iiif.micr.io/HehHS/full/^300,/0/default.jpg",,1,1
166,166,"https://iiif.micr.io/vvvSi/full/^300,/0/default.jpg",,1,1
167,167,"https://iiif.micr.io/JnAHm/full/^300,/0/default.jpg",,1,1
168,168,"https://iiif.micr.io/HHwFH/full/^300,/0/default.jpg",,1,1
169,169,"https://iiif.micr.io/Mmpil/full/^300,/0/default.jpg",,1,1
170,170,"https://iiif.micr.io/Knspl/full/^300,/0/default.jpg",,1,1
171,171,"https://iiif.micr.io/BQwpO/full/^300,/0/default.jpg",,1,1
172,172,"https://iiif.micr.io/JflxI/full/^300,/0/default.jpg",,1,1
173,173,"https://iiif.micr.io/OPOSZ/full/^300,/0/default.jpg",,1,1
174,174,"https://iiif.micr.io/uUMDt/full/^300,/0/default.jpg",,1,1
175,175,"https://iiif.micr.io/tuazu/full/^300,/0/default.jpg",,1,1
176,176,"https://iiif.micr.io/Tgjaq/full/^300,/0/default.jpg",,1,1
177,177,"https://iiif.micr.io/Vvwec/full/^300,/0/default.jpg",,1,1
178,178,"https://iiif.micr.io/knDhF/full/^300,/0/default.jpg",,1,1
179,179,"https://iiif.micr.io/LCcUa/full/^300,/0/default.jpg",,1,1
180,180,"https://iiif.micr.io/PrRkR/full/^300,/0/default.jpg",,1,1
181,181,"https://iiif.micr.io/liSxF/full/^300,/0/default.jpg",,1,1
182,182,"https://iiif.micr.io/kXpbv/full/^300,/0/default.jpg",,1,1
183,183,"https://iiif.micr.io/Hvsav/full/^300,/0/default.jpg",,1,1
184,184,"https://iiif.micr.io/mySLq/full/^300,/0/default.jpg",,1,1
185,185,"https://iiif.micr.io/ZQbMI/full/^300,/0/default.jpg",,1,1
186,186,"https://iiif.micr.io/fpEyB/full/^300,/0/default.jpg",,1,1
187,187,"https://iiif.micr.io/gCCxq/full/^300,/0/default.jpg",,1,1
188,188,"https://iiif.micr.io/NRCyA/full/^300,/0/default.jpg",,1,1
189,189,"https://iiif.micr.io/kaXOq/full/^300,/0/default.jpg",,1,1
190,190,"https://iiif.micr.io/YInVQ/full/^300,/0/default.jpg",,1,1
191,191,"https://iiif.micr.io/IChcr/full/^300,/0/default.jpg",,1,1
192,192,"https://iiif.micr.io/pEKwH/full/^300,/0/default.jpg",,1,1
193,193,"https://iiif.micr.io/zaRpb/full/^300,/0/default.jpg",,1,1
194,194,"https://iiif.micr.io/Rboay/full/^300,/0/default.jpg",,1,1
195,195,"https://iiif.micr.io/RqpJC/full/^300,/0/default.jpg",,1,1
196,196,"https://iiif.micr.io/UhDZi/full/^300,/0/default.jpg",,1,1
197,197,"https://iiif.micr.io/mxIfJ/full/^300,/0/default.jpg",,1,1
198,198,"https://iiif.micr.io/raGuM/full/^300,/0/default.jpg",,1,1
199,199,"https://iiif.micr.io/DsomL/full/^300,/0/default.jpg",,1,1
200,200,"https://iiif.micr.io/oCFRp/full/^300,/0/default.jpg",,1,1
201,201,"https://iiif.micr.io/cAmSU/full/^300,/0/default.jpg",,1,1
202,202,"https://iiif.micr.io/XApzm/full/^300,/0/default.jpg",,1,1
203,203,"https://iiif.micr.io/IpBfR/full/^300,/0/default.jpg",,1,1
204,204,"https://iiif.micr.io/juzdR/full/^300,/0/default.jpg",,1,1
205,205,"https://iiif.micr.io/Wjxub/full/^300,/0/default.jpg",,1,1
206,206,"https://iiif.micr.io/KujJI/full/^300,/0/default.jpg",,1,1
207,207,"https://iiif.micr.io/CKwyz/full/^300,/0/default.jpg",,1,1
208,208,"https://iiif.micr.io/egaVO/full/^300,/0/default.jpg",,1,1
209,209,"https://iiif.micr.io/orIPV/full/^300,/0/default.jpg",,1,1
210,210,"https://iiif.micr.io/XTyQr/full/^300,/0/default.jpg",,1,1
211,211,"https://iiif.micr.io/pfuss/full/^300,/0/default.jpg",,1,1
212,212,"https://iiif.micr.io/klJQj/full/^300,/0/default.jpg",,1,1
213,213,"https://iiif.micr.io/jEdEU/full/^300,/0/default.jpg",,1,1
214,214,"https://iiif.micr.io/gEupO/full/^300,/0/default.jpg",,1,1
215,215,"https://iiif.micr.io/wSAfg/full/^300,/0/default.jpg",,1,1
216,216,"https://iiif.micr.io/UPpzk/full/^300,/0/default.jpg",,1,1
217,217,"https://iiif.micr.io/hpgeK/full/^300,/0/default.jpg",,1,1
218,218,"https://iiif.micr.io/eLEto/full/^300,/0/default.jpg",,1,1
219,219,"https://iiif.micr.io/WmLBq/full/^300,/0/default.jpg",,1,1
220,220,"https://iiif.micr.io/KfTTM/full/^300,/0/default.jpg",,1,1
221,221,"https://iiif.micr.io/Foadz/full/^300,/0/default.jpg",,1,1
222,222,"https://iiif.micr.io/gGbdq/full/^300,/0/default.jpg",,1,1
223,223,"https://iiif.micr.io/pPwNb/full/^300,/0/default.jpg",,1,1
224,224,"https://iiif.micr.io/rRRjg/full/^300,/0/default.jpg",,1,1
225,225,"https://iiif.micr.io/pypPL/full/^300,/0/default.jpg",,1,1
226,226,"https://iiif.micr.io/XKpmG/full/^300,/0/default.jpg",,1,1
227,227,"https://iiif.micr.io/MSwJf/full/^300,/0/default.jpg",,1,1
228,228,"https://iiif.micr.io/AVQzz/full/^300,/0/default.jpg",,1,1
229,229,"https://iiif.micr.io/VVtbi/full/^300,/0/default.jpg",,1,1
230,230,"https://iiif.micr.io/DVyTJ/full/^300,/0/default.jpg",,1,1
231,231,"https://iiif.micr.io/CvbvY/full/^300,/0/default.jpg",,1,1
232,232,"https://iiif.micr.io/XTadv/full/^300,/0/default.jpg",,1,1
233,233,"https://iiif.micr.io/VVHgJ/full/^300,/0/default.jpg",,1,1
234,234,"https://iiif.micr.io/hbpyG/full/^300,/0/default.jpg",,1,1
235,235,"https://iiif.micr.io/QHVTs/full/^300,/0/default.jpg",,1,1
236,236,"https://iiif.micr.io/JJTHz/full/^300,/0/default.jpg",,1,1
237,237,"https://iiif.micr.io/fYrge/full/^300,/0/default.jpg",,1,1
238,238,"https://iiif.micr.io/BUqbI/full/^300,/0/default.jpg",,1,1
239,239,"https://iiif.micr.io/EErkZ/full/^300,/0/default.jpg",,1,1
240,240,"https://iiif.micr.io/eZgyg/full/^300,/0/default.jpg",,1,1
241,241,"https://iiif.micr.io/tdxOd/full/^300,/0/default.jpg",,1,1
242,242,"https://iiif.micr.io/RmQhA/full/^300,/0/default.jpg",,1,1
243,243,"https://iiif.micr.io/ADgAo/full/^300,/0/default.jpg",,1,1
244,244,"https://iiif.micr.io/KQROv/full/^300,/0/default.jpg",,1,1
245,245,"https://iiif.micr.io/bTMSQ/full/^300,/0/default.jpg",,1,1
246,246,"https://iiif.micr.io/UScaB/full/^300,/0/default.jpg",,1,1
247,247,"https://iiif.micr.io/iPzAG/full/^300,/0/default.jpg",,1,1
248,248,"https://iiif.micr.io/PaMKl/full/^300,/0/default.jpg",,1,1
249,249,"https://iiif.micr.io/eHcVr/full/^300,/0/default.jpg",,1,1
250,250,"https://iiif.micr.io/uqocV/full/^300,/0/default.jpg",,1,1
251,251,"https://iiif.micr.io/RtWum/full/^300,/0/default.jpg",,1,1
252,252,"https://iiif.micr.io/cSxPy/full/^300,/0/default.jpg",,1,1
253,253,"https://iiif.micr.io/kPUmb/full/^300,/0/default.jpg",,1,1
254,254,"https://iiif.micr.io/LFvcr/full/^300,/0/default.jpg",,1,1
255,255,"https://iiif.micr.io/MXXGe/full/^300,/0/default.jpg",,1,1
256,256,"https://iiif.micr.io/bObgv/full/^300,/0/default.jpg",,1,1
257,257,"https://iiif.micr.io/yyFMv/full/^300,/0/default.jpg",,1,1
258,258,"https://iiif.micr.io/IBEsh/full/^300,/0/default.jpg",,1,1
259,259,"https://iiif.micr.io/krtlN/full/^300,/0/default.jpg",,1,1
260,260,"https://iiif.micr.io/HVeNg/full/^300,/0/default.jpg",,1,1
261,261,"https://iiif.micr.io/PNiRZ/full/^300,/0/default.jpg",,1,1
262,262,"https://iiif.micr.io/zsqlT/full/^300,/0/default.jpg",,1,1
263,263,"https://iiif.micr.io/IeViD/full/^300,/0/default.jpg",,1,1
264,264,"https://iiif.micr.io/lZFEc/full/^300,/0/default.jpg",,1,1
265,265,"https://iiif.micr.io/lZzoB/full/^300,/0/default.jpg",,1,1
266,266,"https://iiif.micr.io/pMlkB/full/^300,/0/default.jpg",,1,1
267,267,"https://iiif.micr.io/WgZoR/full/^300,/0/default.jpg",,1,1
268,268,"https://iiif.micr.io/Squtv/full/^300,/0/default.jpg",,1,1
269,269,"https://iiif.micr.io/AwtgF/full/^300,/0/default.jpg",,1,1
270,270,"https://iiif.micr.io/BXggT/full/^300,/0/default.jpg",,1,1
271,271,"https://iiif.micr.io/XLOIl/full/^300,/0/default.jpg",,1,1
272,272,"https://iiif.micr.io/HTvEQ/full/^300,/0/default.jpg",,1,1
273,273,"https://iiif.micr.io/wbcTR/full/^300,/0/default.jpg",,1,1
274,274,"https://iiif.micr.io/byyDo/full/^300,/0/default.jpg",,1,1
275,275,"https://iiif.micr.io/UXnqg/full/^300,/0/default.jpg",,1,1
276,276,"https://iiif.micr.io/YMEqk/full/^300,/0/default.jpg",,1,1
277,277,"https://iiif.micr.io/JgEkJ/full/^300,/0/default.jpg",,1,1
278,278,"https://iiif.micr.io/MIAsY/full/^300,/0/default.jpg",,1,1
279,279,"https://iiif.micr.io/GhGjY/full/^300,/0/default.jpg",,1,1
280,280,"https://iiif.micr.io/EJfas/full/^300,/0/default.jpg",,1,1
281,281,"https://iiif.micr.io/Kdvmk/full/^300,/0/default.jpg",,1,1
282,282,"https://iiif.micr.io/zXbDH/full/^300,/0/default.jpg",,1,1
283,283,"https://iiif.micr.io/sJiJE/full/^300,/0/default.jpg",,1,1
284,284,"https://iiif.micr.io/jdviJ/full/^300,/0/default.jpg",,1,1
285,285,"https://iiif.micr.io/ppcfD/full/^300,/0/default.jpg",,1,1
286,286,"https://iiif.micr.io/VyzXd/full/^300,/0/default.jpg",,1,1
287,287,"https://iiif.micr.io/BXCHE/full/^300,/0/default.jpg",,1,1
288,288,"https://iiif.micr.io/sDRhj/full/^300,/0/default.jpg",,1,1
289,289,"https://iiif.micr.io/bOaPN/full/^300,/0/default.jpg",,1,1
290,290,"https://iiif.micr.io/vKgvi/full/^300,/0/default.jpg",,1,1
291,291,"https://iiif.micr.io/DMgfz/full/^300,/0/default.jpg",,1,1
292,292,"https://iiif.micr.io/DyyAk/full/^300,/0/default.jpg",,1,1
293,293,"https://iiif.micr.io/yPPNZ/full/^300,/0/default.jpg",,1,1
294,294,"https://iiif.micr.io/usJbl/full/^300,/0/default.jpg",,1,1
295,295,"https://iiif.micr.io/MVEJM/full/^300,/0/default.jpg",,1,1
296,296,"https://iiif.micr.io/czKnZ/full/^300,/0/default.jpg",,1,1
297,297,"https://iiif.micr.io/lSDcH/full/^300,/0/default.jpg",,1,1
298,298,"https://iiif.micr.io/RTdLv/full/^300,/0/default.jpg",,1,1
299,299,"https://iiif.micr.io/bYSuX/full/^300,/0/default.jpg",,1,1
300,300,"https://iiif.micr.io/QVWSY/full/^300,/0/default.jpg",,1,1
301,301,"https://iiif.micr.io/FnzYK/full/^300,/0/default.jpg",,1,1
302,302,"https://iiif.micr.io/NTpau/full/^300,/0/default.jpg",,1,1
303,303,"https://iiif.micr.io/icsYm/full/^300,/0/default.jpg",,1,1
304,304,"https://iiif.micr.io/VejtA/full/^300,/0/default.jpg",,1,1
305,305,"https://iiif.micr.io/vIsVy/full/^300,/0/default.jpg",,1,1
306,306,"https://iiif.micr.io/ULvOU/full/^300,/0/default.jpg",,1,1
307,307,"https://iiif.micr.io/gFCUa/full/^300,/0/default.jpg",,1,1
308,308,"https://iiif.micr.io/gAiYh/full/^300,/0/default.jpg",,1,1
309,309,"https://iiif.micr.io/GJNGY/full/^300,/0/default.jpg",,1,1
310,310,"https://iiif.micr.io/SvCGL/full/^300,/0/default.jpg",,1,1
311,311,"https://iiif.micr.io/cjfzP/full/^300,/0/default.jpg",,1,1
312,312,"https://iiif.micr.io/Rvfvs/full/^300,/0/default.jpg",,1,1
313,313,"https://iiif.micr.io/hvGWh/full/^300,/0/default.jpg",,1,1
314,314,"https://iiif.micr.io/EmuPD/full/^300,/0/default.jpg",,1,1
315,315,"https://iiif.micr.io/fdQTk/full/^300,/0/default.jpg",,1,1
316,316,"https://iiif.micr.io/VKPPG/full/^300,/0/default.jpg",,1,1
317,317,"https://iiif.micr.io/FkcTN/full/^300,/0/default.jpg",,1,1
318,318,"https://iiif.micr.io/FjXlO/full/^300,/0/default.jpg",,1,1
319,319,"https://iiif.micr.io/sVJBx/full/^300,/0/default.jpg",,1,1
320,320,"https://iiif.micr.io/WKeGx/full/^300,/0/default.jpg",,1,1
321,321,"https://iiif.micr.io/XSEBo/full/^300,/0/default.jpg",,1,1
322,322,"https://iiif.micr.io/YTwjS/full/^300,/0/default.jpg",,1,1
323,323,"https://iiif.micr.io/cpiTt/full/^300,/0/default.jpg",,1,1
324,324,"https://iiif.micr.io/IRuws/full/^300,/0/default.jpg",,1,1
325,325,"https://iiif.micr.io/sYtuY/full/^300,/0/default.jpg",,1,1
326,326,"https://iiif.micr.io/nIKQa/full/^300,/0/default.jpg",,1,1
327,327,"https://iiif.micr.io/aWYuG/full/^300,/0/default.jpg",,1,1
328,328,"https://iiif.micr.io/WCvlk/full/^300,/0/default.jpg",,1,1
329,329,"https://iiif.micr.io/lennP/full/^300,/0/default.jpg",,1,1
330,330,"https://iiif.micr.io/ndNmd/full/^300,/0/default.jpg",,1,1
331,331,"https://iiif.micr.io/HsOti/full/^300,/0/default.jpg",,1,1
332,332,"https://iiif.micr.io/mIiDk/full/^300,/0/default.jpg",,1,1
333,333,"https://iiif.micr.io/xukqG/full/^300,/0/default.jpg",,1,1
334,334,"https://iiif.micr.io/sGzTH/full/^300,/0/default.jpg",,1,1
335,335,"https://iiif.micr.io/scHDN/full/^300,/0/default.jpg",,1,1
336,336,"https://iiif.micr.io/GtuDl/full/^300,/0/default.jpg",,1,1
337,337,"https://iiif.micr.io/pATFk/full/^300,/0/default.jpg",,1,1
338,338,"https://iiif.micr.io/EEMNx/full/^300,/0/default.jpg",,1,1
339,339,"https://iiif.micr.io/vdyCF/full/^300,/0/default.jpg",,1,1
340,340,"https://iiif.micr.io/Xqowc/full/^300,/0/default.jpg",,1,1
341,341,"https://iiif.micr.io/fPtfO/full/^300,/0/default.jpg",,1,1
342,342,"https://iiif.micr.io/ErHQB/full/^300,/0/default.jpg",,1,1
343,343,"https://iiif.micr.io/yFfnL/full/^300,/0/default.jpg",,1,1
344,344,"https://iiif.micr.io/mTmOz/full/^300,/0/default.jpg",,1,1
345,345,"https://iiif.micr.io/WwabV/full/^300,/0/default.jpg",,1,1
346,346,"https://iiif.micr.io/zeaSf/full/^300,/0/default.jpg",,1,1
347,347,"https://iiif.micr.io/UsEEf/full/^300,/0/default.jpg",,1,1
348,348,"https://iiif.micr.io/TYZJc/full/^300,/0/default.jpg",,1,1
349,349,"https://iiif.micr.io/SaNFE/full/^300,/0/default.jpg",,1,1
350,350,"https://iiif.micr.io/eZRBu/full/^300,/0/default.jpg",,1,1
351,351,"https://iiif.micr.io/lFVBn/full/^300,/0/default.jpg",,1,1
352,352,"https://iiif.micr.io/uewSb/full/^300,/0/default.jpg",,1,1
353,353,"https://iiif.micr.io/qdQrg/full/^300,/0/default.jpg",,1,1
354,354,"https://iiif.micr.io/CvFVc/full/^300,/0/default.jpg",,1,1
355,355,"https://iiif.micr.io/qVUdg/full/^300,/0/default.jpg",,1,1
356,356,"https://iiif.micr.io/KIEsw/full/^300,/0/default.jpg",,1,1
357,357,"https://iiif.micr.io/EXizJ/full/^300,/0/default.jpg",,1,1
358,358,"https://iiif.micr.io/MVfdW/full/^300,/0/default.jpg",,1,1
359,359,"https://iiif.micr.io/BVXPN/full/^300,/0/default.jpg",,1,1
360,360,"https://iiif.micr.io/jVMnf/full/^300,/0/default.jpg",,1,1
361,361,"https://iiif.micr.io/reLjh/full/^300,/0/default.jpg",,1,1
362,362,"https://iiif.micr.io/NePAy/full/^300,/0/default.jpg",,1,1
363,363,"https://iiif.micr.io/oWPRg/full/^300,/0/default.jpg",,1,1
364,364,"https://iiif.micr.io/igjBR/full/^300,/0/default.jpg",,1,1
365,365,"https://iiif.micr.io/Jibqy/full/^300,/0/default.jpg",,1,1
366,366,"https://iiif.micr.io/abGmn/full/^300,/0/default.jpg",,1,1
367,367,"https://iiif.micr.io/NTgXp/full/^300,/0/default.jpg",,1,1
368,368,"https://iiif.micr.io/BJQHV/full/^300,/0/default.jpg",,1,1
369,369,"https://iiif.micr.io/ifBDh/full/^300,/0/default.jpg",,1,1
370,370,"https://iiif.micr.io/mFsfP/full/^300,/0/default.jpg",,1,1
371,371,"https://iiif.micr.io/oogQT/full/^300,/0/default.jpg",,1,1
372,372,"https://iiif.micr.io/RbGag/full/^300,/0/default.jpg",,1,1
373,373,"https://iiif.micr.io/Phjaq/full/^300,/0/default.jpg",,1,1
374,374,"https://iiif.micr.io/TjzWj/full/^300,/0/default.jpg",,1,1
375,375,"https://iiif.micr.io/QcUOo/full/^300,/0/default.jpg",,1,1
376,376,"https://iiif.micr.io/qXpwf/full/^300,/0/default.jpg",,1,1
377,377,"https://iiif.micr.io/MryAl/full/^300,/0/default.jpg",,1,1
378,378,"https://iiif.micr.io/snZyR/full/^300,/0/default.jpg",,1,1
379,379,"https://iiif.micr.io/IdfQV/full/^300,/0/default.jpg",,1,1
380,380,"https://iiif.micr.io/AgqPf/full/^300,/0/default.jpg",,1,1
381,381,"https://iiif.micr.io/SDkOA/full/^300,/0/default.jpg",,1,1
382,382,"https://iiif.micr.io/WhxHb/full/^300,/0/default.jpg",,1,1
383,383,"https://iiif.micr.io/kvqMw/full/^300,/0/default.jpg",,1,1
384,384,"https://iiif.micr.io/whpAS/full/^300,/0/default.jpg",,1,1
385,385,"https://iiif.micr.io/qYOEo/full/^300,/0/default.jpg",,1,1
386,386,"https://iiif.micr.io/hihrK/full/^300,/0/default.jpg",,1,1
387,387,"https://iiif.micr.io/kZiaJ/full/^300,/0/default.jpg",,1,1
388,388,"https://iiif.micr.io/oGDJX/full/^300,/0/default.jpg",,1,1
389,389,"https://iiif.micr.io/FykMq/full/^300,/0/default.jpg",,1,1
390,390,"https://iiif.micr.io/wYIMb/full/^300,/0/default.jpg",,1,1
391,391,"https://iiif.micr.io/FWYUd/full/^300,/0/default.jpg",,1,1
392,392,"https://iiif.micr.io/MQbph/full/^300,/0/default.jpg",,1,1
393,393,"https://iiif.micr.io/fLmPp/full/^300,/0/default.jpg",,1,1
394,394,"https://iiif.micr.io/BqmIa/full/^300,/0/default.jpg",,1,1
395,395,"https://iiif.micr.io/hOrds/full/^300,/0/default.jpg",,1,1
396,396,"https://iiif.micr.io/EAGMZ/full/^300,/0/default.jpg",,1,1
397,397,"https://iiif.micr.io/LJWWB/full/^300,/0/default.jpg",,1,1
398,398,"https://iiif.micr.io/efYdH/full/^300,/0/default.jpg",,1,1
399,399,"https://iiif.micr.io/RhzGH/full/^300,/0/default.jpg",,1,1
400,400,"https://iiif.micr.io/lfDvd/full/^300,/0/default.jpg",,1,1
401,401,"https://iiif.micr.io/YSoLu/full/^300,/0/default.jpg",,1,1
402,402,"https://iiif.micr.io/fKJww/full/^300,/0/default.jpg",,1,1
403,403,"https://iiif.micr.io/AIOzW/full/^300,/0/default.jpg",,1,1
404,404,"https://iiif.micr.io/VigbT/full/^300,/0/default.jpg",,1,1
405,405,"https://iiif.micr.io/eewMD/full/^300,/0/default.jpg",,1,1
406,406,"https://iiif.micr.io/PeTWd/full/^300,/0/default.jpg",,1,1
407,407,"https://iiif.micr.io/NgCov/full/^300,/0/default.jpg",,1,1
408,408,"https://iiif.micr.io/MNhzn/full/^300,/0/default.jpg",,1,1
409,409,"https://iiif.micr.io/SIuLR/full/^300,/0/default.jpg",,1,1
410,410,"https://iiif.micr.io/XxUII/full/^300,/0/default.jpg",,1,1
411,411,"https://iiif.micr.io/SRAdg/full/^300,/0/default.jpg",,1,1
412,412,"https://iiif.micr.io/FzBWN/full/^300,/0/default.jpg",,1,1
413,413,"https://iiif.micr.io/Powfn/full/^300,/0/default.jpg",,1,1
414,414,"https://iiif.micr.io/rdlul/full/^300,/0/default.jpg",,1,1
415,415,"https://iiif.micr.io/EikgH/full/^300,/0/default.jpg",,1,1
416,416,"https://iiif.micr.io/HkFby/full/^300,/0/default.jpg",,1,1
417,417,"https://iiif.micr.io/zIQbB/full/^300,/0/default.jpg",,1,1
418,418,"https://iiif.micr.io/frOmz/full/^300,/0/default.jpg",,1,1
419,419,"https://iiif.micr.io/XortQ/full/^300,/0/default.jpg",,1,1
420,420,"https://iiif.micr.io/FTMon/full/^300,/0/default.jpg",,1,1
421,421,"https://iiif.micr.io/nGlBn/full/^300,/0/default.jpg",,1,1
422,422,"https://iiif.micr.io/yErCQ/full/^300,/0/default.jpg",,1,1
423,423,"https://iiif.micr.io/qIpeD/full/^300,/0/default.jpg",,1,1
424,424,"https://iiif.micr.io/grJZj/full/^300,/0/default.jpg",,1,1
425,425,"https://iiif.micr.io/tubeN/full/^300,/0/default.jpg",,1,1
426,426,"https://iiif.micr.io/sWtsn/full/^300,/0/default.jpg",,1,1
427,427,"https://iiif.micr.io/EuvOi/full/^300,/0/default.jpg",,1,1
428,428,"https://iiif.micr.io/CcHpf/full/^300,/0/default.jpg",,1,1
429,429,"https://iiif.micr.io/YepRg/full/^300,/0/default.jpg",,1,1
430,430,"https://iiif.micr.io/eqUMu/full/^300,/0/default.jpg",,1,1
431,431,"https://iiif.micr.io/lRoQl/full/^300,/0/default.jpg",,1,1
432,432,"https://iiif.micr.io/fkybg/full/^300,/0/default.jpg",,1,1
433,433,"https://iiif.micr.io/ozbwx/full/^300,/0/default.jpg",,1,1
434,434,"https://iiif.micr.io/nGVzl/full/^300,/0/default.jpg",,1,1
435,435,"https://iiif.micr.io/IMqLS/full/^300,/0/default.jpg",,1,1
436,436,"https://iiif.micr.io/wYWdV/full/^300,/0/default.jpg",,1,1
437,437,"https://iiif.micr.io/jpZOV/full/^300,/0/default.jpg",,1,1
438,438,"https://iiif.micr.io/lAobt/full/^300,/0/default.jpg",,1,1
439,439,"https://iiif.micr.io/jWjwj/full/^300,/0/default.jpg",,1,1
440,440,"https://iiif.micr.io/OrSHp/full/^300,/0/default.jpg",,1,1
441,441,"https://iiif.micr.io/wHrzW/full/^300,/0/default.jpg",,1,1
442,442,"https://iiif.micr.io/iBdyR/full/^300,/0/default.jpg",,1,1
443,443,"https://iiif.micr.io/XuTmk/full/^300,/0/default.jpg",,1,1
444,444,"https://iiif.micr.io/rlprZ/full/^300,/0/default.jpg",,1,1
445,445,"https://iiif.micr.io/dXjFo/full/^300,/0/default.jpg",,1,1
446,446,"https://iiif.micr.io/vlIwL/full/^300,/0/default.jpg",,1,1
447,447,"https://iiif.micr.io/NcqpQ/full/^300,/0/default.jpg",,1,1
448,448,"https://iiif.micr.io/tzGEe/full/^300,/0/default.jpg",,1,1
449,449,"https://iiif.micr.io/FdNcK/full/^300,/0/default.jpg",,1,1
450,450,"https://iiif.micr.io/WKtye/full/^300,/0/default.jpg",,1,1
451,451,"https://iiif.micr.io/DKQXS/full/^300,/0/default.jpg",,1,1
452,452,"https://iiif.micr.io/uGgGz/full/^300,/0/default.jpg",,1,1
453,453,"https://iiif.micr.io/GwkxA/full/^300,/0/default.jpg",,1,1
454,454,"https://iiif.micr.io/VWjlh/full/^300,/0/default.jpg",,1,1
455,455,"https://iiif.micr.io/tDQtp/full/^300,/0/default.jpg",,1,1
456,456,"https://iiif.micr.io/eIXnP/full/^300,/0/default.jpg",,1,1
457,457,"https://iiif.micr.io/hrEEf/full/^300,/0/default.jpg",,1,1
458,458,"https://iiif.micr.io/HASiH/full/^300,/0/default.jpg",,1,1
459,459,"https://iiif.micr.io/zScSg/full/^300,/0/default.jpg",,1,1
460,460,"https://iiif.micr.io/gsanO/full/^300,/0/default.jpg",,1,1
461,461,"https://iiif.micr.io/bwYoc/full/^300,/0/default.jpg",,1,1
462,462,"https://iiif.micr.io/QWbkQ/full/^300,/0/default.jpg",,1,1
463,463,"https://iiif.micr.io/dfola/full/^300,/0/default.jpg",,1,1
464,464,"https://iiif.micr.io/lgRTx/full/^300,/0/default.jpg",,1,1
465,465,"https://iiif.micr.io/TAQis/full/^300,/0/default.jpg",,1,1
466,466,"https://iiif.micr.io/Uxewv/full/^300,/0/default.jpg",,1,1
467,467,"https://iiif.micr.io/CygFh/full/^300,/0/default.jpg",,1,1
468,468,"https://iiif.micr.io/FUxZk/full/^300,/0/default.jpg",,1,1
469,469,"https://iiif.micr.io/VSLys/full/^300,/0/default.jpg",,1,1
470,470,"https://iiif.micr.io/XrCNC/full/^300,/0/default.jpg",,1,1
471,471,"https://iiif.micr.io/cHQng/full/^300,/0/default.jpg",,1,1
472,472,"https://iiif.micr.io/EwDEE/full/^300,/0/default.jpg",,1,1
473,473,"https://iiif.micr.io/gKvCu/full/^300,/0/default.jpg",,1,1
474,474,"https://iiif.micr.io/pcpPc/full/^300,/0/default.jpg",,1,1
475,475,"https://iiif.micr.io/tfgEo/full/^300,/0/default.jpg",,1,1
476,476,"https://iiif.micr.io/yiQtK/full/^300,/0/default.jpg",,1,1
477,477,"https://iiif.micr.io/SGLmU/full/^300,/0/default.jpg",,1,1
478,478,"https://iiif.micr.io/pKGIr/full/^300,/0/default.jpg",,1,1
479,479,"https://iiif.micr.io/GsYDy/full/^300,/0/default.jpg",,1,1
480,480,"https://iiif.micr.io/oFXKl/full/^300,/0/default.jpg",,1,1
481,481,"https://iiif.micr.io/Dnhoi/full/^300,/0/default.jpg",,1,1
482,482,"https://iiif.micr.io/CkTYD/full/^300,/0/default.jpg",,1,1
483,483,"https://iiif.micr.io/jOdHP/full/^300,/0/default.jpg",,1,1
484,484,"https://iiif.micr.io/geykD/full/^300,/0/default.jpg",,1,1
485,485,"https://iiif.micr.io/AFBMF/full/^300,/0/default.jpg",,1,1
486,486,"https://iiif.micr.io/sHptV/full/^300,/0/default.jpg",,1,1
487,487,"https://iiif.micr.io/jDzbF/full/^300,/0/default.jpg",,1,1
488,488,"https://iiif.micr.io/dEdRs/full/^300,/0/default.jpg",,1,1
489,489,"https://iiif.micr.io/YIOrT/full/^300,/0/default.jpg",,1,1
490,490,"https://iiif.micr.io/ukEyM/full/^300,/0/default.jpg",,1,1
491,491,"https://iiif.micr.io/nOjII/full/^300,/0/default.jpg",,1,1
492,492,"https://iiif.micr.io/aXBDn/full/^300,/0/default.jpg",,1,1
493,493,"https://iiif.micr.io/nsBog/full/^300,/0/default.jpg",,1,1
494,494,"https://iiif.micr.io/KTZiy/full/^300,/0/default.jpg",,1,1
495,495,"https://iiif.micr.io/urVAd/full/^300,/0/default.jpg",,1,1
496,496,"https://iiif.micr.io/HGKay/full/^300,/0/default.jpg",,1,1
497,497,"https://iiif.micr.io/lGuTc/full/^300,/0/default.jpg",,1,1
498,498,"https://iiif.micr.io/WZRdz/full/^300,/0/default.jpg",,1,1
499,499,"https://iiif.micr.io/kxnrQ/full/^300,/0/default.jpg",,1,1
500,500,"https://iiif.micr.io/tVQTu/full/^300,/0/default.jpg",,1,1
501,501,"https://iiif.micr.io/sIWqu/full/^300,/0/default.jpg",,1,1
502,502,"https://iiif.micr.io/pJCcu/full/^300,/0/default.jpg",,1,1
503,503,"https://iiif.micr.io/twDWa/full/^300,/0/default.jpg",,1,1
504,504,"https://iiif.micr.io/pdFkq/full/^300,/0/default.jpg",,1,1
505,505,"https://iiif.micr.io/mSOtB/full/^300,/0/default.jpg",,1,1
506,506,"https://iiif.micr.io/DEUqL/full/^300,/0/default.jpg",,1,1
507,507,"https://iiif.micr.io/xqyYg/full/^300,/0/default.jpg",,1,1
508,508,"https://iiif.micr.io/NsEDP/full/^300,/0/default.jpg",,1,1
509,509,"https://iiif.micr.io/aACHR/full/^300,/0/default.jpg",,1,1
510,510,"https://iiif.micr.io/EjzWa/full/^300,/0/default.jpg",,1,1
511,511,"https://iiif.micr.io/zKCQy/full/^300,/0/default.jpg",,1,1
512,512,"https://iiif.micr.io/AOzqY/full/^300,/0/default.jpg",,1,1
513,513,"https://iiif.micr.io/Vafcs/full/^300,/0/default.jpg",,1,1
514,514,"https://iiif.micr.io/HRoZJ/full/^300,/0/default.jpg",,1,1
515,515,"https://iiif.micr.io/rPVtB/full/^300,/0/default.jpg",,1,1
516,516,"https://iiif.micr.io/fpiBi/full/^300,/0/default.jpg",,1,1
517,517,"https://iiif.micr.io/CqDqP/full/^300,/0/default.jpg",,1,1
518,518,"https://iiif.micr.io/uBpTD/full/^300,/0/default.jpg",,1,1
519,519,"https://iiif.micr.io/JNGXR/full/^300,/0/default.jpg",,1,1
520,520,"https://iiif.micr.io/huboM/full/^300,/0/default.jpg",,1,1
521,521,"https://iiif.micr.io/KMBiY/full/^300,/0/default.jpg",,1,1
522,522,"https://iiif.micr.io/dCdOZ/full/^300,/0/default.jpg",,1,1
523,523,"https://iiif.micr.io/lLaME/full/^300,/0/default.jpg",,1,1
524,524,"https://iiif.micr.io/CJXsr/full/^300,/0/default.jpg",,1,1
525,525,"https://iiif.micr.io/WAAAQ/full/^300,/0/default.jpg",,1,1
526,526,"https://iiif.micr.io/ZefHL/full/^300,/0/default.jpg",,1,1
527,527,"https://iiif.micr.io/YzWpi/full/^300,/0/default.jpg",,1,1
528,528,"https://iiif.micr.io/PMvky/full/^300,/0/default.jpg",,1,1
529,529,"https://iiif.micr.io/fMgpU/full/^300,/0/default.jpg",,1,1
530,530,"https://iiif.micr.io/BFLPY/full/^300,/0/default.jpg",,1,1
531,531,"https://iiif.micr.io/cwQem/full/^300,/0/default.jpg",,1,1
532,532,"https://iiif.micr.io/GmILt/full/^300,/0/default.jpg",,1,1
533,533,"https://iiif.micr.io/qqUNR/full/^300,/0/default.jpg",,1,1
534,534,"https://iiif.micr.io/gIXtS/full/^300,/0/default.jpg",,1,1
535,535,"https://iiif.micr.io/whanO/full/^300,/0/default.jpg",,1,1
536,536,"https://iiif.micr.io/JNVyQ/full/^300,/0/default.jpg",,1,1
537,537,"https://iiif.micr.io/kWtEa/full/^300,/0/default.jpg",,1,1
538,538,"https://iiif.micr.io/IRwep/full/^300,/0/default.jpg",,1,1
539,539,"https://iiif.micr.io/AQHZW/full/^300,/0/default.jpg",,1,1
540,540,"https://iiif.micr.io/uCiaf/full/^300,/0/default.jpg",,1,1
541,541,"https://iiif.micr.io/oYJHE/full/^300,/0/default.jpg",,1,1
542,542,"https://iiif.micr.io/SrUWp/full/^300,/0/default.jpg",,1,1
543,543,"https://iiif.micr.io/WPeCT/full/^300,/0/default.jpg",,1,1
544,544,"https://iiif.micr.io/oKSOF/full/^300,/0/default.jpg",,1,1
545,545,"https://iiif.micr.io/DAOXR/full/^300,/0/default.jpg",,1,1
546,546,"https://iiif.micr.io/bhqUI/full/^300,/0/default.jpg",,1,1
547,547,"https://iiif.micr.io/vEbTs/full/^300,/0/default.jpg",,1,1
548,548,"https://iiif.micr.io/QEApQ/full/^300,/0/default.jpg",,1,1
549,549,"https://iiif.micr.io/HgXkk/full/^300,/0/default.jpg",,1,1
550,550,"https://iiif.micr.io/rUPvK/full/^300,/0/default.jpg",,1,1
551,551,"https://iiif.micr.io/YWvax/full/^300,/0/default.jpg",,1,1
552,552,"https://iiif.micr.io/LyOdO/full/^300,/0/default.jpg",,1,1
553,553,"https://iiif.micr.io/hInGe/full/^300,/0/default.jpg",,1,1
554,554,"https://iiif.micr.io/aNPQR/full/^300,/0/default.jpg",,1,1
555,555,"https://iiif.micr.io/viwve/full/^300,/0/default.jpg",,1,1
556,556,"https://iiif.micr.io/WsbJv/full/^300,/0/default.jpg",,1,1
557,557,"https://iiif.micr.io/cyVhr/full/^300,/0/default.jpg",,1,1
558,558,"https://iiif.micr.io/NuJmX/full/^300,/0/default.jpg",,1,1
559,559,"https://iiif.micr.io/XjBhZ/full/^300,/0/default.jpg",,1,1
560,560,"https://iiif.micr.io/XRbqa/full/^300,/0/default.jpg",,1,1
561,561,"https://iiif.micr.io/AyQse/full/^300,/0/default.jpg",,1,1
562,562,"https://iiif.micr.io/reXMe/full/^300,/0/default.jpg",,1,1
563,563,"https://iiif.micr.io/XiyBT/full/^300,/0/default.jpg",,1,1
564,564,"https://iiif.micr.io/RuvpW/full/^300,/0/default.jpg",,1,1
565,565,"https://iiif.micr.io/fGrjg/full/^300,/0/default.jpg",,1,1
566,566,"https://iiif.micr.io/sHFlm/full/^300,/0/default.jpg",,1,1
567,567,"https://iiif.micr.io/wFYDI/full/^300,/0/default.jpg",,1,1
568,568,"https://iiif.micr.io/jkRqI/full/^300,/0/default.jpg",,1,1
569,569,"https://iiif.micr.io/BzIQR/full/^300,/0/default.jpg",,1,1
570,570,"https://iiif.micr.io/UlcnU/full/^300,/0/default.jpg",,1,1
571,571,"https://iiif.micr.io/SJNGG/full/^300,/0/default.jpg",,1,1
572,572,"https://iiif.micr.io/ieIez/full/^300,/0/default.jpg",,1,1
573,573,"https://iiif.micr.io/gOuGa/full/^300,/0/default.jpg",,1,1
574,574,"https://iiif.micr.io/DIPxI/full/^300,/0/default.jpg",,1,1
575,575,"https://iiif.micr.io/uSKIO/full/^300,/0/default.jpg",,1,1
576,576,"https://iiif.micr.io/lpeQq/full/^300,/0/default.jpg",,1,1
577,577,"https://iiif.micr.io/oxaYT/full/^300,/0/default.jpg",,1,1
578,578,"https://iiif.micr.io/bYXvE/full/^300,/0/default.jpg",,1,1
579,579,"https://iiif.micr.io/hfMwH/full/^300,/0/default.jpg",,1,1
580,580,"https://iiif.micr.io/vnDXG/full/^300,/0/default.jpg",,1,1
581,581,"https://iiif.micr.io/GytWj/full/^300,/0/default.jpg",,1,1
582,582,"https://iiif.micr.io/zbqzb/full/^300,/0/default.jpg",,1,1
583,583,"https://iiif.micr.io/ychtr/full/^300,/0/default.jpg",,1,1
584,584,"https://iiif.micr.io/oSaFs/full/^300,/0/default.jpg",,1,1
585,585,"https://iiif.micr.io/NyPpY/full/^300,/0/default.jpg",,1,1
586,586,"https://iiif.micr.io/fNcfO/full/^300,/0/default.jpg",,1,1
587,587,"https://iiif.micr.io/kJgck/full/^300,/0/default.jpg",,1,1
588,588,"https://iiif.micr.io/lUbVl/full/^300,/0/default.jpg",,1,1
589,589,"https://iiif.micr.io/DdXqZ/full/^300,/0/default.jpg",,1,1
590,590,"https://iiif.micr.io/vmYyW/full/^300,/0/default.jpg",,1,1
591,591,"https://iiif.micr.io/oQiiE/full/^300,/0/default.jpg",,1,1
592,592,"https://iiif.micr.io/LFigl/full/^300,/0/default.jpg",,1,1
593,593,"https://iiif.micr.io/RNJYK/full/^300,/0/default.jpg",,1,1
594,594,"https://iiif.micr.io/iAIfH/full/^300,/0/default.jpg",,1,1
595,595,"https://iiif.micr.io/GQMCK/full/^300,/0/default.jpg",,1,1
596,596,"https://iiif.micr.io/AFgZp/full/^300,/0/default.jpg",,1,1
597,597,"https://iiif.micr.io/lIThH/full/^300,/0/default.jpg",,1,1
598,598,"https://iiif.micr.io/gcVGn/full/^300,/0/default.jpg",,1,1
599,599,"https://iiif.micr.io/vMeZQ/full/^300,/0/default.jpg",,1,1
600,600,"https://iiif.micr.io/gefBg/full/^300,/0/default.jpg",,1,1
601,601,"https://iiif.micr.io/ufOSu/full/^300,/0/default.jpg",,1,1
602,602,"https://iiif.micr.io/MjsPz/full/^300,/0/default.jpg",,1,1
603,603,"https://iiif.micr.io/sfShb/full/^300,/0/default.jpg",,1,1
604,604,"https://iiif.micr.io/SgvGZ/full/^300,/0/default.jpg",,1,1
605,605,"https://iiif.micr.io/nhGDh/full/^300,/0/default.jpg",,1,1
606,606,"https://iiif.micr.io/PcixA/full/^300,/0/default.jpg",,1,1
607,607,"https://iiif.micr.io/AlVkY/full/^300,/0/default.jpg",,1,1
608,608,"https://iiif.micr.io/JyMpR/full/^300,/0/default.jpg",,1,1
609,609,"https://iiif.micr.io/HzXDd/full/^300,/0/default.jpg",,1,1
610,610,"https://iiif.micr.io/RaUml/full/^300,/0/default.jpg",,1,1
611,611,"https://iiif.micr.io/RseqJ/full/^300,/0/default.jpg",,1,1
612,612,"https://iiif.micr.io/AmXrM/full/^300,/0/default.jpg",,1,1
613,613,"https://iiif.micr.io/dVCVX/full/^300,/0/default.jpg",,1,1
614,614,"https://iiif.micr.io/BOPyB/full/^300,/0/default.jpg",,1,1
615,615,"https://iiif.micr.io/qklaC/full/^300,/0/default.jpg",,1,1
616,616,"https://iiif.micr.io/YyNeE/full/^300,/0/default.jpg",,1,1
617,617,"https://iiif.micr.io/FLVHi/full/^300,/0/default.jpg",,1,1
618,618,"https://iiif.micr.io/skChK/full/^300,/0/default.jpg",,1,1
619,619,"https://iiif.micr.io/cpnZt/full/^300,/0/default.jpg",,1,1
620,620,"https://iiif.micr.io/qdiYf/full/^300,/0/default.jpg",,1,1
621,621,"https://iiif.micr.io/MZudv/full/^300,/0/default.jpg",,1,1
622,622,"https://iiif.micr.io/oiNeD/full/^300,/0/default.jpg",,1,1
623,623,"https://iiif.micr.io/KmcAc/full/^300,/0/default.jpg",,1,1
624,624,"https://iiif.micr.io/FQtKJ/full/^300,/0/default.jpg",,1,1
625,625,"https://iiif.micr.io/eUfWS/full/^300,/0/default.jpg",,1,1
626,626,"https://iiif.micr.io/wQgbX/full/^300,/0/default.jpg",,1,1
627,627,"https://iiif.micr.io/yWWMZ/full/^300,/0/default.jpg",,1,1
628,628,"https://iiif.micr.io/RvquA/full/^300,/0/default.jpg",,1,1
629,629,"https://iiif.micr.io/LTSan/full/^300,/0/default.jpg",,1,1
630,630,"https://iiif.micr.io/obRtj/full/^300,/0/default.jpg",,1,1
631,631,"https://iiif.micr.io/gjBhb/full/^300,/0/default.jpg",,1,1
632,632,"https://iiif.micr.io/vjRtu/full/^300,/0/default.jpg",,1,1
633,633,"https://iiif.micr.io/OzFht/full/^300,/0/default.jpg",,1,1
634,634,"https://iiif.micr.io/Fyanb/full/^300,/0/default.jpg",,1,1
635,635,"https://iiif.micr.io/YfTmj/full/^300,/0/default.jpg",,1,1
636,636,"https://iiif.micr.io/naasT/full/^300,/0/default.jpg",,1,1
637,637,"https://iiif.micr.io/gJeIM/full/^300,/0/default.jpg",,1,1
638,638,"https://iiif.micr.io/NuEMj/full/^300,/0/default.jpg",,1,1
639,639,"https://iiif.micr.io/hqlve/full/^300,/0/default.jpg",,1,1
640,640,"https://iiif.micr.io/lBFMc/full/^300,/0/default.jpg",,1,1
641,641,"https://iiif.micr.io/WEUfn/full/^300,/0/default.jpg",,1,1
642,642,"https://iiif.micr.io/LSPsC/full/^300,/0/default.jpg",,1,1
643,643,"https://iiif.micr.io/PEqnD/full/^300,/0/default.jpg",,1,1
644,644,"https://iiif.micr.io/bNjuD/full/^300,/0/default.jpg",,1,1
645,645,"https://iiif.micr.io/pGLBR/full/^300,/0/default.jpg",,1,1
646,646,"https://iiif.micr.io/yYkvn/full/^300,/0/default.jpg",,1,1
647,647,"https://iiif.micr.io/fAbHT/full/^300,/0/default.jpg",,1,1
648,648,"https://iiif.micr.io/UvIwc/full/^300,/0/default.jpg",,1,1
649,649,"https://iiif.micr.io/MSCLV/full/^300,/0/default.jpg",,1,1
650,650,"https://iiif.micr.io/jGOSd/full/^300,/0/default.jpg",,1,1
651,651,"https://iiif.micr.io/NcCZM/full/^300,/0/default.jpg",,1,1
652,652,"https://iiif.micr.io/oWOxp/full/^300,/0/default.jpg",,1,1
653,653,"https://iiif.micr.io/BYjVd/full/^300,/0/default.jpg",,1,1
654,654,"https://iiif.micr.io/NhZAA/full/^300,/0/default.jpg",,1,1
655,655,"https://iiif.micr.io/UIsca/full/^300,/0/default.jpg",,1,1
656,656,"https://iiif.micr.io/UavAi/full/^300,/0/default.jpg",,1,1
657,657,"https://iiif.micr.io/elxxG/full/^300,/0/default.jpg",,1,1
658,658,"https://iiif.micr.io/svYdt/full/^300,/0/default.jpg",,1,1
659,659,"https://iiif.micr.io/KEYBu/full/^300,/0/default.jpg",,1,1
660,660,"https://iiif.micr.io/etAWq/full/^300,/0/default.jpg",,1,1
661,661,"https://iiif.micr.io/glBeO/full/^300,/0/default.jpg",,1,1
662,662,"https://iiif.micr.io/BTPlf/full/^300,/0/default.jpg",,1,1
663,663,"https://iiif.micr.io/crEeh/full/^300,/0/default.jpg",,1,1
664,664,"https://iiif.micr.io/IUnjm/full/^300,/0/default.jpg",,1,1
665,665,"https://iiif.micr.io/YNmxh/full/^300,/0/default.jpg",,1,1
666,666,"https://iiif.micr.io/hmNtg/full/^300,/0/default.jpg",,1,1
667,667,"https://iiif.micr.io/ZeuGP/full/^300,/0/default.jpg",,1,1
668,668,"https://iiif.micr.io/nNDGS/full/^300,/0/default.jpg",,1,1
669,669,"https://iiif.micr.io/DUGlb/full/^300,/0/default.jpg",,1,1
670,670,"https://iiif.micr.io/KTRax/full/^300,/0/default.jpg",,1,1
671,671,"https://iiif.micr.io/qVTKB/full/^300,/0/default.jpg",,1,1
672,672,"https://iiif.micr.io/oiuTs/full/^300,/0/default.jpg",,1,1
673,673,"https://iiif.micr.io/MLFWA/full/^300,/0/default.jpg",,1,1
674,674,"https://iiif.micr.io/SssEA/full/^300,/0/default.jpg",,1,1
675,675,"https://iiif.micr.io/JPNjv/full/^300,/0/default.jpg",,1,1
676,676,"https://iiif.micr.io/DKtQB/full/^300,/0/default.jpg",,1,1
677,677,"https://iiif.micr.io/DjQtG/full/^300,/0/default.jpg",,1,1
678,678,"https://iiif.micr.io/pwOxV/full/^300,/0/default.jpg",,1,1
679,679,"https://iiif.micr.io/kMGPf/full/^300,/0/default.jpg",,1,1
680,680,"https://iiif.micr.io/wHeMA/full/^300,/0/default.jpg",,1,1
681,681,"https://iiif.micr.io/LwnXR/full/^300,/0/default.jpg",,1,1
682,682,"https://iiif.micr.io/ukHYE/full/^300,/0/default.jpg",,1,1
683,683,"https://iiif.micr.io/YqBcO/full/^300,/0/default.jpg",,1,1
684,684,"https://iiif.micr.io/VTWHb/full/^300,/0/default.jpg",,1,1
685,685,"https://iiif.micr.io/lqKdQ/full/^300,/0/default.jpg",,1,1
686,686,"https://iiif.micr.io/UsaRm/full/^300,/0/default.jpg",,1,1
687,687,"https://iiif.micr.io/EmQzS/full/^300,/0/default.jpg",,1,1
688,688,"https://iiif.micr.io/cSrnW/full/^300,/0/default.jpg",,1,1
689,689,"https://iiif.micr.io/soEeX/full/^300,/0/default.jpg",,1,1
690,690,"https://iiif.micr.io/TgEWC/full/^300,/0/default.jpg",,1,1
691,691,"https://iiif.micr.io/UgCBZ/full/^300,/0/default.jpg",,1,1
692,692,"https://iiif.micr.io/tpJVJ/full/^300,/0/default.jpg",,1,1
693,693,"https://iiif.micr.io/tBIGV/full/^300,/0/default.jpg",,1,1
694,694,"https://iiif.micr.io/FVXQe/full/^300,/0/default.jpg",,1,1
695,695,"https://iiif.micr.io/SVtsn/full/^300,/0/default.jpg",,1,1
696,696,"https://iiif.micr.io/gRPbd/full/^300,/0/default.jpg",,1,1
697,697,"https://iiif.micr.io/blSAj/full/^300,/0/default.jpg",,1,1
698,698,"https://iiif.micr.io/UAsPI/full/^300,/0/default.jpg",,1,1
699,699,"https://iiif.micr.io/FedVm/full/^300,/0/default.jpg",,1,1
700,700,"https://iiif.micr.io/KMmKF/full/^300,/0/default.jpg",,1,1
701,701,"https://iiif.micr.io/xYzOT/full/^300,/0/default.jpg",,1,1
702,702,"https://iiif.micr.io/sfBkZ/full/^300,/0/default.jpg",,1,1
703,703,"https://iiif.micr.io/fcXuH/full/^300,/0/default.jpg",,1,1
704,704,"https://iiif.micr.io/PLGkm/full/^300,/0/default.jpg",,1,1
705,705,"https://iiif.micr.io/wCpqK/full/^300,/0/default.jpg",,1,1
706,706,"https://iiif.micr.io/ehpDp/full/^300,/0/default.jpg",,1,1
707,707,"https://iiif.micr.io/zTikQ/full/^300,/0/default.jpg",,1,1
708,708,"https://iiif.micr.io/YLJGW/full/^300,/0/default.jpg",,1,1
709,709,"https://iiif.micr.io/NrgFG/full/^300,/0/default.jpg",,1,1
710,710,"https://iiif.micr.io/xCxbE/full/^300,/0/default.jpg",,1,1
711,711,"https://iiif.micr.io/jqFiu/full/^300,/0/default.jpg",,1,1
712,712,"https://iiif.micr.io/vYnjF/full/^300,/0/default.jpg",,1,1
713,713,"https://iiif.micr.io/bySnT/full/^300,/0/default.jpg",,1,1
714,714,"https://iiif.micr.io/RepPa/full/^300,/0/default.jpg",,1,1
715,715,"https://iiif.micr.io/qJeSe/full/^300,/0/default.jpg",,1,1
716,716,"https://iiif.micr.io/TWIBc/full/^300,/0/default.jpg",,1,1
717,717,"https://iiif.micr.io/mKViv/full/^300,/0/default.jpg",,1,1
718,718,"https://iiif.micr.io/wVPuw/full/^300,/0/default.jpg",,1,1
719,719,"https://iiif.micr.io/HVNOT/full/^300,/0/default.jpg",,1,1
720,720,"https://iiif.micr.io/cGDoS/full/^300,/0/default.jpg",,1,1
721,721,"https://iiif.micr.io/jHyta/full/^300,/0/default.jpg",,1,1
722,722,"https://iiif.micr.io/lmoXL/full/^300,/0/default.jpg",,1,1
723,723,"https://iiif.micr.io/mPPni/full/^300,/0/default.jpg",,1,1
724,724,"https://iiif.micr.io/saIAD/full/^300,/0/default.jpg",,1,1
725,725,"https://iiif.micr.io/lsqwb/full/^300,/0/default.jpg",,1,1
726,726,"https://iiif.micr.io/Iwspn/full/^300,/0/default.jpg",,1,1
727,727,"https://iiif.micr.io/EmsOA/full/^300,/0/default.jpg",,1,1
728,728,"https://iiif.micr.io/TnEcp/full/^300,/0/default.jpg",,1,1
729,729,"https://iiif.micr.io/tJYQg/full/^300,/0/default.jpg",,1,1
730,730,"https://iiif.micr.io/AVfBs/full/^300,/0/default.jpg",,1,1
731,731,"https://iiif.micr.io/kWnlI/full/^300,/0/default.jpg",,1,1
732,732,"https://iiif.micr.io/SBWTZ/full/^300,/0/default.jpg",,1,1
733,733,"https://iiif.micr.io/oGjaN/full/^300,/0/default.jpg",,1,1
734,734,"https://iiif.micr.io/MHALC/full/^300,/0/default.jpg",,1,1
735,735,"https://iiif.micr.io/LmGUv/full/^300,/0/default.jpg",,1,1
736,736,"https://iiif.micr.io/riNwX/full/^300,/0/default.jpg",,1,1
737,737,"https://iiif.micr.io/QsfEi/full/^300,/0/default.jpg",,1,1
738,738,"https://iiif.micr.io/eiMyX/full/^300,/0/default.jpg",,1,1
739,739,"https://iiif.micr.io/MpCVU/full/^300,/0/default.jpg",,1,1
740,740,"https://iiif.micr.io/WFyIU/full/^300,/0/default.jpg",,1,1
741,741,"https://iiif.micr.io/aCvyi/full/^300,/0/default.jpg",,1,1
742,742,"https://iiif.micr.io/yENCb/full/^300,/0/default.jpg",,1,1
743,743,"https://iiif.micr.io/ZzizU/full/^300,/0/default.jpg",,1,1
744,744,"https://iiif.micr.io/UAoRw/full/^300,/0/default.jpg",,1,1
745,745,"https://iiif.micr.io/lJlBD/full/^300,/0/default.jpg",,1,1
746,746,"https://iiif.micr.io/iQwMj/full/^300,/0/default.jpg",,1,1
747,747,"https://iiif.micr.io/KmZIo/full/^300,/0/default.jpg",,1,1
748,748,"https://iiif.micr.io/SiahH/full/^300,/0/default.jpg",,1,1
749,749,"https://iiif.micr.io/Pwxtj/full/^300,/0/default.jpg",,1,1
750,750,"https://iiif.micr.io/HHaTG/full/^300,/0/default.jpg",,1,1
751,751,"https://iiif.micr.io/fznnl/full/^300,/0/default.jpg",,1,1
752,752,"https://iiif.micr.io/ZGMRY/full/^300,/0/default.jpg",,1,1
753,753,"https://iiif.micr.io/vwEYC/full/^300,/0/default.jpg",,1,1
754,754,"https://iiif.micr.io/lXDut/full/^300,/0/default.jpg",,1,1
755,755,"https://iiif.micr.io/BwaJR/full/^300,/0/default.jpg",,1,1
756,756,"https://iiif.micr.io/sRXtF/full/^300,/0/default.jpg",,1,1
757,757,"https://iiif.micr.io/MCffx/full/^300,/0/default.jpg",,1,1
758,758,"https://iiif.micr.io/jgYKP/full/^300,/0/default.jpg",,1,1
759,759,"https://iiif.micr.io/uHYsH/full/^300,/0/default.jpg",,1,1
760,760,"https://iiif.micr.io/fmUZh/full/^300,/0/default.jpg",,1,1
761,761,"https://iiif.micr.io/VgZVn/full/^300,/0/default.jpg",,1,1
762,762,"https://iiif.micr.io/ibyPc/full/^300,/0/default.jpg",,1,1
763,763,"https://iiif.micr.io/iTTvQ/full/^300,/0/default.jpg",,1,1
764,764,"https://iiif.micr.io/FXyBU/full/^300,/0/default.jpg",,1,1
765,765,"https://iiif.micr.io/pfysh/full/^300,/0/default.jpg",,1,1
766,766,"https://iiif.micr.io/XoThI/full/^300,/0/default.jpg",,1,1
767,767,"https://iiif.micr.io/XTEsI/full/^300,/0/default.jpg",,1,1
768,768,"https://iiif.micr.io/DYmyV/full/^300,/0/default.jpg",,1,1
769,769,"https://iiif.micr.io/lVtsv/full/^300,/0/default.jpg",,1,1
770,770,"https://iiif.micr.io/hGcRN/full/^300,/0/default.jpg",,1,1
771,771,"https://iiif.micr.io/JCHRl/full/^300,/0/default.jpg",,1,1
772,772,"https://iiif.micr.io/NqNvL/full/^300,/0/default.jpg",,1,1
773,773,"https://iiif.micr.io/VqYEN/full/^300,/0/default.jpg",,1,1
774,774,"https://iiif.micr.io/CzeDx/full/^300,/0/default.jpg",,1,1
775,775,"https://iiif.micr.io/RLptY/full/^300,/0/default.jpg",,1,1
776,776,"https://iiif.micr.io/angxv/full/^300,/0/default.jpg",,1,1
777,777,"https://iiif.micr.io/RpPoA/full/^300,/0/default.jpg",,1,1
778,778,"https://iiif.micr.io/elhxN/full/^300,/0/default.jpg",,1,1
779,779,"https://iiif.micr.io/zaJkq/full/^300,/0/default.jpg",,1,1
780,780,"https://iiif.micr.io/BmzoS/full/^300,/0/default.jpg",,1,1
781,781,"https://iiif.micr.io/iVDed/full/^300,/0/default.jpg",,1,1
782,782,"https://iiif.micr.io/FMYRJ/full/^300,/0/default.jpg",,1,1
783,783,"https://iiif.micr.io/oHZnz/full/^300,/0/default.jpg",,1,1
784,784,"https://iiif.micr.io/MeQJD/full/^300,/0/default.jpg",,1,1
785,785,"https://iiif.micr.io/wfyuz/full/^300,/0/default.jpg",,1,1
786,786,"https://iiif.micr.io/SljSI/full/^300,/0/default.jpg",,1,1
787,787,"https://iiif.micr.io/KkSzw/full/^300,/0/default.jpg",,1,1
788,788,"https://iiif.micr.io/dUgBO/full/^300,/0/default.jpg",,1,1
789,789,"https://iiif.micr.io/kVhof/full/^300,/0/default.jpg",,1,1
790,790,"https://iiif.micr.io/WCUYZ/full/^300,/0/default.jpg",,1,1
791,791,"https://iiif.micr.io/nAzEW/full/^300,/0/default.jpg",,1,1
792,792,"https://iiif.micr.io/CAJjO/full/^300,/0/default.jpg",,1,1
793,793,"https://iiif.micr.io/aEyuA/full/^300,/0/default.jpg",,1,1
794,794,"https://iiif.micr.io/gdEsT/full/^300,/0/default.jpg",,1,1
795,795,"https://iiif.micr.io/jSByR/full/^300,/0/default.jpg",,1,1
796,796,"https://iiif.micr.io/ANrYG/full/^300,/0/default.jpg",,1,1
797,797,"https://iiif.micr.io/ivXPp/full/^300,/0/default.jpg",,1,1
798,798,"https://iiif.micr.io/zSiBd/full/^300,/0/default.jpg",,1,1
799,799,"https://iiif.micr.io/tvgfj/full/^300,/0/default.jpg",,1,1
800,800,"https://iiif.micr.io/zbxZK/full/^300,/0/default.jpg",,1,1
801,801,"https://iiif.micr.io/GIZjb/full/^300,/0/default.jpg",,1,1
802,802,"https://iiif.micr.io/JOnVk/full/^300,/0/default.jpg",,1,1
803,803,"https://iiif.micr.io/PDxfv/full/^300,/0/default.jpg",,1,1
804,804,"https://iiif.micr.io/ybJgP/full/^300,/0/default.jpg",,1,1
805,805,"https://iiif.micr.io/RfVnA/full/^300,/0/default.jpg",,1,1
806,806,"https://iiif.micr.io/CIrdj/full/^300,/0/default.jpg",,1,1
807,807,"https://iiif.micr.io/YJxFY/full/^300,/0/default.jpg",,1,1
808,808,"https://iiif.micr.io/RkSNq/full/^300,/0/default.jpg",,1,1
809,809,"https://iiif.micr.io/snoSR/full/^300,/0/default.jpg",,1,1
810,810,"https://iiif.micr.io/AMfTZ/full/^300,/0/default.jpg",,1,1
811,811,"https://iiif.micr.io/KsVve/full/^300,/0/default.jpg",,1,1
812,812,"https://iiif.micr.io/ealdg/full/^300,/0/default.jpg",,1,1
813,813,"https://iiif.micr.io/yGoBs/full/^300,/0/default.jpg",,1,1
814,814,"https://iiif.micr.io/fnLyZ/full/^300,/0/default.jpg",,1,1
815,815,"https://iiif.micr.io/bnwQR/full/^300,/0/default.jpg",,1,1
816,816,"https://iiif.micr.io/NyZCY/full/^300,/0/default.jpg",,1,1
817,817,"https://iiif.micr.io/FDjCG/full/^300,/0/default.jpg",,1,1
818,818,"https://iiif.micr.io/hdXwa/full/^300,/0/default.jpg",,1,1
819,819,"https://iiif.micr.io/iKhiz/full/^300,/0/default.jpg",,1,1
820,820,"https://iiif.micr.io/yioeE/full/^300,/0/default.jpg",,1,1
821,821,"https://iiif.micr.io/rqWPt/full/^300,/0/default.jpg",,1,1
822,822,"https://iiif.micr.io/VpXRW/full/^300,/0/default.jpg",,1,1
823,823,"https://iiif.micr.io/IDtrt/full/^300,/0/default.jpg",,1,1
824,824,"https://iiif.micr.io/cUpsb/full/^300,/0/default.jpg",,1,1
825,825,"https://iiif.micr.io/WnVnv/full/^300,/0/default.jpg",,1,1
826,826,"https://iiif.micr.io/lHONu/full/^300,/0/default.jpg",,1,1
827,827,"https://iiif.micr.io/VAakf/full/^300,/0/default.jpg",,1,1
828,828,"https://iiif.micr.io/ANEFV/full/^300,/0/default.jpg",,1,1
829,829,"https://iiif.micr.io/REyOD/full/^300,/0/default.jpg",,1,1
830,830,"https://iiif.micr.io/JHTvJ/full/^300,/0/default.jpg",,1,1
831,831,"https://iiif.micr.io/VXCRc/full/^300,/0/default.jpg",,1,1
832,832,"https://iiif.micr.io/IbQGz/full/^300,/0/default.jpg",,1,1
833,833,"https://iiif.micr.io/lfzcw/full/^300,/0/default.jpg",,1,1
834,834,"https://iiif.micr.io/IuNah/full/^300,/0/default.jpg",,1,1
835,835,"https://iiif.micr.io/Lqzxz/full/^300,/0/default.jpg",,1,1
836,836,"https://iiif.micr.io/wwcxc/full/^300,/0/default.jpg",,1,1
837,837,"https://iiif.micr.io/fXgeg/full/^300,/0/default.jpg",,1,1
838,838,"https://iiif.micr.io/CoxBK/full/^300,/0/default.jpg",,1,1
839,839,"https://iiif.micr.io/ScanP/full/^300,/0/default.jpg",,1,1
840,840,"https://iiif.micr.io/BveXO/full/^300,/0/default.jpg",,1,1
841,841,"https://iiif.micr.io/rHicB/full/^300,/0/default.jpg",,1,1
842,842,"https://iiif.micr.io/ceOVJ/full/^300,/0/default.jpg",,1,1
843,843,"https://iiif.micr.io/McoNc/full/^300,/0/default.jpg",,1,1
844,844,"https://iiif.micr.io/SYocc/full/^300,/0/default.jpg",,1,1
845,845,"https://iiif.micr.io/atzQy/full/^300,/0/default.jpg",,1,1
846,846,"https://iiif.micr.io/TpUdI/full/^300,/0/default.jpg",,1,1
847,847,"https://iiif.micr.io/DWpXh/full/^300,/0/default.jpg",,1,1
848,848,"https://iiif.micr.io/gMmYP/full/^300,/0/default.jpg",,1,1
849,849,"https://iiif.micr.io/aFQDO/full/^300,/0/default.jpg",,1,1
850,850,"https://iiif.micr.io/ZSCRW/full/^300,/0/default.jpg",,1,1
851,851,"https://iiif.micr.io/KdxiP/full/^300,/0/default.jpg",,1,1
852,852,"https://iiif.micr.io/HzeMM/full/^300,/0/default.jpg",,1,1
853,853,"https://iiif.micr.io/UVqRG/full/^300,/0/default.jpg",,1,1
854,854,"https://iiif.micr.io/oGpcX/full/^300,/0/default.jpg",,1,1
855,855,"https://iiif.micr.io/LxQOC/full/^300,/0/default.jpg",,1,1
856,856,"https://iiif.micr.io/wrYWe/full/^300,/0/default.jpg",,1,1
857,857,"https://iiif.micr.io/PNYTQ/full/^300,/0/default.jpg",,1,1
858,858,"https://iiif.micr.io/PmzKq/full/^300,/0/default.jpg",,1,1
859,859,"https://iiif.micr.io/Zyhza/full/^300,/0/default.jpg",,1,1
860,860,"https://iiif.micr.io/DVdoT/full/^300,/0/default.jpg",,1,1
861,861,"https://iiif.micr.io/qhiHc/full/^300,/0/default.jpg",,1,1
862,862,"https://iiif.micr.io/FGmrn/full/^300,/0/default.jpg",,1,1
863,863,"https://iiif.micr.io/BkOAM/full/^300,/0/default.jpg",,1,1
864,864,"https://iiif.micr.io/QsHnf/full/^300,/0/default.jpg",,1,1
865,865,"https://iiif.micr.io/uJpKk/full/^300,/0/default.jpg",,1,1
866,866,"https://iiif.micr.io/zurKJ/full/^300,/0/default.jpg",,1,1
867,867,"https://iiif.micr.io/TXuQe/full/^300,/0/default.jpg",,1,1
868,868,"https://iiif.micr.io/EZqfN/full/^300,/0/default.jpg",,1,1
869,869,"https://iiif.micr.io/sIEuZ/full/^300,/0/default.jpg",,1,1
870,870,"https://iiif.micr.io/oskvp/full/^300,/0/default.jpg",,1,1
871,871,"https://iiif.micr.io/kHVKZ/full/^300,/0/default.jpg",,1,1
872,872,"https://iiif.micr.io/sTSVr/full/^300,/0/default.jpg",,1,1
873,873,"https://iiif.micr.io/SvVan/full/^300,/0/default.jpg",,1,1
874,874,"https://iiif.micr.io/roVyq/full/^300,/0/default.jpg",,1,1
875,875,"https://iiif.micr.io/hjXru/full/^300,/0/default.jpg",,1,1
876,876,"https://iiif.micr.io/cEHkb/full/^300,/0/default.jpg",,1,1
877,877,"https://iiif.micr.io/MFRkl/full/^300,/0/default.jpg",,1,1
878,878,"https://iiif.micr.io/iiopW/full/^300,/0/default.jpg",,1,1
879,879,"https://iiif.micr.io/YOmRB/full/^300,/0/default.jpg",,1,1
880,880,"https://iiif.micr.io/qYpSI/full/^300,/0/default.jpg",,1,1
881,881,"https://iiif.micr.io/INwvO/full/^300,/0/default.jpg",,1,1
882,882,"https://iiif.micr.io/HRTlj/full/^300,/0/default.jpg",,1,1
883,883,"https://iiif.micr.io/NubCi/full/^300,/0/default.jpg",,1,1
884,884,"https://iiif.micr.io/ViJmx/full/^300,/0/default.jpg",,1,1
885,885,"https://iiif.micr.io/yvbwx/full/^300,/0/default.jpg",,1,1
886,886,"https://iiif.micr.io/fisqj/full/^300,/0/default.jpg",,1,1
887,887,"https://iiif.micr.io/MMswY/full/^300,/0/default.jpg",,1,1
888,888,"https://iiif.micr.io/tCNdi/full/^300,/0/default.jpg",,1,1
889,889,"https://iiif.micr.io/pmdbG/full/^300,/0/default.jpg",,1,1
890,890,"https://iiif.micr.io/tLemp/full/^300,/0/default.jpg",,1,1
891,891,"https://iiif.micr.io/jjHLz/full/^300,/0/default.jpg",,1,1
892,892,"https://iiif.micr.io/CdfoG/full/^300,/0/default.jpg",,1,1
893,893,"https://iiif.micr.io/XJhGe/full/^300,/0/default.jpg",,1,1
894,894,"https://iiif.micr.io/xYnCp/full/^300,/0/default.jpg",,1,1
895,895,"https://iiif.micr.io/KvceO/full/^300,/0/default.jpg",,1,1
896,896,"https://iiif.micr.io/IGOqE/full/^300,/0/default.jpg",,1,1
897,897,"https://iiif.micr.io/BEmhT/full/^300,/0/default.jpg",,1,1
898,898,"https://iiif.micr.io/xJCBS/full/^300,/0/default.jpg",,1,1
899,899,"https://iiif.micr.io/pMTSU/full/^300,/0/default.jpg",,1,1
900,900,"https://iiif.micr.io/OTisz/full/^300,/0/default.jpg",,1,1
901,901,"https://iiif.micr.io/PMOGR/full/^300,/0/default.jpg",,1,1
902,902,"https://iiif.micr.io/IzfGL/full/^300,/0/default.jpg",,1,1
903,903,"https://iiif.micr.io/ZGIUd/full/^300,/0/default.jpg",,1,1
904,904,"https://iiif.micr.io/SFhZJ/full/^300,/0/default.jpg",,1,1
905,905,"https://iiif.micr.io/nCwsS/full/^300,/0/default.jpg",,1,1
906,906,"https://iiif.micr.io/JrKfc/full/^300,/0/default.jpg",,1,1
907,907,"https://iiif.micr.io/eUzwb/full/^300,/0/default.jpg",,1,1
908,908,"https://iiif.micr.io/sXYID/full/^300,/0/default.jpg",,1,1
909,909,"https://iiif.micr.io/RpCdf/full/^300,/0/default.jpg",,1,1
910,910,"https://iiif.micr.io/YumgO/full/^300,/0/default.jpg",,1,1
911,911,"https://iiif.micr.io/NVaFf/full/^300,/0/default.jpg",,1,1
912,912,"https://iiif.micr.io/rZUMe/full/^300,/0/default.jpg",,1,1
913,913,"https://iiif.micr.io/RYFAM/full/^300,/0/default.jpg",,1,1
914,914,"https://iiif.micr.io/fQGWT/full/^300,/0/default.jpg",,1,1
915,915,"https://iiif.micr.io/sSXBd/full/^300,/0/default.jpg",,1,1
916,916,"https://iiif.micr.io/oNSZW/full/^300,/0/default.jpg",,1,1
917,917,"https://iiif.micr.io/Ulbzu/full/^300,/0/default.jpg",,1,1
918,918,"https://iiif.micr.io/WGMWj/full/^300,/0/default.jpg",,1,1
919,919,"https://iiif.micr.io/UOQnN/full/^300,/0/default.jpg",,1,1
920,920,"https://iiif.micr.io/cZGCf/full/^300,/0/default.jpg",,1,1
921,921,"https://iiif.micr.io/psvJO/full/^300,/0/default.jpg",,1,1
922,922,"https://iiif.micr.io/Ojaol/full/^300,/0/default.jpg",,1,1
923,923,"https://iiif.micr.io/mOZUi/full/^300,/0/default.jpg",,1,1
924,924,"https://iiif.micr.io/LDepf/full/^300,/0/default.jpg",,1,1
925,925,"https://iiif.micr.io/BGkox/full/^300,/0/default.jpg",,1,1
926,926,"https://iiif.micr.io/ZCUnO/full/^300,/0/default.jpg",,1,1
927,927,"https://iiif.micr.io/LLIOX/full/^300,/0/default.jpg",,1,1
928,928,"https://iiif.micr.io/auglN/full/^300,/0/default.jpg",,1,1
929,929,"https://iiif.micr.io/okEwt/full/^300,/0/default.jpg",,1,1
930,930,"https://iiif.micr.io/aZNuu/full/^300,/0/default.jpg",,1,1
931,931,"https://iiif.micr.io/eDHkp/full/^300,/0/default.jpg",,1,1
932,932,"https://iiif.micr.io/PghbY/full/^300,/0/default.jpg",,1,1
933,933,"https://iiif.micr.io/kMCwq/full/^300,/0/default.jpg",,1,1
934,934,"https://iiif.micr.io/RIUHN/full/^300,/0/default.jpg",,1,1
935,935,"https://iiif.micr.io/kiXoW/full/^300,/0/default.jpg",,1,1
936,936,"https://iiif.micr.io/jXiKw/full/^300,/0/default.jpg",,1,1
937,937,"https://iiif.micr.io/thPfX/full/^300,/0/default.jpg",,1,1
938,938,"https://iiif.micr.io/nxuFX/full/^300,/0/default.jpg",,1,1
939,939,"https://iiif.micr.io/PhTNz/full/^300,/0/default.jpg",,1,1
940,940,"https://iiif.micr.io/eHjGX/full/^300,/0/default.jpg",,1,1
941,941,"https://iiif.micr.io/rLYnJ/full/^300,/0/default.jpg",,1,1
942,942,"https://iiif.micr.io/UrEPw/full/^300,/0/default.jpg",,1,1
943,943,"https://iiif.micr.io/HLsod/full/^300,/0/default.jpg",,1,1
944,944,"https://iiif.micr.io/PylCK/full/^300,/0/default.jpg",,1,1
945,945,"https://iiif.micr.io/DYYFt/full/^300,/0/default.jpg",,1,1
946,946,"https://iiif.micr.io/MERKn/full/^300,/0/default.jpg",,1,1
947,947,"https://iiif.micr.io/FMSEy/full/^300,/0/default.jpg",,1,1
948,948,"https://iiif.micr.io/uBrUI/full/^300,/0/default.jpg",,1,1
949,949,"https://iiif.micr.io/StpNk/full/^300,/0/default.jpg",,1,1
950,950,"https://iiif.micr.io/iTxNE/full/^300,/0/default.jpg",,1,1
951,951,"https://iiif.micr.io/AzNFo/full/^300,/0/default.jpg",,1,1
952,952,"https://iiif.micr.io/jvxBV/full/^300,/0/default.jpg",,1,1
953,953,"https://iiif.micr.io/DtbcQ/full/^300,/0/default.jpg",,1,1
954,954,"https://iiif.micr.io/AdnTD/full/^300,/0/default.jpg",,1,1
955,955,"https://iiif.micr.io/HmQxu/full/^300,/0/default.jpg",,1,1
956,956,"https://iiif.micr.io/gEbEY/full/^300,/0/default.jpg",,1,1
957,957,"https://iiif.micr.io/eJzrG/full/^300,/0/default.jpg",,1,1
958,958,"https://iiif.micr.io/BbMqm/full/^300,/0/default.jpg",,1,1
959,959,"https://iiif.micr.io/dnviH/full/^300,/0/default.jpg",,1,1
960,960,"https://iiif.micr.io/DCgvU/full/^300,/0/default.jpg",,1,1
961,961,"https://iiif.micr.io/EhWEi/full/^300,/0/default.jpg",,1,1
962,962,"https://iiif.micr.io/JOPNI/full/^300,/0/default.jpg",,1,1
963,963,"https://iiif.micr.io/sfQrK/full/^300,/0/default.jpg",,1,1
964,964,"https://iiif.micr.io/OqmQc/full/^300,/0/default.jpg",,1,1
965,965,"https://iiif.micr.io/codiv/full/^300,/0/default.jpg",,1,1
966,966,"https://iiif.micr.io/DHecX/full/^300,/0/default.jpg",,1,1
967,967,"https://iiif.micr.io/goiCQ/full/^300,/0/default.jpg",,1,1
968,968,"https://iiif.micr.io/pfOsP/full/^300,/0/default.jpg",,1,1
969,969,"https://iiif.micr.io/XiYLs/full/^300,/0/default.jpg",,1,1
970,970,"https://iiif.micr.io/wiChi/full/^300,/0/default.jpg",,1,1
971,971,"https://iiif.micr.io/Hmoem/full/^300,/0/default.jpg",,1,1
972,972,"https://iiif.micr.io/sxqAW/full/^300,/0/default.jpg",,1,1
973,973,"https://iiif.micr.io/GZRUf/full/^300,/0/default.jpg",,1,1
974,974,"https://iiif.micr.io/bTFCV/full/^300,/0/default.jpg",,1,1
975,975,"https://iiif.micr.io/GRvvN/full/^300,/0/default.jpg",,1,1
976,976,"https://iiif.micr.io/WGSNa/full/^300,/0/default.jpg",,1,1
977,977,"https://iiif.micr.io/GmdXi/full/^300,/0/default.jpg",,1,1
978,978,"https://iiif.micr.io/nxzqg/full/^300,/0/default.jpg",,1,1
979,979,"https://iiif.micr.io/REdXB/full/^300,/0/default.jpg",,1,1
980,980,"https://iiif.micr.io/hHirR/full/^300,/0/default.jpg",,1,1
981,981,"https://iiif.micr.io/AQAss/full/^300,/0/default.jpg",,1,1
982,982,"https://iiif.micr.io/wgxxF/full/^300,/0/default.jpg",,1,1
983,983,"https://iiif.micr.io/pZLyG/full/^300,/0/default.jpg",,1,1
984,984,"https://iiif.micr.io/bmMdg/full/^300,/0/default.jpg",,1,1
985,985,"https://iiif.micr.io/Bdrim/full/^300,/0/default.jpg",,1,1
986,986,"https://iiif.micr.io/KLmEQ/full/^300,/0/default.jpg",,1,1
987,987,"https://iiif.micr.io/YtuLi/full/^300,/0/default.jpg",,1,1
988,988,"https://iiif.micr.io/zFahe/full/^300,/0/default.jpg",,1,1
989,989,"https://iiif.micr.io/AVwkA/full/^300,/0/default.jpg",,1,1
990,990,"https://iiif.micr.io/uIkbU/full/^300,/0/default.jpg",,1,1
991,991,"https://iiif.micr.io/Hxevf/full/^300,/0/default.jpg",,1,1
992,992,"https://iiif.micr.io/dwbaE/full/^300,/0/default.jpg",,1,1
993,993,"https://iiif.micr.io/QGUxk/full/^300,/0/default.jpg",,1,1
994,994,"https://iiif.micr.io/WulZR/full/^300,/0/default.jpg",,1,1
995,995,"https://iiif.micr.io/NCbpl/full/^300,/0/default.jpg",,1,1
996,996,"https://iiif.micr.io/dpumc/full/^300,/0/default.jpg",,1,1
997,997,"https://iiif.micr.io/xHyrh/full/^300,/0/default.jpg",,1,1
998,998,"https://iiif.micr.io/AIlYK/full/^300,/0/default.jpg",,1,1
999,999,"https://iiif.micr.io/jokCp/full/^300,/0/default.jpg",,1,1
1000,1000,"https://iiif.micr.io/gpklW/full/^300,/0/default.jpg",,1,1
1001,1001,"https://iiif.micr.io/IPeRy/full/^300,/0/default.jpg",,1,1
1002,1002,"https://iiif.micr.io/bTkbR/full/^300,/0/default.jpg",,1,1
1003,1003,"https://iiif.micr.io/rHRoy/full/^300,/0/default.jpg",,1,1
1004,1004,"https://iiif.micr.io/xgSnT/full/^300,/0/default.jpg",,1,1
1005,1005,"https://iiif.micr.io/ZbBPJ/full/^300,/0/default.jpg",,1,1
1006,1006,"https://iiif.micr.io/fGinQ/full/^300,/0/default.jpg",,1,1
1007,1007,"https://iiif.micr.io/qrqat/full/^300,/0/default.jpg",,1,1
1008,1008,"https://iiif.micr.io/icXpd/full/^300,/0/default.jpg",,1,1
1009,1009,"https://iiif.micr.io/XOkCG/full/^300,/0/default.jpg",,1,1
1010,1010,"https://iiif.micr.io/THoBa/full/^300,/0/default.jpg",,1,1
1011,1011,"https://iiif.micr.io/zOxRK/full/^300,/0/default.jpg",,1,1
1012,1012,"https://iiif.micr.io/UWRNs/full/^300,/0/default.jpg",,1,1
1013,1013,"https://iiif.micr.io/CGGML/full/^300,/0/default.jpg",,1,1
1014,1014,"https://iiif.micr.io/QrUnK/full/^300,/0/default.jpg",,1,1
1015,1015,"https://iiif.micr.io/JMnES/full/^300,/0/default.jpg",,1,1
1016,1016,"https://iiif.micr.io/UrbDa/full/^300,/0/default.jpg",,1,1
1017,1017,"https://iiif.micr.io/lcFeV/full/^300,/0/default.jpg",,1,1
1018,1018,"https://iiif.micr.io/nIGdJ/full/^300,/0/default.jpg",,1,1
1019,1019,"https://iiif.micr.io/RooAY/full/^300,/0/default.jpg",,1,1
1020,1020,"https://iiif.micr.io/rBlhE/full/^300,/0/default.jpg",,1,1
1021,1021,"https://iiif.micr.io/LypmZ/full/^300,/0/default.jpg",,1,1
1022,1022,"https://iiif.micr.io/FXJWs/full/^300,/0/default.jpg",,1,1
1023,1023,"https://iiif.micr.io/ieqMu/full/^300,/0/default.jpg",,1,1
1024,1024,"https://iiif.micr.io/ofQgO/full/^300,/0/default.jpg",,1,1
1025,1025,"https://iiif.micr.io/LzrIE/full/^300,/0/default.jpg",,1,1
1026,1026,"https://iiif.micr.io/jfwcN/full/^300,/0/default.jpg",,1,1
1027,1027,"https://iiif.micr.io/LWxXg/full/^300,/0/default.jpg",,1,1
1028,1028,"https://iiif.micr.io/raGxj/full/^300,/0/default.jpg",,1,1
1029,1029,"https://iiif.micr.io/Iynkt/full/^300,/0/default.jpg",,1,1
1030,1030,"https://iiif.micr.io/aUqHS/full/^300,/0/default.jpg",,1,1
1031,1031,"https://iiif.micr.io/WNOIo/full/^300,/0/default.jpg",,1,1
1032,1032,"https://iiif.micr.io/mewYw/full/^300,/0/default.jpg",,1,1
1033,1033,"https://iiif.micr.io/NhySd/full/^300,/0/default.jpg",,1,1
1034,1034,"https://iiif.micr.io/dQvaK/full/^300,/0/default.jpg",,1,1
1035,1035,"https://iiif.micr.io/joHjf/full/^300,/0/default.jpg",,1,1
1036,1036,"https://iiif.micr.io/GKZuD/full/^300,/0/default.jpg",,1,1
1037,1037,"https://iiif.micr.io/rFLqE/full/^300,/0/default.jpg",,1,1
1038,1038,"https://iiif.micr.io/mCOBK/full/^300,/0/default.jpg",,1,1
1039,1039,"https://iiif.micr.io/BAIYJ/full/^300,/0/default.jpg",,1,1
1040,1040,"https://iiif.micr.io/XLcrH/full/^300,/0/default.jpg",,1,1
1041,1041,"https://iiif.micr.io/bkeEp/full/^300,/0/default.jpg",,1,1
1042,1042,"https://iiif.micr.io/geWpm/full/^300,/0/default.jpg",,1,1
1043,1043,"https://iiif.micr.io/QHtKc/full/^300,/0/default.jpg",,1,1
1044,1044,"https://iiif.micr.io/eiBJn/full/^300,/0/default.jpg",,1,1
1045,1045,"https://iiif.micr.io/Mstqn/full/^300,/0/default.jpg",,1,1
1046,1046,"https://iiif.micr.io/HgfJI/full/^300,/0/default.jpg",,1,1
1047,1047,"https://iiif.micr.io/cXvaQ/full/^300,/0/default.jpg",,1,1
1048,1048,"https://iiif.micr.io/GcrZh/full/^300,/0/default.jpg",,1,1
1049,1049,"https://iiif.micr.io/cKEpC/full/^300,/0/default.jpg",,1,1
1050,1050,"https://iiif.micr.io/WxRQI/full/^300,/0/default.jpg",,1,1
1051,1051,"https://iiif.micr.io/VJymL/full/^300,/0/default.jpg",,1,1
1052,1052,"https://iiif.micr.io/hkNIi/full/^300,/0/default.jpg",,1,1
1053,1053,"https://iiif.micr.io/JThuK/full/^300,/0/default.jpg",,1,1
1054,1054,"https://iiif.micr.io/XnfvC/full/^300,/0/default.jpg",,1,1
1055,1055,"https://iiif.micr.io/QucRv/full/^300,/0/default.jpg",,1,1
1056,1056,"https://iiif.micr.io/eQtEu/full/^300,/0/default.jpg",,1,1
1057,1057,"https://iiif.micr.io/rBnmI/full/^300,/0/default.jpg",,1,1
1058,1058,"https://iiif.micr.io/Zyibq/full/^300,/0/default.jpg",,1,1
1059,1059,"https://iiif.micr.io/Feurq/full/^300,/0/default.jpg",,1,1
1060,1060,"https://iiif.micr.io/CKXGg/full/^300,/0/default.jpg",,1,1
1061,1061,"https://iiif.micr.io/FzrIZ/full/^300,/0/default.jpg",,1,1
1062,1062,"https://iiif.micr.io/okFTT/full/^300,/0/default.jpg",,1,1
1063,1063,"https://iiif.micr.io/AemgB/full/^300,/0/default.jpg",,1,1
1064,1064,"https://iiif.micr.io/Vbnaq/full/^300,/0/default.jpg",,1,1
1065,1065,"https://iiif.micr.io/ljqDg/full/^300,/0/default.jpg",,1,1
1066,1066,"https://iiif.micr.io/rwuHW/full/^300,/0/default.jpg",,1,1
1067,1067,"https://iiif.micr.io/uHakd/full/^300,/0/default.jpg",,1,1
1068,1068,"https://iiif.micr.io/XZqxt/full/^300,/0/default.jpg",,1,1
1069,1069,"https://iiif.micr.io/BBZSS/full/^300,/0/default.jpg",,1,1
1070,1070,"https://iiif.micr.io/HhtIU/full/^300,/0/default.jpg",,1,1
1071,1071,"https://iiif.micr.io/sGvue/full/^300,/0/default.jpg",,1,1
1072,1072,"https://iiif.micr.io/RbgvF/full/^300,/0/default.jpg",,1,1
1073,1073,"https://iiif.micr.io/vIvun/full/^300,/0/default.jpg",,1,1
1074,1074,"https://iiif.micr.io/WsxLW/full/^300,/0/default.jpg",,1,1
1075,1075,"https://iiif.micr.io/XssHF/full/^300,/0/default.jpg",,1,1
1076,1076,"https://iiif.micr.io/eNzwl/full/^300,/0/default.jpg",,1,1
1077,1077,"https://iiif.micr.io/KVaCj/full/^300,/0/default.jpg",,1,1
1078,1078,"https://iiif.micr.io/rFSOF/full/^300,/0/default.jpg",,1,1
1079,1079,"https://iiif.micr.io/Tjfth/full/^300,/0/default.jpg",,1,1
1080,1080,"https://iiif.micr.io/OTase/full/^300,/0/default.jpg",,1,1
1081,1081,"https://iiif.micr.io/iGAMe/full/^300,/0/default.jpg",,1,1
1082,1082,"https://iiif.micr.io/ggDDt/full/^300,/0/default.jpg",,1,1
1083,1083,"https://iiif.micr.io/GPnIo/full/^300,/0/default.jpg",,1,1
1084,1084,"https://iiif.micr.io/FTFqt/full/^300,/0/default.jpg",,1,1
1085,1085,"https://iiif.micr.io/jrjLv/full/^300,/0/default.jpg",,1,1
1086,1086,"https://iiif.micr.io/nYolr/full/^300,/0/default.jpg",,1,1
1087,1087,"https://iiif.micr.io/fXgOF/full/^300,/0/default.jpg",,1,1
1088,1088,"https://iiif.micr.io/VdMhw/full/^300,/0/default.jpg",,1,1
1089,1089,"https://iiif.micr.io/kOomH/full/^300,/0/default.jpg",,1,1
1090,1090,"https://iiif.micr.io/gyNUS/full/^300,/0/default.jpg",,1,1
1091,1091,"https://iiif.micr.io/Xdchc/full/^300,/0/default.jpg",,1,1
1092,1092,"https://iiif.micr.io/xBtiW/full/^300,/0/default.jpg",,1,1
1093,1093,"https://iiif.micr.io/oHZCF/full/^300,/0/default.jpg",,1,1
1094,1094,"https://iiif.micr.io/ZFlHw/full/^300,/0/default.jpg",,1,1
1095,1095,"https://iiif.micr.io/FOEcc/full/^300,/0/default.jpg",,1,1
1096,1096,"https://iiif.micr.io/qiHpw/full/^300,/0/default.jpg",,1,1
1097,1097,"https://iiif.micr.io/ngUys/full/^300,/0/default.jpg",,1,1
1098,1098,"https://iiif.micr.io/AtOrm/full/^300,/0/default.jpg",,1,1
1099,1099,"https://iiif.micr.io/rvcWX/full/^300,/0/default.jpg",,1,1
1100,1100,"https://iiif.micr.io/PYocx/full/^300,/0/default.jpg",,1,1
1101,1101,"https://iiif.micr.io/aNRDM/full/^300,/0/default.jpg",,1,1
1102,1102,"https://iiif.micr.io/eVuka/full/^300,/0/default.jpg",,1,1
1103,1103,"https://iiif.micr.io/GyjQN/full/^300,/0/default.jpg",,1,1
1104,1104,"https://iiif.micr.io/MKcIy/full/^300,/0/default.jpg",,1,1
1105,1105,"https://iiif.micr.io/PAxqw/full/^300,/0/default.jpg",,1,1
1106,1106,"https://iiif.micr.io/vIpxo/full/^300,/0/default.jpg",,1,1
1107,1107,"https://iiif.micr.io/GGpjc/full/^300,/0/default.jpg",,1,1
1108,1108,"https://iiif.micr.io/tkjpQ/full/^300,/0/default.jpg",,1,1
1109,1109,"https://iiif.micr.io/YnEbi/full/^300,/0/default.jpg",,1,1
1110,1110,"https://iiif.micr.io/vtIUk/full/^300,/0/default.jpg",,1,1
1111,1111,"https://iiif.micr.io/mvhfb/full/^300,/0/default.jpg",,1,1
1112,1112,"https://iiif.micr.io/IeOrv/full/^300,/0/default.jpg",,1,1
1113,1113,"https://iiif.micr.io/SnQgu/full/^300,/0/default.jpg",,1,1
1114,1114,"https://iiif.micr.io/Qoevo/full/^300,/0/default.jpg",,1,1
1115,1115,"https://iiif.micr.io/ZPyJf/full/^300,/0/default.jpg",,1,1
1116,1116,"https://iiif.micr.io/ikOBa/full/^300,/0/default.jpg",,1,1
1117,1117,"https://iiif.micr.io/DMFab/full/^300,/0/default.jpg",,1,1
1118,1118,"https://iiif.micr.io/swXUz/full/^300,/0/default.jpg",,1,1
1119,1119,"https://iiif.micr.io/afEJN/full/^300,/0/default.jpg",,1,1
1120,1120,"https://iiif.micr.io/zXHWi/full/^300,/0/default.jpg",,1,1
1121,1121,"https://iiif.micr.io/EmmpZ/full/^300,/0/default.jpg",,1,1
1122,1122,"https://iiif.micr.io/vejxD/full/^300,/0/default.jpg",,1,1
1123,1123,"https://iiif.micr.io/ONrQf/full/^300,/0/default.jpg",,1,1
1124,1124,"https://iiif.micr.io/EjqoI/full/^300,/0/default.jpg",,1,1
1125,1125,"https://iiif.micr.io/wyKsr/full/^300,/0/default.jpg",,1,1
1126,1126,"https://iiif.micr.io/HwoTL/full/^300,/0/default.jpg",,1,1
1127,1127,"https://iiif.micr.io/Pyusj/full/^300,/0/default.jpg",,1,1
1128,1128,"https://iiif.micr.io/Lqfxl/full/^300,/0/default.jpg",,1,1
1129,1129,"https://iiif.micr.io/xHPtS/full/^300,/0/default.jpg",,1,1
1130,1130,"https://iiif.micr.io/tTRTH/full/^300,/0/default.jpg",,1,1
1131,1131,"https://iiif.micr.io/VfLGw/full/^300,/0/default.jpg",,1,1
1132,1132,"https://iiif.micr.io/QAgFI/full/^300,/0/default.jpg",,1,1
1133,1133,"https://iiif.micr.io/WGgIi/full/^300,/0/default.jpg",,1,1
1134,1134,"https://iiif.micr.io/GOJkl/full/^300,/0/default.jpg",,1,1
1135,1135,"https://iiif.micr.io/bQVff/full/^300,/0/default.jpg",,1,1
1136,1136,"https://iiif.micr.io/yYdPe/full/^300,/0/default.jpg",,1,1
1137,1137,"https://iiif.micr.io/qDLox/full/^300,/0/default.jpg",,1,1
1138,1138,"https://iiif.micr.io/YwrwC/full/^300,/0/default.jpg",,1,1
1139,1139,"https://iiif.micr.io/KOxwK/full/^300,/0/default.jpg",,1,1
1140,1140,"https://iiif.micr.io/FrtJV/full/^300,/0/default.jpg",,1,1
1141,1141,"https://iiif.micr.io/mvsbM/full/^300,/0/default.jpg",,1,1
1142,1142,"https://iiif.micr.io/qlWQO/full/^300,/0/default.jpg",,1,1
1143,1143,"https://iiif.micr.io/XaNxu/full/^300,/0/default.jpg",,1,1
1144,1144,"https://iiif.micr.io/zojCT/full/^300,/0/default.jpg",,1,1
1145,1145,"https://iiif.micr.io/AseDN/full/^300,/0/default.jpg",,1,1
1146,1146,"https://iiif.micr.io/rSOGP/full/^300,/0/default.jpg",,1,1
1147,1147,"https://iiif.micr.io/eMeAx/full/^300,/0/default.jpg",,1,1
1148,1148,"https://iiif.micr.io/DeIpI/full/^300,/0/default.jpg",,1,1
1149,1149,"https://iiif.micr.io/SyKFO/full/^300,/0/default.jpg",,1,1
1150,1150,"https://iiif.micr.io/FCQuf/full/^300,/0/default.jpg",,1,1
1151,1151,"https://iiif.micr.io/ybelh/full/^300,/0/default.jpg",,1,1
1152,1152,"https://iiif.micr.io/QPCMC/full/^300,/0/default.jpg",,1,1
1153,1153,"https://iiif.micr.io/CQJwJ/full/^300,/0/default.jpg",,1,1
1154,1154,"https://iiif.micr.io/aLktt/full/^300,/0/default.jpg",,1,1
1155,1155,"https://iiif.micr.io/uGvWV/full/^300,/0/default.jpg",,1,1
1156,1156,"https://iiif.micr.io/FJomB/full/^300,/0/default.jpg",,1,1
1157,1157,"https://iiif.micr.io/wobZs/full/^300,/0/default.jpg",,1,1
1158,1158,"https://iiif.micr.io/qCkxq/full/^300,/0/default.jpg",,1,1
1159,1159,"https://iiif.micr.io/kVydn/full/^300,/0/default.jpg",,1,1
1160,1160,"https://iiif.micr.io/stMVJ/full/^300,/0/default.jpg",,1,1
1161,1161,"https://iiif.micr.io/yxkCy/full/^300,/0/default.jpg",,1,1
1162,1162,"https://iiif.micr.io/PTzhV/full/^300,/0/default.jpg",,1,1
1163,1163,"https://iiif.micr.io/DaWgf/full/^300,/0/default.jpg",,1,1
1164,1164,"https://iiif.micr.io/LNmRy/full/^300,/0/default.jpg",,1,1
1165,1165,"https://iiif.micr.io/HakuY/full/^300,/0/default.jpg",,1,1
1166,1166,"https://iiif.micr.io/bQOpR/full/^300,/0/default.jpg",,1,1
1167,1167,"https://iiif.micr.io/BosYf/full/^300,/0/default.jpg",,1,1
1168,1168,"https://iiif.micr.io/mUFLg/full/^300,/0/default.jpg",,1,1
1169,1169,"https://iiif.micr.io/lWZBA/full/^300,/0/default.jpg",,1,1
1170,1170,"https://iiif.micr.io/LFdtX/full/^300,/0/default.jpg",,1,1
1171,1171,"https://iiif.micr.io/MrpBQ/full/^300,/0/default.jpg",,1,1
1172,1172,"https://iiif.micr.io/dFoni/full/^300,/0/default.jpg",,1,1
1173,1173,"https://iiif.micr.io/tJIzO/full/^300,/0/default.jpg",,1,1
1174,1174,"https://iiif.micr.io/uVpUj/full/^300,/0/default.jpg",,1,1
1175,1175,"https://iiif.micr.io/OKOWh/full/^300,/0/default.jpg",,1,1
1176,1176,"https://iiif.micr.io/IFckb/full/^300,/0/default.jpg",,1,1
1177,1177,"https://iiif.micr.io/KrKXy/full/^300,/0/default.jpg",,1,1
1178,1178,"https://iiif.micr.io/mUFrS/full/^300,/0/default.jpg",,1,1
1179,1179,"https://iiif.micr.io/EPdqS/full/^300,/0/default.jpg",,1,1
1180,1180,"https://iiif.micr.io/qbGcu/full/^300,/0/default.jpg",,1,1
1181,1181,"https://iiif.micr.io/tpuvM/full/^300,/0/default.jpg",,1,1
1182,1182,"https://iiif.micr.io/WaNJk/full/^300,/0/default.jpg",,1,1
1183,1183,"https://iiif.micr.io/vKscZ/full/^300,/0/default.jpg",,1,1
1184,1184,"https://iiif.micr.io/qcZTc/full/^300,/0/default.jpg",,1,1
1185,1185,"https://iiif.micr.io/xZztU/full/^300,/0/default.jpg",,1,1
1186,1186,"https://iiif.micr.io/OTDnJ/full/^300,/0/default.jpg",,1,1
1187,1187,"https://iiif.micr.io/YjgGD/full/^300,/0/default.jpg",,1,1
1188,1188,"https://iiif.micr.io/SFBZh/full/^300,/0/default.jpg",,1,1
1189,1189,"https://iiif.micr.io/rzWre/full/^300,/0/default.jpg",,1,1
1190,1190,"https://iiif.micr.io/LFrAv/full/^300,/0/default.jpg",,1,1
1191,1191,"https://iiif.micr.io/QLals/full/^300,/0/default.jpg",,1,1
1192,1192,"https://iiif.micr.io/ADUnB/full/^300,/0/default.jpg",,1,1
1193,1193,"https://iiif.micr.io/GproV/full/^300,/0/default.jpg",,1,1
1194,1194,"https://iiif.micr.io/NXXdN/full/^300,/0/default.jpg",,1,1
1195,1195,"https://iiif.micr.io/wMLfJ/full/^300,/0/default.jpg",,1,1
1196,1196,"https://iiif.micr.io/otwyy/full/^300,/0/default.jpg",,1,1
1197,1197,"https://iiif.micr.io/BaPel/full/^300,/0/default.jpg",,1,1
1198,1198,"https://iiif.micr.io/IliEC/full/^300,/0/default.jpg",,1,1
1199,1199,"https://iiif.micr.io/nJElH/full/^300,/0/default.jpg",,1,1
1200,1200,"https://iiif.micr.io/kMyiN/full/^300,/0/default.jpg",,1,1
1201,1201,"https://iiif.micr.io/WTHcR/full/^300,/0/default.jpg",,1,1
1202,1202,"https://iiif.micr.io/NYLAe/full/^300,/0/default.jpg",,1,1
1203,1203,"https://iiif.micr.io/ApLoM/full/^300,/0/default.jpg",,1,1
1204,1204,"https://iiif.micr.io/gfzop/full/^300,/0/default.jpg",,1,1
1205,1205,"https://iiif.micr.io/edHDl/full/^300,/0/default.jpg",,1,1
1206,1206,"https://iiif.micr.io/GaQvl/full/^300,/0/default.jpg",,1,1
1207,1207,"https://iiif.micr.io/TwPGQ/full/^300,/0/default.jpg",,1,1
1208,1208,"https://iiif.micr.io/Zorhr/full/^300,/0/default.jpg",,1,1
1209,1209,"https://iiif.micr.io/mphUa/full/^300,/0/default.jpg",,1,1
1210,1210,"https://iiif.micr.io/GSQhe/full/^300,/0/default.jpg",,1,1
1211,1211,"https://iiif.micr.io/euJNX/full/^300,/0/default.jpg",,1,1
1212,1212,"https://iiif.micr.io/vamOD/full/^300,/0/default.jpg",,1,1
1213,1213,"https://iiif.micr.io/JBBPG/full/^300,/0/default.jpg",,1,1
1214,1214,"https://iiif.micr.io/ifDAa/full/^300,/0/default.jpg",,1,1
1215,1215,"https://iiif.micr.io/djhwz/full/^300,/0/default.jpg",,1,1
1216,1216,"https://iiif.micr.io/XlwJs/full/^300,/0/default.jpg",,1,1
1217,1217,"https://iiif.micr.io/sFcOY/full/^300,/0/default.jpg",,1,1
1218,1218,"https://iiif.micr.io/CAwdb/full/^300,/0/default.jpg",,1,1
1219,1219,"https://iiif.micr.io/HBAHv/full/^300,/0/default.jpg",,1,1
1220,1220,"https://iiif.micr.io/Yuiay/full/^300,/0/default.jpg",,1,1
1221,1221,"https://iiif.micr.io/WgabU/full/^300,/0/default.jpg",,1,1
1222,1222,"https://iiif.micr.io/iDWTT/full/^300,/0/default.jpg",,1,1
1223,1223,"https://iiif.micr.io/uZgyJ/full/^300,/0/default.jpg",,1,1
1224,1224,"https://iiif.micr.io/WYqzB/full/^300,/0/default.jpg",,1,1
1225,1225,"https://iiif.micr.io/ZEqwv/full/^300,/0/default.jpg",,1,1
1226,1226,"https://iiif.micr.io/MZYDt/full/^300,/0/default.jpg",,1,1
1227,1227,"https://iiif.micr.io/JJxwo/full/^300,/0/default.jpg",,1,1
1228,1228,"https://iiif.micr.io/mCtBX/full/^300,/0/default.jpg",,1,1
1229,1229,"https://iiif.micr.io/NSHfl/full/^300,/0/default.jpg",,1,1
1230,1230,"https://iiif.micr.io/DpItz/full/^300,/0/default.jpg",,1,1
1231,1231,"https://iiif.micr.io/NIkOI/full/^300,/0/default.jpg",,1,1
1232,1232,"https://iiif.micr.io/Nvwhk/full/^300,/0/default.jpg",,1,1
1233,1233,"https://iiif.micr.io/YeOCx/full/^300,/0/default.jpg",,1,1
1234,1234,"https://iiif.micr.io/oxDJE/full/^300,/0/default.jpg",,1,1
1235,1235,"https://iiif.micr.io/LNniL/full/^300,/0/default.jpg",,1,1
1236,1236,"https://iiif.micr.io/fnJyN/full/^300,/0/default.jpg",,1,1
1237,1237,"https://iiif.micr.io/muJHp/full/^300,/0/default.jpg",,1,1
1238,1238,"https://iiif.micr.io/JAPev/full/^300,/0/default.jpg",,1,1
1239,1239,"https://iiif.micr.io/RhxPu/full/^300,/0/default.jpg",,1,1
1240,1240,"https://iiif.micr.io/nstCc/full/^300,/0/default.jpg",,1,1
1241,1241,"https://iiif.micr.io/bQfen/full/^300,/0/default.jpg",,1,1
1242,1242,"https://iiif.micr.io/WdPzo/full/^300,/0/default.jpg",,1,1
1243,1243,"https://iiif.micr.io/cMSOY/full/^300,/0/default.jpg",,1,1
1244,1244,"https://iiif.micr.io/TXFKn/full/^300,/0/default.jpg",,1,1
1245,1245,"https://iiif.micr.io/TKTdy/full/^300,/0/default.jpg",,1,1
1246,1246,"https://iiif.micr.io/KpTgT/full/^300,/0/default.jpg",,1,1
1247,1247,"https://iiif.micr.io/hCwMq/full/^300,/0/default.jpg",,1,1
1248,1248,"https://iiif.micr.io/WYQEE/full/^300,/0/default.jpg",,1,1
1249,1249,"https://iiif.micr.io/wBRCv/full/^300,/0/default.jpg",,1,1
1250,1250,"https://iiif.micr.io/lfdBH/full/^300,/0/default.jpg",,1,1
1251,1251,"https://iiif.micr.io/JKHHN/full/^300,/0/default.jpg",,1,1
1252,1252,"https://iiif.micr.io/OCnqA/full/^300,/0/default.jpg",,1,1
1253,1253,"https://iiif.micr.io/cvHsB/full/^300,/0/default.jpg",,1,1
1254,1254,"https://iiif.micr.io/joeGb/full/^300,/0/default.jpg",,1,1
1255,1255,"https://iiif.micr.io/ltCcq/full/^300,/0/default.jpg",,1,1
1256,1256,"https://iiif.micr.io/OesQZ/full/^300,/0/default.jpg",,1,1
1257,1257,"https://iiif.micr.io/XmEEE/full/^300,/0/default.jpg",,1,1
1258,1258,"https://iiif.micr.io/FIDzY/full/^300,/0/default.jpg",,1,1
1259,1259,"https://iiif.micr.io/sBGCZ/full/^300,/0/default.jpg",,1,1
1260,1260,"https://iiif.micr.io/KnHxI/full/^300,/0/default.jpg",,1,1
1261,1261,"https://iiif.micr.io/rnXzV/full/^300,/0/default.jpg",,1,1
1262,1262,"https://iiif.micr.io/behYd/full/^300,/0/default.jpg",,1,1
1263,1263,"https://iiif.micr.io/TYvci/full/^300,/0/default.jpg",,1,1
1264,1264,"https://iiif.micr.io/JKkGR/full/^300,/0/default.jpg",,1,1
1265,1265,"https://iiif.micr.io/Pvcyx/full/^300,/0/default.jpg",,1,1
1266,1266,"https://iiif.micr.io/LStbL/full/^300,/0/default.jpg",,1,1
1267,1267,"https://iiif.micr.io/MpBnx/full/^300,/0/default.jpg",,1,1
1268,1268,"https://iiif.micr.io/sBUcb/full/^300,/0/default.jpg",,1,1
1269,1269,"https://iiif.micr.io/aBQSi/full/^300,/0/default.jpg",,1,1
1270,1270,"https://iiif.micr.io/iylsz/full/^300,/0/default.jpg",,1,1
1271,1271,"https://iiif.micr.io/KjDho/full/^300,/0/default.jpg",,1,1
1272,1272,"https://iiif.micr.io/gfgPe/full/^300,/0/default.jpg",,1,1
1273,1273,"https://iiif.micr.io/hHade/full/^300,/0/default.jpg",,1,1
1274,1274,"https://iiif.micr.io/xorTB/full/^300,/0/default.jpg",,1,1
1275,1275,"https://iiif.micr.io/JzlYp/full/^300,/0/default.jpg",,1,1
1276,1276,"https://iiif.micr.io/ACDLX/full/^300,/0/default.jpg",,1,1
1277,1277,"https://iiif.micr.io/mJROr/full/^300,/0/default.jpg",,1,1
1278,1278,"https://iiif.micr.io/OivTm/full/^300,/0/default.jpg",,1,1
1279,1279,"https://iiif.micr.io/sLyMw/full/^300,/0/default.jpg",,1,1
1280,1280,"https://iiif.micr.io/uLzDK/full/^300,/0/default.jpg",,1,1
1281,1281,"https://iiif.micr.io/XUHUY/full/^300,/0/default.jpg",,1,1
1282,1282,"https://iiif.micr.io/dwWSJ/full/^300,/0/default.jpg",,1,1
1283,1283,"https://iiif.micr.io/bmdOH/full/^300,/0/default.jpg",,1,1
1284,1284,"https://iiif.micr.io/ytdCx/full/^300,/0/default.jpg",,1,1
1285,1285,"https://iiif.micr.io/rholM/full/^300,/0/default.jpg",,1,1
1286,1286,"https://iiif.micr.io/ybfkV/full/^300,/0/default.jpg",,1,1
1287,1287,"https://iiif.micr.io/iTYEh/full/^300,/0/default.jpg",,1,1
1288,1288,"https://iiif.micr.io/wsVFB/full/^300,/0/default.jpg",,1,1
1289,1289,"https://iiif.micr.io/huUTB/full/^300,/0/default.jpg",,1,1
1290,1290,"https://iiif.micr.io/SuLZN/full/^300,/0/default.jpg",,1,1
1291,1291,"https://iiif.micr.io/UprSN/full/^300,/0/default.jpg",,1,1
1292,1292,"https://iiif.micr.io/wUxjN/full/^300,/0/default.jpg",,1,1
1293,1293,"https://iiif.micr.io/IbEuB/full/^300,/0/default.jpg",,1,1
1294,1294,"https://iiif.micr.io/GSVDd/full/^300,/0/default.jpg",,1,1
1295,1295,"https://iiif.micr.io/KWOYP/full/^300,/0/default.jpg",,1,1
1296,1296,"https://iiif.micr.io/QVdgT/full/^300,/0/default.jpg",,1,1
1297,1297,"https://iiif.micr.io/ouFbj/full/^300,/0/default.jpg",,1,1
1298,1298,"https://iiif.micr.io/qjfnq/full/^300,/0/default.jpg",,1,1
1299,1299,"https://iiif.micr.io/ZXojx/full/^300,/0/default.jpg",,1,1
1300,1300,"https://iiif.micr.io/axKHo/full/^300,/0/default.jpg",,1,1
1301,1301,"https://iiif.micr.io/nCqmb/full/^300,/0/default.jpg",,1,1
1302,1302,"https://iiif.micr.io/NUxiC/full/^300,/0/default.jpg",,1,1
1303,1303,"https://iiif.micr.io/uGwBb/full/^300,/0/default.jpg",,1,1
1304,1304,"https://iiif.micr.io/qWXOs/full/^300,/0/default.jpg",,1,1
1305,1305,"https://iiif.micr.io/BLyWa/full/^300,/0/default.jpg",,1,1
1306,1306,"https://iiif.micr.io/OBDHd/full/^300,/0/default.jpg",,1,1
1307,1307,"https://iiif.micr.io/uGEno/full/^300,/0/default.jpg",,1,1
1308,1308,"https://iiif.micr.io/EIDGa/full/^300,/0/default.jpg",,1,1
1309,1309,"https://iiif.micr.io/cPJpP/full/^300,/0/default.jpg",,1,1
1310,1310,"https://iiif.micr.io/ujoxg/full/^300,/0/default.jpg",,1,1
1311,1311,"https://iiif.micr.io/WaYyQ/full/^300,/0/default.jpg",,1,1
1312,1312,"https://iiif.micr.io/GLgnL/full/^300,/0/default.jpg",,1,1
1313,1313,"https://iiif.micr.io/UxXsL/full/^300,/0/default.jpg",,1,1
1314,1314,"https://iiif.micr.io/NMLlF/full/^300,/0/default.jpg",,1,1
1315,1315,"https://iiif.micr.io/DPuGe/full/^300,/0/default.jpg",,1,1
1316,1316,"https://iiif.micr.io/XhZjm/full/^300,/0/default.jpg",,1,1
1317,1317,"https://iiif.micr.io/OrIPL/full/^300,/0/default.jpg",,1,1
1318,1318,"https://iiif.micr.io/TGhwn/full/^300,/0/default.jpg",,1,1
1319,1319,"https://iiif.micr.io/GKmym/full/^300,/0/default.jpg",,1,1
1320,1320,"https://iiif.micr.io/bTmWi/full/^300,/0/default.jpg",,1,1
1321,1321,"https://iiif.micr.io/PRywV/full/^300,/0/default.jpg",,1,1
1322,1322,"https://iiif.micr.io/PyWhT/full/^300,/0/default.jpg",,1,1
1323,1323,"https://iiif.micr.io/NlOjD/full/^300,/0/default.jpg",,1,1
1324,1324,"https://iiif.micr.io/vrSqi/full/^300,/0/default.jpg",,1,1
1325,1325,"https://iiif.micr.io/JqvAn/full/^300,/0/default.jpg",,1,1
1326,1326,"https://iiif.micr.io/Mgqut/full/^300,/0/default.jpg",,1,1
1327,1327,"https://iiif.micr.io/ksZrY/full/^300,/0/default.jpg",,1,1
1328,1328,"https://iiif.micr.io/MNEGe/full/^300,/0/default.jpg",,1,1
1329,1329,"https://iiif.micr.io/MtdAC/full/^300,/0/default.jpg",,1,1
1330,1330,"https://iiif.micr.io/VvlEj/full/^300,/0/default.jpg",,1,1
1331,1331,"https://iiif.micr.io/motUT/full/^300,/0/default.jpg",,1,1
1332,1332,"https://iiif.micr.io/zfVuT/full/^300,/0/default.jpg",,1,1
1333,1333,"https://iiif.micr.io/ZkiyC/full/^300,/0/default.jpg",,1,1
1334,1334,"https://iiif.micr.io/aykBt/full/^300,/0/default.jpg",,1,1
1335,1335,"https://iiif.micr.io/iTBVG/full/^300,/0/default.jpg",,1,1
1336,1336,"https://iiif.micr.io/BTAby/full/^300,/0/default.jpg",,1,1
1337,1337,"https://iiif.micr.io/AIQHd/full/^300,/0/default.jpg",,1,1
1338,1338,"https://iiif.micr.io/oEIjk/full/^300,/0/default.jpg",,1,1
1339,1339,"https://iiif.micr.io/PJruT/full/^300,/0/default.jpg",,1,1
1340,1340,"https://iiif.micr.io/HhKbF/full/^300,/0/default.jpg",,1,1
1341,1341,"https://iiif.micr.io/hqJCk/full/^300,/0/default.jpg",,1,1
1342,1342,"https://iiif.micr.io/mXGdI/full/^300,/0/default.jpg",,1,1
1343,1343,"https://iiif.micr.io/ddDly/full/^300,/0/default.jpg",,1,1
1344,1344,"https://iiif.micr.io/EjwAv/full/^300,/0/default.jpg",,1,1
1345,1345,"https://iiif.micr.io/fVctk/full/^300,/0/default.jpg",,1,1
1346,1346,"https://iiif.micr.io/rSpSC/full/^300,/0/default.jpg",,1,1
1347,1347,"https://iiif.micr.io/dqJaz/full/^300,/0/default.jpg",,1,1
1348,1348,"https://iiif.micr.io/cvtap/full/^300,/0/default.jpg",,1,1
1349,1349,"https://iiif.micr.io/hKbnm/full/^300,/0/default.jpg",,1,1
1350,1350,"https://iiif.micr.io/ijAbT/full/^300,/0/default.jpg",,1,1
1351,1351,"https://iiif.micr.io/VtcKH/full/^300,/0/default.jpg",,1,1
1352,1352,"https://iiif.micr.io/Trjdg/full/^300,/0/default.jpg",,1,1
1353,1353,"https://iiif.micr.io/WYEYf/full/^300,/0/default.jpg",,1,1
1354,1354,"https://iiif.micr.io/GkxYa/full/^300,/0/default.jpg",,1,1
1355,1355,"https://iiif.micr.io/jkOYo/full/^300,/0/default.jpg",,1,1
1356,1356,"https://iiif.micr.io/UptrE/full/^300,/0/default.jpg",,1,1
1357,1357,"https://iiif.micr.io/UdgUQ/full/^300,/0/default.jpg",,1,1
1358,1358,"https://iiif.micr.io/fdkAb/full/^300,/0/default.jpg",,1,1
1359,1359,"https://iiif.micr.io/yRmaM/full/^300,/0/default.jpg",,1,1
1360,1360,"https://iiif.micr.io/rgptm/full/^300,/0/default.jpg",,1,1
1361,1361,"https://iiif.micr.io/CjhyA/full/^300,/0/default.jpg",,1,1
1362,1362,"https://iiif.micr.io/yUlyr/full/^300,/0/default.jpg",,1,1
1363,1363,"https://iiif.micr.io/iGnlU/full/^300,/0/default.jpg",,1,1
1364,1364,"https://iiif.micr.io/pIUqY/full/^300,/0/default.jpg",,1,1
1365,1365,"https://iiif.micr.io/QAPkC/full/^300,/0/default.jpg",,1,1
1366,1366,"https://iiif.micr.io/BruWr/full/^300,/0/default.jpg",,1,1
1367,1367,"https://iiif.micr.io/vUxIV/full/^300,/0/default.jpg",,1,1
1368,1368,"https://iiif.micr.io/nzcqx/full/^300,/0/default.jpg",,1,1
1369,1369,"https://iiif.micr.io/pbFjw/full/^300,/0/default.jpg",,1,1
1370,1370,"https://iiif.micr.io/xuvJd/full/^300,/0/default.jpg",,1,1
1371,1371,"https://iiif.micr.io/DEVek/full/^300,/0/default.jpg",,1,1
1372,1372,"https://iiif.micr.io/iHtmn/full/^300,/0/default.jpg",,1,1
1373,1373,"https://iiif.micr.io/rjuRM/full/^300,/0/default.jpg",,1,1
1374,1374,"https://iiif.micr.io/vnTyt/full/^300,/0/default.jpg",,1,1
1375,1375,"https://iiif.micr.io/dIhrn/full/^300,/0/default.jpg",,1,1
1376,1376,"https://iiif.micr.io/rVeCC/full/^300,/0/default.jpg",,1,1
1377,1377,"https://iiif.micr.io/fJizE/full/^300,/0/default.jpg",,1,1
1378,1378,"https://iiif.micr.io/gfeqi/full/^300,/0/default.jpg",,1,1
1379,1379,"https://iiif.micr.io/NplJO/full/^300,/0/default.jpg",,1,1
1380,1380,"https://iiif.micr.io/jRFHp/full/^300,/0/default.jpg",,1,1
1381,1381,"https://iiif.micr.io/lWIRf/full/^300,/0/default.jpg",,1,1
1382,1382,"https://iiif.micr.io/axIJO/full/^300,/0/default.jpg",,1,1
1383,1383,"https://iiif.micr.io/ajrUH/full/^300,/0/default.jpg",,1,1
1384,1384,"https://iiif.micr.io/DkqUo/full/^300,/0/default.jpg",,1,1
1385,1385,"https://iiif.micr.io/ZRMVL/full/^300,/0/default.jpg",,1,1
1386,1386,"https://iiif.micr.io/FfSCb/full/^300,/0/default.jpg",,1,1
1387,1387,"https://iiif.micr.io/OVair/full/^300,/0/default.jpg",,1,1
1388,1388,"https://iiif.micr.io/jAPuE/full/^300,/0/default.jpg",,1,1
1389,1389,"https://iiif.micr.io/ZCpYJ/full/^300,/0/default.jpg",,1,1
1390,1390,"https://iiif.micr.io/ztYiB/full/^300,/0/default.jpg",,1,1
1391,1391,"https://iiif.micr.io/fdHPI/full/^300,/0/default.jpg",,1,1
1392,1392,"https://iiif.micr.io/cbfzP/full/^300,/0/default.jpg",,1,1
1393,1393,"https://iiif.micr.io/nSfFg/full/^300,/0/default.jpg",,1,1
1394,1394,"https://iiif.micr.io/mQkBq/full/^300,/0/default.jpg",,1,1
1395,1395,"https://iiif.micr.io/yZAQL/full/^300,/0/default.jpg",,1,1
1396,1396,"https://iiif.micr.io/AWQgv/full/^300,/0/default.jpg",,1,1
1397,1397,"https://iiif.micr.io/QYMsl/full/^300,/0/default.jpg",,1,1
1398,1398,"https://iiif.micr.io/jYWbw/full/^300,/0/default.jpg",,1,1
1399,1399,"https://iiif.micr.io/TXZiy/full/^300,/0/default.jpg",,1,1
1400,1400,"https://iiif.micr.io/hDZqB/full/^300,/0/default.jpg",,1,1
1401,1401,"https://iiif.micr.io/WQpcJ/full/^300,/0/default.jpg",,1,1
1402,1402,"https://iiif.micr.io/iotmT/full/^300,/0/default.jpg",,1,1
1403,1403,"https://iiif.micr.io/PvIvu/full/^300,/0/default.jpg",,1,1
1404,1404,"https://iiif.micr.io/STxkj/full/^300,/0/default.jpg",,1,1
1405,1405,"https://iiif.micr.io/yrPVr/full/^300,/0/default.jpg",,1,1
1406,1406,"https://iiif.micr.io/ICsrw/full/^300,/0/default.jpg",,1,1
1407,1407,"https://iiif.micr.io/ugasv/full/^300,/0/default.jpg",,1,1
1408,1408,"https://iiif.micr.io/CXXAg/full/^300,/0/default.jpg",,1,1
1409,1409,"https://iiif.micr.io/jZoGw/full/^300,/0/default.jpg",,1,1
1410,1410,"https://iiif.micr.io/IuKXN/full/^300,/0/default.jpg",,1,1
1411,1411,"https://iiif.micr.io/lKSEi/full/^300,/0/default.jpg",,1,1
1412,1412,"https://iiif.micr.io/DRcEO/full/^300,/0/default.jpg",,1,1
1413,1413,"https://iiif.micr.io/VdlPE/full/^300,/0/default.jpg",,1,1
1414,1414,"https://iiif.micr.io/nAskI/full/^300,/0/default.jpg",,1,1
1415,1415,"https://iiif.micr.io/BqhTI/full/^300,/0/default.jpg",,1,1
1416,1416,"https://iiif.micr.io/fjqWb/full/^300,/0/default.jpg",,1,1
1417,1417,"https://iiif.micr.io/dbetL/full/^300,/0/default.jpg",,1,1
1418,1418,"https://iiif.micr.io/hozqJ/full/^300,/0/default.jpg",,1,1
1419,1419,"https://iiif.micr.io/gCjjL/full/^300,/0/default.jpg",,1,1
1420,1420,"https://iiif.micr.io/vrWeW/full/^300,/0/default.jpg",,1,1
1421,1421,"https://iiif.micr.io/dILyF/full/^300,/0/default.jpg",,1,1
1422,1422,"https://iiif.micr.io/bhthW/full/^300,/0/default.jpg",,1,1
1423,1423,"https://iiif.micr.io/WwHjs/full/^300,/0/default.jpg",,1,1
1424,1424,"https://iiif.micr.io/iuppJ/full/^300,/0/default.jpg",,1,1
1425,1425,"https://iiif.micr.io/eYlLH/full/^300,/0/default.jpg",,1,1
1426,1426,"https://iiif.micr.io/TdmRs/full/^300,/0/default.jpg",,1,1
1427,1427,"https://iiif.micr.io/hDDVs/full/^300,/0/default.jpg",,1,1
1428,1428,"https://iiif.micr.io/NxANZ/full/^300,/0/default.jpg",,1,1
1429,1429,"https://iiif.micr.io/HGyhq/full/^300,/0/default.jpg",,1,1
1430,1430,"https://iiif.micr.io/OBSio/full/^300,/0/default.jpg",,1,1
1431,1431,"https://iiif.micr.io/RWNgY/full/^300,/0/default.jpg",,1,1
1432,1432,"https://iiif.micr.io/DMCuo/full/^300,/0/default.jpg",,1,1
1433,1433,"https://iiif.micr.io/iMQCO/full/^300,/0/default.jpg",,1,1
1434,1434,"https://iiif.micr.io/rXpWH/full/^300,/0/default.jpg",,1,1
1435,1435,"https://iiif.micr.io/DoCPf/full/^300,/0/default.jpg",,1,1
1436,1436,"https://iiif.micr.io/IbJic/full/^300,/0/default.jpg",,1,1
1437,1437,"https://iiif.micr.io/PipDo/full/^300,/0/default.jpg",,1,1
1438,1438,"https://iiif.micr.io/ruNeb/full/^300,/0/default.jpg",,1,1
1439,1439,"https://iiif.micr.io/oCgDa/full/^300,/0/default.jpg",,1,1
1440,1440,"https://iiif.micr.io/VMwhC/full/^300,/0/default.jpg",,1,1
1441,1441,"https://iiif.micr.io/NsahC/full/^300,/0/default.jpg",,1,1
1442,1442,"https://iiif.micr.io/RrdNU/full/^300,/0/default.jpg",,1,1
1443,1443,"https://iiif.micr.io/iacer/full/^300,/0/default.jpg",,1,1
1444,1444,"https://iiif.micr.io/CRHsN/full/^300,/0/default.jpg",,1,1
1445,1445,"https://iiif.micr.io/iqNoy/full/^300,/0/default.jpg",,1,1
1446,1446,"https://iiif.micr.io/IypQT/full/^300,/0/default.jpg",,1,1
1447,1447,"https://iiif.micr.io/GrjUb/full/^300,/0/default.jpg",,1,1
1448,1448,"https://iiif.micr.io/OlZpN/full/^300,/0/default.jpg",,1,1
1449,1449,"https://iiif.micr.io/motse/full/^300,/0/default.jpg",,1,1
1450,1450,"https://iiif.micr.io/ADegg/full/^300,/0/default.jpg",,1,1
1451,1451,"https://iiif.micr.io/ZjbYG/full/^300,/0/default.jpg",,1,1
1452,1452,"https://iiif.micr.io/mspux/full/^300,/0/default.jpg",,1,1
1453,1453,"https://iiif.micr.io/bJQgn/full/^300,/0/default.jpg",,1,1
1454,1454,"https://iiif.micr.io/rvRIk/full/^300,/0/default.jpg",,1,1
1455,1455,"https://iiif.micr.io/sUxIb/full/^300,/0/default.jpg",,1,1
1456,1456,"https://iiif.micr.io/yRjgH/full/^300,/0/default.jpg",,1,1
1457,1457,"https://iiif.micr.io/dFcqi/full/^300,/0/default.jpg",,1,1
1458,1458,"https://iiif.micr.io/DfmQc/full/^300,/0/default.jpg",,1,1
1459,1459,"https://iiif.micr.io/dMwkE/full/^300,/0/default.jpg",,1,1
1460,1460,"https://iiif.micr.io/hCRlj/full/^300,/0/default.jpg",,1,1
1461,1461,"https://iiif.micr.io/zpLiv/full/^300,/0/default.jpg",,1,1
1462,1462,"https://iiif.micr.io/aDkJa/full/^300,/0/default.jpg",,1,1
1463,1463,"https://iiif.micr.io/yqHEG/full/^300,/0/default.jpg",,1,1
1464,1464,"https://iiif.micr.io/LTFJX/full/^300,/0/default.jpg",,1,1
1465,1465,"https://iiif.micr.io/Yxaom/full/^300,/0/default.jpg",,1,1
1466,1466,"https://iiif.micr.io/KwfsJ/full/^300,/0/default.jpg",,1,1
1467,1467,"https://iiif.micr.io/mNSyz/full/^300,/0/default.jpg",,1,1
1468,1468,"https://iiif.micr.io/zjjMa/full/^300,/0/default.jpg",,1,1
1469,1469,"https://iiif.micr.io/oOcKv/full/^300,/0/default.jpg",,1,1
1470,1470,"https://iiif.micr.io/Echyp/full/^300,/0/default.jpg",,1,1
1471,1471,"https://iiif.micr.io/fmjqk/full/^300,/0/default.jpg",,1,1
1472,1472,"https://iiif.micr.io/MaDNl/full/^300,/0/default.jpg",,1,1
1473,1473,"https://iiif.micr.io/ZLcvR/full/^300,/0/default.jpg",,1,1
1474,1474,"https://iiif.micr.io/uUDxQ/full/^300,/0/default.jpg",,1,1
1475,1475,"https://iiif.micr.io/dRlEd/full/^300,/0/default.jpg",,1,1
1476,1476,"https://iiif.micr.io/rNcep/full/^300,/0/default.jpg",,1,1
1477,1477,"https://iiif.micr.io/SZuhk/full/^300,/0/default.jpg",,1,1
1478,1478,"https://iiif.micr.io/YHJPS/full/^300,/0/default.jpg",,1,1
1479,1479,"https://iiif.micr.io/TgsMQ/full/^300,/0/default.jpg",,1,1
1480,1480,"https://iiif.micr.io/SDGrS/full/^300,/0/default.jpg",,1,1
1481,1481,"https://iiif.micr.io/Bttpc/full/^300,/0/default.jpg",,1,1
1482,1482,"https://iiif.micr.io/CNloy/full/^300,/0/default.jpg",,1,1
1483,1483,"https://iiif.micr.io/GQdpb/full/^300,/0/default.jpg",,1,1
1484,1484,"https://iiif.micr.io/biMws/full/^300,/0/default.jpg",,1,1
1485,1485,"https://iiif.micr.io/ghWjU/full/^300,/0/default.jpg",,1,1
1486,1486,"https://iiif.micr.io/TJVeU/full/^300,/0/default.jpg",,1,1
1487,1487,"https://iiif.micr.io/VZeQg/full/^300,/0/default.jpg",,1,1
1488,1488,"https://iiif.micr.io/IVjwB/full/^300,/0/default.jpg",,1,1
1489,1489,"https://iiif.micr.io/kYaOd/full/^300,/0/default.jpg",,1,1
1490,1490,"https://iiif.micr.io/hjswS/full/^300,/0/default.jpg",,1,1
1491,1491,"https://iiif.micr.io/BnpMk/full/^300,/0/default.jpg",,1,1
1492,1492,"https://iiif.micr.io/YNSih/full/^300,/0/default.jpg",,1,1
1493,1493,"https://iiif.micr.io/fyvUO/full/^300,/0/default.jpg",,1,1
1494,1494,"https://iiif.micr.io/ERcrh/full/^300,/0/default.jpg",,1,1
1495,1495,"https://iiif.micr.io/cSpuP/full/^300,/0/default.jpg",,1,1
1496,1496,"https://iiif.micr.io/pwBqb/full/^300,/0/default.jpg",,1,1
1497,1497,"https://iiif.micr.io/kPZqu/full/^300,/0/default.jpg",,1,1
1498,1498,"https://iiif.micr.io/ZsEYh/full/^300,/0/default.jpg",,1,1
1499,1499,"https://iiif.micr.io/tgEOn/full/^300,/0/default.jpg",,1,1
1500,1500,"https://iiif.micr.io/eInmR/full/^300,/0/default.jpg",,1,1
1501,1501,"https://iiif.micr.io/vXWXR/full/^300,/0/default.jpg",,1,1
1502,1502,"https://iiif.micr.io/tfElW/full/^300,/0/default.jpg",,1,1
1503,1503,"https://iiif.micr.io/CfyiQ/full/^300,/0/default.jpg",,1,1
1504,1504,"https://iiif.micr.io/UEgdp/full/^300,/0/default.jpg",,1,1
1505,1505,"https://iiif.micr.io/DDqiX/full/^300,/0/default.jpg",,1,1
1506,1506,"https://iiif.micr.io/lSLew/full/^300,/0/default.jpg",,1,1
1507,1507,"https://iiif.micr.io/zACIH/full/^300,/0/default.jpg",,1,1
1508,1508,"https://iiif.micr.io/EUmad/full/^300,/0/default.jpg",,1,1
1509,1509,"https://iiif.micr.io/gAdNz/full/^300,/0/default.jpg",,1,1
1510,1510,"https://iiif.micr.io/badIG/full/^300,/0/default.jpg",,1,1
1511,1511,"https://iiif.micr.io/BHvIx/full/^300,/0/default.jpg",,1,1
1512,1512,"https://iiif.micr.io/FwLdg/full/^300,/0/default.jpg",,1,1
1513,1513,"https://iiif.micr.io/EiFSF/full/^300,/0/default.jpg",,1,1
1514,1514,"https://iiif.micr.io/gmvVs/full/^300,/0/default.jpg",,1,1
1515,1515,"https://iiif.micr.io/udRjU/full/^300,/0/default.jpg",,1,1
1516,1516,"https://iiif.micr.io/mkjGn/full/^300,/0/default.jpg",,1,1
1517,1517,"https://iiif.micr.io/TgJJY/full/^300,/0/default.jpg",,1,1
1518,1518,"https://iiif.micr.io/bWZvB/full/^300,/0/default.jpg",,1,1
1519,1519,"https://iiif.micr.io/kPhez/full/^300,/0/default.jpg",,1,1
1520,1520,"https://iiif.micr.io/iYjYd/full/^300,/0/default.jpg",,1,1
1521,1521,"https://iiif.micr.io/aYgfy/full/^300,/0/default.jpg",,1,1
1522,1522,"https://iiif.micr.io/fwnQB/full/^300,/0/default.jpg",,1,1
1523,1523,"https://iiif.micr.io/RObkH/full/^300,/0/default.jpg",,1,1
1524,1524,"https://iiif.micr.io/Hwach/full/^300,/0/default.jpg",,1,1
1525,1525,"https://iiif.micr.io/huFxE/full/^300,/0/default.jpg",,1,1
1526,1526,"https://iiif.micr.io/NKJaO/full/^300,/0/default.jpg",,1,1
1527,1527,"https://iiif.micr.io/XELWf/full/^300,/0/default.jpg",,1,1
1528,1528,"https://iiif.micr.io/jFlCQ/full/^300,/0/default.jpg",,1,1
1529,1529,"https://iiif.micr.io/qxEmB/full/^300,/0/default.jpg",,1,1
1530,1530,"https://iiif.micr.io/oLMki/full/^300,/0/default.jpg",,1,1
1531,1531,"https://iiif.micr.io/ECnxt/full/^300,/0/default.jpg",,1,1
1532,1532,"https://iiif.micr.io/WIcHi/full/^300,/0/default.jpg",,1,1
1533,1533,"https://iiif.micr.io/pjcdK/full/^300,/0/default.jpg",,1,1
1534,1534,"https://iiif.micr.io/GfHTe/full/^300,/0/default.jpg",,1,1
1535,1535,"https://iiif.micr.io/iDNOr/full/^300,/0/default.jpg",,1,1
1536,1536,"https://iiif.micr.io/Dsvct/full/^300,/0/default.jpg",,1,1
1537,1537,"https://iiif.micr.io/gKGxG/full/^300,/0/default.jpg",,1,1
1538,1538,"https://iiif.micr.io/YjIBd/full/^300,/0/default.jpg",,1,1
1539,1539,"https://iiif.micr.io/FuTVM/full/^300,/0/default.jpg",,1,1
1540,1540,"https://iiif.micr.io/fSKGk/full/^300,/0/default.jpg",,1,1
1541,1541,"https://iiif.micr.io/FRIyk/full/^300,/0/default.jpg",,1,1
1542,1542,"https://iiif.micr.io/PRTqm/full/^300,/0/default.jpg",,1,1
1543,1543,"https://iiif.micr.io/GAFSJ/full/^300,/0/default.jpg",,1,1
1544,1544,"https://iiif.micr.io/iAvYk/full/^300,/0/default.jpg",,1,1
1545,1545,"https://iiif.micr.io/yCQQT/full/^300,/0/default.jpg",,1,1
1546,1546,"https://iiif.micr.io/mJKyt/full/^300,/0/default.jpg",,1,1
1547,1547,"https://iiif.micr.io/yUEVo/full/^300,/0/default.jpg",,1,1
1548,1548,"https://iiif.micr.io/dOwAb/full/^300,/0/default.jpg",,1,1
1549,1549,"https://iiif.micr.io/QEtbu/full/^300,/0/default.jpg",,1,1
1550,1550,"https://iiif.micr.io/uCXbl/full/^300,/0/default.jpg",,1,1
1551,1551,"https://iiif.micr.io/HKBwK/full/^300,/0/default.jpg",,1,1
1552,1552,"https://iiif.micr.io/ZTQZL/full/^300,/0/default.jpg",,1,1
1553,1553,"https://iiif.micr.io/kFRuC/full/^300,/0/default.jpg",,1,1
1554,1554,"https://iiif.micr.io/qvuRU/full/^300,/0/default.jpg",,1,1
1555,1555,"https://iiif.micr.io/hSDeR/full/^300,/0/default.jpg",,1,1
1556,1556,"https://iiif.micr.io/cVDdf/full/^300,/0/default.jpg",,1,1
1557,1557,"https://iiif.micr.io/ZzpIo/full/^300,/0/default.jpg",,1,1
1558,1558,"https://iiif.micr.io/tjAdh/full/^300,/0/default.jpg",,1,1
1559,1559,"https://iiif.micr.io/IrXBU/full/^300,/0/default.jpg",,1,1
1560,1560,"https://iiif.micr.io/osmGC/full/^300,/0/default.jpg",,1,1
1561,1561,"https://iiif.micr.io/SrbNu/full/^300,/0/default.jpg",,1,1
1562,1562,"https://iiif.micr.io/kKqfX/full/^300,/0/default.jpg",,1,1
1563,1563,"https://iiif.micr.io/MCcEI/full/^300,/0/default.jpg",,1,1
1564,1564,"https://iiif.micr.io/dzUWT/full/^300,/0/default.jpg",,1,1
1565,1565,"https://iiif.micr.io/QZvpP/full/^300,/0/default.jpg",,1,1
1566,1566,"https://iiif.micr.io/VWwJM/full/^300,/0/default.jpg",,1,1
1567,1567,"https://iiif.micr.io/SrLHx/full/^300,/0/default.jpg",,1,1
1568,1568,"https://iiif.micr.io/MdjrT/full/^300,/0/default.jpg",,1,1
1569,1569,"https://iiif.micr.io/FTZKd/full/^300,/0/default.jpg",,1,1
1570,1570,"https://iiif.micr.io/yZdIy/full/^300,/0/default.jpg",,1,1
1571,1571,"https://iiif.micr.io/dFBXO/full/^300,/0/default.jpg",,1,1
1572,1572,"https://iiif.micr.io/aLLgK/full/^300,/0/default.jpg",,1,1
1573,1573,"https://iiif.micr.io/IWacC/full/^300,/0/default.jpg",,1,1
1574,1574,"https://iiif.micr.io/pXxWZ/full/^300,/0/default.jpg",,1,1
1575,1575,"https://iiif.micr.io/ThvZZ/full/^300,/0/default.jpg",,1,1
1576,1576,"https://iiif.micr.io/TXmDn/full/^300,/0/default.jpg",,1,1
1577,1577,"https://iiif.micr.io/KnHsH/full/^300,/0/default.jpg",,1,1
1578,1578,"https://iiif.micr.io/QgJxM/full/^300,/0/default.jpg",,1,1
1579,1579,"https://iiif.micr.io/iqmni/full/^300,/0/default.jpg",,1,1
1580,1580,"https://iiif.micr.io/nAMOV/full/^300,/0/default.jpg",,1,1
1581,1581,"https://iiif.micr.io/yZhhA/full/^300,/0/default.jpg",,1,1
1582,1582,"https://iiif.micr.io/QCydC/full/^300,/0/default.jpg",,1,1
1583,1583,"https://iiif.micr.io/fQvkp/full/^300,/0/default.jpg",,1,1
1584,1584,"https://iiif.micr.io/IZqXz/full/^300,/0/default.jpg",,1,1
1585,1585,"https://iiif.micr.io/gNLJs/full/^300,/0/default.jpg",,1,1
1586,1586,"https://iiif.micr.io/NngKy/full/^300,/0/default.jpg",,1,1
1587,1587,"https://iiif.micr.io/RvTDQ/full/^300,/0/default.jpg",,1,1
1588,1588,"https://iiif.micr.io/dVZZL/full/^300,/0/default.jpg",,1,1
1589,1589,"https://iiif.micr.io/noLyw/full/^300,/0/default.jpg",,1,1
1590,1590,"https://iiif.micr.io/BQrEw/full/^300,/0/default.jpg",,1,1
1591,1591,"https://iiif.micr.io/bSuve/full/^300,/0/default.jpg",,1,1
1592,1592,"https://iiif.micr.io/UeQpo/full/^300,/0/default.jpg",,1,1
1593,1593,"https://iiif.micr.io/dwLkI/full/^300,/0/default.jpg",,1,1
1594,1594,"https://iiif.micr.io/OIYof/full/^300,/0/default.jpg",,1,1
1595,1595,"https://iiif.micr.io/OUYpS/full/^300,/0/default.jpg",,1,1
1596,1596,"https://iiif.micr.io/YvzYc/full/^300,/0/default.jpg",,1,1
1597,1597,"https://iiif.micr.io/qJLtY/full/^300,/0/default.jpg",,1,1
1598,1598,"https://iiif.micr.io/ImMbY/full/^300,/0/default.jpg",,1,1
1599,1599,"https://iiif.micr.io/qUcpY/full/^300,/0/default.jpg",,1,1
1600,1600,"https://iiif.micr.io/zVASJ/full/^300,/0/default.jpg",,1,1
1601,1601,"https://iiif.micr.io/HVfCX/full/^300,/0/default.jpg",,1,1
1602,1602,"https://iiif.micr.io/tGRMQ/full/^300,/0/default.jpg",,1,1
1603,1603,"https://iiif.micr.io/CzEnl/full/^300,/0/default.jpg",,1,1
1604,1604,"https://iiif.micr.io/Emzdk/full/^300,/0/default.jpg",,1,1
1605,1605,"https://iiif.micr.io/pNfIn/full/^300,/0/default.jpg",,1,1
1606,1606,"https://iiif.micr.io/vZcnB/full/^300,/0/default.jpg",,1,1
1607,1607,"https://iiif.micr.io/ayqfm/full/^300,/0/default.jpg",,1,1
1608,1608,"https://iiif.micr.io/vXgrL/full/^300,/0/default.jpg",,1,1
1609,1609,"https://iiif.micr.io/jUGFl/full/^300,/0/default.jpg",,1,1
1610,1610,"https://iiif.micr.io/KcCOo/full/^300,/0/default.jpg",,1,1
1611,1611,"https://iiif.micr.io/SgYcq/full/^300,/0/default.jpg",,1,1
1612,1612,"https://iiif.micr.io/txrIl/full/^300,/0/default.jpg",,1,1
1613,1613,"https://iiif.micr.io/pnAEJ/full/^300,/0/default.jpg",,1,1
1614,1614,"https://iiif.micr.io/SvdIw/full/^300,/0/default.jpg",,1,1
1615,1615,"https://iiif.micr.io/BqPjM/full/^300,/0/default.jpg",,1,1
1616,1616,"https://iiif.micr.io/DXuQC/full/^300,/0/default.jpg",,1,1
1617,1617,"https://iiif.micr.io/qGGIx/full/^300,/0/default.jpg",,1,1
1618,1618,"https://iiif.micr.io/OGFzv/full/^300,/0/default.jpg",,1,1
1619,1619,"https://iiif.micr.io/yhiBU/full/^300,/0/default.jpg",,1,1
1620,1620,"https://iiif.micr.io/vIwIj/full/^300,/0/default.jpg",,1,1
1621,1621,"https://iiif.micr.io/sMbuu/full/^300,/0/default.jpg",,1,1
1622,1622,"https://iiif.micr.io/RdhVG/full/^300,/0/default.jpg",,1,1
1623,1623,"https://iiif.micr.io/tLJJW/full/^300,/0/default.jpg",,1,1
1624,1624,"https://iiif.micr.io/ObGtw/full/^300,/0/default.jpg",,1,1
1625,1625,"https://iiif.micr.io/igZGp/full/^300,/0/default.jpg",,1,1
1626,1626,"https://iiif.micr.io/YnaDN/full/^300,/0/default.jpg",,1,1
1627,1627,"https://iiif.micr.io/YVKlX/full/^300,/0/default.jpg",,1,1
1628,1628,"https://iiif.micr.io/GXpRE/full/^300,/0/default.jpg",,1,1
1629,1629,"https://iiif.micr.io/XvfVv/full/^300,/0/default.jpg",,1,1
1630,1630,"https://iiif.micr.io/CbnRt/full/^300,/0/default.jpg",,1,1
1631,1631,"https://iiif.micr.io/ElXwu/full/^300,/0/default.jpg",,1,1
1632,1632,"https://iiif.micr.io/ukrzI/full/^300,/0/default.jpg",,1,1
1633,1633,"https://iiif.micr.io/kKfsF/full/^300,/0/default.jpg",,1,1
1634,1634,"https://iiif.micr.io/ZFcKf/full/^300,/0/default.jpg",,1,1
1635,1635,"https://iiif.micr.io/EXTOM/full/^300,/0/default.jpg",,1,1
1636,1636,"https://iiif.micr.io/pXUot/full/^300,/0/default.jpg",,1,1
1637,1637,"https://iiif.micr.io/bBuRc/full/^300,/0/default.jpg",,1,1
1638,1638,"https://iiif.micr.io/SUhqs/full/^300,/0/default.jpg",,1,1
1639,1639,"https://iiif.micr.io/eprJd/full/^300,/0/default.jpg",,1,1
1640,1640,"https://iiif.micr.io/UOMtg/full/^300,/0/default.jpg",,1,1
1641,1641,"https://iiif.micr.io/UdYwJ/full/^300,/0/default.jpg",,1,1
1642,1642,"https://iiif.micr.io/ESkjU/full/^300,/0/default.jpg",,1,1
1643,1643,"https://iiif.micr.io/Dovsw/full/^300,/0/default.jpg",,1,1
1644,1644,"https://iiif.micr.io/jgpMI/full/^300,/0/default.jpg",,1,1
1645,1645,"https://iiif.micr.io/wWoHd/full/^300,/0/default.jpg",,1,1
1646,1646,"https://iiif.micr.io/BDkrI/full/^300,/0/default.jpg",,1,1
1647,1647,"https://iiif.micr.io/cGQRA/full/^300,/0/default.jpg",,1,1
1648,1648,"https://iiif.micr.io/IxAOB/full/^300,/0/default.jpg",,1,1
1649,1649,"https://iiif.micr.io/lxzxX/full/^300,/0/default.jpg",,1,1
1650,1650,"https://iiif.micr.io/WJSjg/full/^300,/0/default.jpg",,1,1
1651,1651,"https://iiif.micr.io/GyXxs/full/^300,/0/default.jpg",,1,1
1652,1652,"https://iiif.micr.io/DqdYH/full/^300,/0/default.jpg",,1,1
1653,1653,"https://iiif.micr.io/LOnUl/full/^300,/0/default.jpg",,1,1
1654,1654,"https://iiif.micr.io/DitNF/full/^300,/0/default.jpg",,1,1
1655,1655,"https://iiif.micr.io/IvnIB/full/^300,/0/default.jpg",,1,1
1656,1656,"https://iiif.micr.io/sABNU/full/^300,/0/default.jpg",,1,1
1657,1657,"https://iiif.micr.io/KcnwT/full/^300,/0/default.jpg",,1,1
1658,1658,"https://iiif.micr.io/AtOZj/full/^300,/0/default.jpg",,1,1
1659,1659,"https://iiif.micr.io/vuboc/full/^300,/0/default.jpg",,1,1
1660,1660,"https://iiif.micr.io/zTJWl/full/^300,/0/default.jpg",,1,1
1661,1661,"https://iiif.micr.io/xQeFm/full/^300,/0/default.jpg",,1,1
1662,1662,"https://iiif.micr.io/TdoiN/full/^300,/0/default.jpg",,1,1
1663,1663,"https://iiif.micr.io/IWtaV/full/^300,/0/default.jpg",,1,1
1664,1664,"https://iiif.micr.io/Pfres/full/^300,/0/default.jpg",,1,1
1665,1665,"https://iiif.micr.io/MDvfN/full/^300,/0/default.jpg",,1,1
1666,1666,"https://iiif.micr.io/DQwJt/full/^300,/0/default.jpg",,1,1
1667,1667,"https://iiif.micr.io/Yrezu/full/^300,/0/default.jpg",,1,1
1668,1668,"https://iiif.micr.io/qddtd/full/^300,/0/default.jpg",,1,1
1669,1669,"https://iiif.micr.io/cbRju/full/^300,/0/default.jpg",,1,1
1670,1670,"https://iiif.micr.io/BGhve/full/^300,/0/default.jpg",,1,1
1671,1671,"https://iiif.micr.io/iXoGE/full/^300,/0/default.jpg",,1,1
1672,1672,"https://iiif.micr.io/yhpsd/full/^300,/0/default.jpg",,1,1
1673,1673,"https://iiif.micr.io/WtLJj/full/^300,/0/default.jpg",,1,1
1674,1674,"https://iiif.micr.io/WuwtI/full/^300,/0/default.jpg",,1,1
1675,1675,"https://iiif.micr.io/nkpEL/full/^300,/0/default.jpg",,1,1
1676,1676,"https://iiif.micr.io/oNFxu/full/^300,/0/default.jpg",,1,1
1677,1677,"https://iiif.micr.io/dYGQE/full/^300,/0/default.jpg",,1,1
1678,1678,"https://iiif.micr.io/tGSgI/full/^300,/0/default.jpg",,1,1
1679,1679,"https://iiif.micr.io/cWzKA/full/^300,/0/default.jpg",,1,1
1680,1680,"https://iiif.micr.io/PLrib/full/^300,/0/default.jpg",,1,1
1681,1681,"https://iiif.micr.io/SgoHr/full/^300,/0/default.jpg",,1,1
1682,1682,"https://iiif.micr.io/wBdau/full/^300,/0/default.jpg",,1,1
1683,1683,"https://iiif.micr.io/nsmxh/full/^300,/0/default.jpg",,1,1
1684,1684,"https://iiif.micr.io/uzdzI/full/^300,/0/default.jpg",,1,1
1685,1685,"https://iiif.micr.io/sBAmK/full/^300,/0/default.jpg",,1,1
1686,1686,"https://iiif.micr.io/zUXTN/full/^300,/0/default.jpg",,1,1
1687,1687,"https://iiif.micr.io/YgvVu/full/^300,/0/default.jpg",,1,1
1688,1688,"https://iiif.micr.io/Svaui/full/^300,/0/default.jpg",,1,1
1689,1689,"https://iiif.micr.io/zUuIn/full/^300,/0/default.jpg",,1,1
1690,1690,"https://iiif.micr.io/ScxNC/full/^300,/0/default.jpg",,1,1
1691,1691,"https://iiif.micr.io/GQpMp/full/^300,/0/default.jpg",,1,1
1692,1692,"https://iiif.micr.io/XCIJJ/full/^300,/0/default.jpg",,1,1
1693,1693,"https://iiif.micr.io/YynkY/full/^300,/0/default.jpg",,1,1
1694,1694,"https://iiif.micr.io/PnbSN/full/^300,/0/default.jpg",,1,1
1695,1695,"https://iiif.micr.io/hZzev/full/^300,/0/default.jpg",,1,1
1696,1696,"https://iiif.micr.io/aIGcU/full/^300,/0/default.jpg",,1,1
1697,1697,"https://iiif.micr.io/RZhIC/full/^300,/0/default.jpg",,1,1
1698,1698,"https://iiif.micr.io/JsAku/full/^300,/0/default.jpg",,1,1
1699,1699,"https://iiif.micr.io/AUYfK/full/^300,/0/default.jpg",,1,1
1700,1700,"https://iiif.micr.io/qRkqi/full/^300,/0/default.jpg",,1,1
1701,1701,"https://iiif.micr.io/pLQNf/full/^300,/0/default.jpg",,1,1
1702,1702,"https://iiif.micr.io/JJJCs/full/^300,/0/default.jpg",,1,1
1703,1703,"https://iiif.micr.io/vJRmJ/full/^300,/0/default.jpg",,1,1
1704,1704,"https://iiif.micr.io/YRusn/full/^300,/0/default.jpg",,1,1
1705,1705,"https://iiif.micr.io/CUfZw/full/^300,/0/default.jpg",,1,1
1706,1706,"https://iiif.micr.io/CvSML/full/^300,/0/default.jpg",,1,1
1707,1707,"https://iiif.micr.io/xgJeJ/full/^300,/0/default.jpg",,1,1
1708,1708,"https://iiif.micr.io/uOBrm/full/^300,/0/default.jpg",,1,1
1709,1709,"https://iiif.micr.io/FteDT/full/^300,/0/default.jpg",,1,1
1710,1710,"https://iiif.micr.io/tugKr/full/^300,/0/default.jpg",,1,1
1711,1711,"https://iiif.micr.io/QprpY/full/^300,/0/default.jpg",,1,1
1712,1712,"https://iiif.micr.io/aknFT/full/^300,/0/default.jpg",,1,1
1713,1713,"https://iiif.micr.io/lzelr/full/^300,/0/default.jpg",,1,1
1714,1714,"https://iiif.micr.io/QpNsx/full/^300,/0/default.jpg",,1,1
1715,1715,"https://iiif.micr.io/psrIU/full/^300,/0/default.jpg",,1,1
1716,1716,"https://iiif.micr.io/RAUfC/full/^300,/0/default.jpg",,1,1
1717,1717,"https://iiif.micr.io/DZtRB/full/^300,/0/default.jpg",,1,1
1718,1718,"https://iiif.micr.io/yofEl/full/^300,/0/default.jpg",,1,1
1719,1719,"https://iiif.micr.io/aQpQl/full/^300,/0/default.jpg",,1,1
1720,1720,"https://iiif.micr.io/TRhBd/full/^300,/0/default.jpg",,1,1
1721,1721,"https://iiif.micr.io/VtTSw/full/^300,/0/default.jpg",,1,1
1722,1722,"https://iiif.micr.io/idlSA/full/^300,/0/default.jpg",,1,1
1723,1723,"https://iiif.micr.io/lxKxt/full/^300,/0/default.jpg",,1,1
1724,1724,"https://iiif.micr.io/moHec/full/^300,/0/default.jpg",,1,1
1725,1725,"https://iiif.micr.io/FuxRX/full/^300,/0/default.jpg",,1,1
1726,1726,"https://iiif.micr.io/fORIy/full/^300,/0/default.jpg",,1,1
1727,1727,"https://iiif.micr.io/zewqH/full/^300,/0/default.jpg",,1,1
1728,1728,"https://iiif.micr.io/RnLGk/full/^300,/0/default.jpg",,1,1
1729,1729,"https://iiif.micr.io/ZvHwJ/full/^300,/0/default.jpg",,1,1
1730,1730,"https://iiif.micr.io/qNlWy/full/^300,/0/default.jpg",,1,1
1731,1731,"https://iiif.micr.io/GdWZT/full/^300,/0/default.jpg",,1,1
1732,1732,"https://iiif.micr.io/RLvEn/full/^300,/0/default.jpg",,1,1
1733,1733,"https://iiif.micr.io/UBTXJ/full/^300,/0/default.jpg",,1,1
1734,1734,"https://iiif.micr.io/wCZZa/full/^300,/0/default.jpg",,1,1
1735,1735,"https://iiif.micr.io/lIFLn/full/^300,/0/default.jpg",,1,1
1736,1736,"https://iiif.micr.io/DeqKC/full/^300,/0/default.jpg",,1,1
1737,1737,"https://iiif.micr.io/TfBal/full/^300,/0/default.jpg",,1,1
1738,1738,"https://iiif.micr.io/LDBMl/full/^300,/0/default.jpg",,1,1
1739,1739,"https://iiif.micr.io/KpJSi/full/^300,/0/default.jpg",,1,1
1740,1740,"https://iiif.micr.io/pJwfP/full/^300,/0/default.jpg",,1,1
1741,1741,"https://iiif.micr.io/jOQee/full/^300,/0/default.jpg",,1,1
1742,1742,"https://iiif.micr.io/uJAVJ/full/^300,/0/default.jpg",,1,1
1743,1743,"https://iiif.micr.io/vJbDu/full/^300,/0/default.jpg",,1,1
1744,1744,"https://iiif.micr.io/WReHv/full/^300,/0/default.jpg",,1,1
1745,1745,"https://iiif.micr.io/hcBse/full/^300,/0/default.jpg",,1,1
1746,1746,"https://iiif.micr.io/YIgLn/full/^300,/0/default.jpg",,1,1
1747,1747,"https://iiif.micr.io/afIXQ/full/^300,/0/default.jpg",,1,1
1748,1748,"https://iiif.micr.io/LKsps/full/^300,/0/default.jpg",,1,1
1749,1749,"https://iiif.micr.io/yYcLh/full/^300,/0/default.jpg",,1,1
1750,1750,"https://iiif.micr.io/QgDSF/full/^300,/0/default.jpg",,1,1
1751,1751,"https://iiif.micr.io/eLXLE/full/^300,/0/default.jpg",,1,1
1752,1752,"https://iiif.micr.io/RzAgn/full/^300,/0/default.jpg",,1,1
1753,1753,"https://iiif.micr.io/sIfQl/full/^300,/0/default.jpg",,1,1
1754,1754,"https://iiif.micr.io/lNHSk/full/^300,/0/default.jpg",,1,1
1755,1755,"https://iiif.micr.io/SHBcY/full/^300,/0/default.jpg",,1,1
1756,1756,"https://iiif.micr.io/IEFqD/full/^300,/0/default.jpg",,1,1
1757,1757,"https://iiif.micr.io/tAzNz/full/^300,/0/default.jpg",,1,1
1758,1758,"https://iiif.micr.io/IdMmm/full/^300,/0/default.jpg",,1,1
1759,1759,"https://iiif.micr.io/FxWNy/full/^300,/0/default.jpg",,1,1
1760,1760,"https://iiif.micr.io/ykSLY/full/^300,/0/default.jpg",,1,1
1761,1761,"https://iiif.micr.io/jhzLv/full/^300,/0/default.jpg",,1,1
1762,1762,"https://iiif.micr.io/diYPU/full/^300,/0/default.jpg",,1,1
1763,1763,"https://iiif.micr.io/GfEZU/full/^300,/0/default.jpg",,1,1
1764,1764,"https://iiif.micr.io/wjoyf/full/^300,/0/default.jpg",,1,1
1765,1765,"https://iiif.micr.io/UxMKX/full/^300,/0/default.jpg",,1,1
1766,1766,"https://iiif.micr.io/Xrcav/full/^300,/0/default.jpg",,1,1
1767,1767,"https://iiif.micr.io/bfNpA/full/^300,/0/default.jpg",,1,1
1768,1768,"https://iiif.micr.io/XAwuw/full/^300,/0/default.jpg",,1,1
1769,1769,"https://iiif.micr.io/Usdeq/full/^300,/0/default.jpg",,1,1
1770,1770,"https://iiif.micr.io/PhHIk/full/^300,/0/default.jpg",,1,1
1771,1771,"https://iiif.micr.io/AWdPq/full/^300,/0/default.jpg",,1,1
1772,1772,"https://iiif.micr.io/YKOxz/full/^300,/0/default.jpg",,1,1
1773,1773,"https://iiif.micr.io/TaEID/full/^300,/0/default.jpg",,1,1
1774,1774,"https://iiif.micr.io/AsixQ/full/^300,/0/default.jpg",,1,1
1775,1775,"https://iiif.micr.io/myFWa/full/^300,/0/default.jpg",,1,1
1776,1776,"https://iiif.micr.io/WxLKV/full/^300,/0/default.jpg",,1,1
1777,1777,"https://iiif.micr.io/cPvWm/full/^300,/0/default.jpg",,1,1
1778,1778,"https://iiif.micr.io/iFTfQ/full/^300,/0/default.jpg",,1,1
1779,1779,"https://iiif.micr.io/oRMIB/full/^300,/0/default.jpg",,1,1
1780,1780,"https://iiif.micr.io/CLxgC/full/^300,/0/default.jpg",,1,1
1781,1781,"https://iiif.micr.io/giPnJ/full/^300,/0/default.jpg",,1,1
1782,1782,"https://iiif.micr.io/XtAMW/full/^300,/0/default.jpg",,1,1
1783,1783,"https://iiif.micr.io/FnqLD/full/^300,/0/default.jpg",,1,1
1784,1784,"https://iiif.micr.io/LVGfg/full/^300,/0/default.jpg",,1,1
1785,1785,"https://iiif.micr.io/TBjRV/full/^300,/0/default.jpg",,1,1
1786,1786,"https://iiif.micr.io/LwHUv/full/^300,/0/default.jpg",,1,1
1787,1787,"https://iiif.micr.io/Ztkik/full/^300,/0/default.jpg",,1,1
1788,1788,"https://iiif.micr.io/lprPm/full/^300,/0/default.jpg",,1,1
1789,1789,"https://iiif.micr.io/urCiP/full/^300,/0/default.jpg",,1,1
1790,1790,"https://iiif.micr.io/WEAby/full/^300,/0/default.jpg",,1,1
1791,1791,"https://iiif.micr.io/CrOda/full/^300,/0/default.jpg",,1,1
1792,1792,"https://iiif.micr.io/dlkrc/full/^300,/0/default.jpg",,1,1
1793,1793,"https://iiif.micr.io/wCpJb/full/^300,/0/default.jpg",,1,1
1794,1794,"https://iiif.micr.io/SSrGE/full/^300,/0/default.jpg",,1,1
1795,1795,"https://iiif.micr.io/JSgxu/full/^300,/0/default.jpg",,1,1
1796,1796,"https://iiif.micr.io/ubBAw/full/^300,/0/default.jpg",,1,1
1797,1797,"https://iiif.micr.io/tVJfY/full/^300,/0/default.jpg",,1,1
1798,1798,"https://iiif.micr.io/AeLME/full/^300,/0/default.jpg",,1,1
1799,1799,"https://iiif.micr.io/QMLFP/full/^300,/0/default.jpg",,1,1
1800,1800,"https://iiif.micr.io/UoKCr/full/^300,/0/default.jpg",,1,1
1801,1801,"https://iiif.micr.io/bbmBz/full/^300,/0/default.jpg",,1,1
1802,1802,"https://iiif.micr.io/QvsLd/full/^300,/0/default.jpg",,1,1
1803,1803,"https://iiif.micr.io/cmXQl/full/^300,/0/default.jpg",,1,1
1804,1804,"https://iiif.micr.io/txhDM/full/^300,/0/default.jpg",,1,1
1805,1805,"https://iiif.micr.io/XIJkV/full/^300,/0/default.jpg",,1,1
1806,1806,"https://iiif.micr.io/QtBCM/full/^300,/0/default.jpg",,1,1
1807,1807,"https://iiif.micr.io/dxraZ/full/^300,/0/default.jpg",,1,1
1808,1808,"https://iiif.micr.io/BfGAr/full/^300,/0/default.jpg",,1,1
1809,1809,"https://iiif.micr.io/AJISA/full/^300,/0/default.jpg",,1,1
1810,1810,"https://iiif.micr.io/tFZUh/full/^300,/0/default.jpg",,1,1
1811,1811,"https://iiif.micr.io/EUwXO/full/^300,/0/default.jpg",,1,1
1812,1812,"https://iiif.micr.io/lmRFZ/full/^300,/0/default.jpg",,1,1
1813,1813,"https://iiif.micr.io/MvBWp/full/^300,/0/default.jpg",,1,1
1814,1814,"https://iiif.micr.io/MSnBp/full/^300,/0/default.jpg",,1,1
1815,1815,"https://iiif.micr.io/Bxanb/full/^300,/0/default.jpg",,1,1
1816,1816,"https://iiif.micr.io/QnZZc/full/^300,/0/default.jpg",,1,1
1817,1817,"https://iiif.micr.io/lkRYQ/full/^300,/0/default.jpg",,1,1
1818,1818,"https://iiif.micr.io/knLcv/full/^300,/0/default.jpg",,1,1
1819,1819,"https://iiif.micr.io/qOTvW/full/^300,/0/default.jpg",,1,1
1820,1820,"https://iiif.micr.io/QkUic/full/^300,/0/default.jpg",,1,1
1821,1821,"https://iiif.micr.io/cVdQv/full/^300,/0/default.jpg",,1,1
1822,1822,"https://iiif.micr.io/WKJdE/full/^300,/0/default.jpg",,1,1
1823,1823,"https://iiif.micr.io/EsnFn/full/^300,/0/default.jpg",,1,1
1824,1824,"https://iiif.micr.io/acVvv/full/^300,/0/default.jpg",,1,1
1825,1825,"https://iiif.micr.io/udtTI/full/^300,/0/default.jpg",,1,1
1826,1826,"https://iiif.micr.io/HAywk/full/^300,/0/default.jpg",,1,1
1827,1827,"https://iiif.micr.io/cUMGE/full/^300,/0/default.jpg",,1,1
1828,1828,"https://iiif.micr.io/ruDwA/full/^300,/0/default.jpg",,1,1
1829,1829,"https://iiif.micr.io/qTJGo/full/^300,/0/default.jpg",,1,1
1830,1830,"https://iiif.micr.io/xcOkl/full/^300,/0/default.jpg",,1,1
1831,1831,"https://iiif.micr.io/tAhNG/full/^300,/0/default.jpg",,1,1
1832,1832,"https://iiif.micr.io/dVZlO/full/^300,/0/default.jpg",,1,1
1833,1833,"https://iiif.micr.io/DzNNo/full/^300,/0/default.jpg",,1,1
1834,1834,"https://iiif.micr.io/OfDty/full/^300,/0/default.jpg",,1,1
1835,1835,"https://iiif.micr.io/KyqKR/full/^300,/0/default.jpg",,1,1
1836,1836,"https://iiif.micr.io/RfgRc/full/^300,/0/default.jpg",,1,1
1837,1837,"https://iiif.micr.io/UtZlr/full/^300,/0/default.jpg",,1,1
1838,1838,"https://iiif.micr.io/KOuxs/full/^300,/0/default.jpg",,1,1
1839,1839,"https://iiif.micr.io/dLRvq/full/^300,/0/default.jpg",,1,1
1840,1840,"https://iiif.micr.io/Hqaye/full/^300,/0/default.jpg",,1,1
1841,1841,"https://iiif.micr.io/UPbbb/full/^300,/0/default.jpg",,1,1
1842,1842,"https://iiif.micr.io/pODem/full/^300,/0/default.jpg",,1,1
1843,1843,"https://iiif.micr.io/eqQZE/full/^300,/0/default.jpg",,1,1
1844,1844,"https://iiif.micr.io/HjWsX/full/^300,/0/default.jpg",,1,1
1845,1845,"https://iiif.micr.io/LUlJQ/full/^300,/0/default.jpg",,1,1
1846,1846,"https://iiif.micr.io/KDmZN/full/^300,/0/default.jpg",,1,1
1847,1847,"https://iiif.micr.io/bsgWy/full/^300,/0/default.jpg",,1,1
1848,1848,"https://iiif.micr.io/LcRlO/full/^300,/0/default.jpg",,1,1
1849,1849,"https://iiif.micr.io/KobRf/full/^300,/0/default.jpg",,1,1
1850,1850,"https://iiif.micr.io/tTFIV/full/^300,/0/default.jpg",,1,1
1851,1851,"https://iiif.micr.io/YJMFU/full/^300,/0/default.jpg",,1,1
1852,1852,"https://iiif.micr.io/KZSHc/full/^300,/0/default.jpg",,1,1
1853,1853,"https://iiif.micr.io/cRlaC/full/^300,/0/default.jpg",,1,1
1854,1854,"https://iiif.micr.io/wvAdj/full/^300,/0/default.jpg",,1,1
1855,1855,"https://iiif.micr.io/lwRBI/full/^300,/0/default.jpg",,1,1
1856,1856,"https://iiif.micr.io/EetVn/full/^300,/0/default.jpg",,1,1
1857,1857,"https://iiif.micr.io/MUfxA/full/^300,/0/default.jpg",,1,1
1858,1858,"https://iiif.micr.io/qsJKO/full/^300,/0/default.jpg",,1,1
1859,1859,"https://iiif.micr.io/zhcqV/full/^300,/0/default.jpg",,1,1
1860,1860,"https://iiif.micr.io/EbFIs/full/^300,/0/default.jpg",,1,1
1861,1861,"https://iiif.micr.io/fAtAs/full/^300,/0/default.jpg",,1,1
1862,1862,"https://iiif.micr.io/GabDo/full/^300,/0/default.jpg",,1,1
1863,1863,"https://iiif.micr.io/gpknV/full/^300,/0/default.jpg",,1,1
1864,1864,"https://iiif.micr.io/Jjbmt/full/^300,/0/default.jpg",,1,1
1865,1865,"https://iiif.micr.io/EqAfU/full/^300,/0/default.jpg",,1,1
1866,1866,"https://iiif.micr.io/PeoIT/full/^300,/0/default.jpg",,1,1
1867,1867,"https://iiif.micr.io/BsPzp/full/^300,/0/default.jpg",,1,1
1868,1868,"https://iiif.micr.io/jJiux/full/^300,/0/default.jpg",,1,1
1869,1869,"https://iiif.micr.io/cSJOi/full/^300,/0/default.jpg",,1,1
1870,1870,"https://iiif.micr.io/iHPhp/full/^300,/0/default.jpg",,1,1
1871,1871,"https://iiif.micr.io/VVbhe/full/^300,/0/default.jpg",,1,1
1872,1872,"https://iiif.micr.io/HzDZp/full/^300,/0/default.jpg",,1,1
1873,1873,"https://iiif.micr.io/mPwXP/full/^300,/0/default.jpg",,1,1
1874,1874,"https://iiif.micr.io/IOjvD/full/^300,/0/default.jpg",,1,1
1875,1875,"https://iiif.micr.io/gjBsA/full/^300,/0/default.jpg",,1,1
1876,1876,"https://iiif.micr.io/yAcOn/full/^300,/0/default.jpg",,1,1
1877,1877,"https://iiif.micr.io/RxBVa/full/^300,/0/default.jpg",,1,1
1878,1878,"https://iiif.micr.io/PHLQl/full/^300,/0/default.jpg",,1,1
1879,1879,"https://iiif.micr.io/WVkhj/full/^300,/0/default.jpg",,1,1
1880,1880,"https://iiif.micr.io/YbVfJ/full/^300,/0/default.jpg",,1,1
1881,1881,"https://iiif.micr.io/pvYKN/full/^300,/0/default.jpg",,1,1
1882,1882,"https://iiif.micr.io/JCAyo/full/^300,/0/default.jpg",,1,1
1883,1883,"https://iiif.micr.io/HzDmH/full/^300,/0/default.jpg",,1,1
1884,1884,"https://iiif.micr.io/rGFck/full/^300,/0/default.jpg",,1,1
1885,1885,"https://iiif.micr.io/lLBdC/full/^300,/0/default.jpg",,1,1
1886,1886,"https://iiif.micr.io/ubgjS/full/^300,/0/default.jpg",,1,1
1887,1887,"https://iiif.micr.io/ehddv/full/^300,/0/default.jpg",,1,1
1888,1888,"https://iiif.micr.io/EnNse/full/^300,/0/default.jpg",,1,1
1889,1889,"https://iiif.micr.io/kXIcp/full/^300,/0/default.jpg",,1,1
1890,1890,"https://iiif.micr.io/OfnPC/full/^300,/0/default.jpg",,1,1
1891,1891,"https://iiif.micr.io/xebjv/full/^300,/0/default.jpg",,1,1
1892,1892,"https://iiif.micr.io/GmlZH/full/^300,/0/default.jpg",,1,1
1893,1893,"https://iiif.micr.io/MNbcp/full/^300,/0/default.jpg",,1,1
1894,1894,"https://iiif.micr.io/sngza/full/^300,/0/default.jpg",,1,1
1895,1895,"https://iiif.micr.io/FArOX/full/^300,/0/default.jpg",,1,1
1896,1896,"https://iiif.micr.io/SfMrK/full/^300,/0/default.jpg",,1,1
1897,1897,"https://iiif.micr.io/Qhboh/full/^300,/0/default.jpg",,1,1
1898,1898,"https://iiif.micr.io/QUPIM/full/^300,/0/default.jpg",,1,1
1899,1899,"https://iiif.micr.io/YGJIo/full/^300,/0/default.jpg",,1,1
1900,1900,"https://iiif.micr.io/TOnUz/full/^300,/0/default.jpg",,1,1
1901,1901,"https://iiif.micr.io/cFJNI/full/^300,/0/default.jpg",,1,1
1902,1902,"https://iiif.micr.io/GVeyp/full/^300,/0/default.jpg",,1,1
1903,1903,"https://iiif.micr.io/iwDUH/full/^300,/0/default.jpg",,1,1
1904,1904,"https://iiif.micr.io/pzuKC/full/^300,/0/default.jpg",,1,1
1905,1905,"https://iiif.micr.io/AWnFT/full/^300,/0/default.jpg",,1,1
1906,1906,"https://iiif.micr.io/iYCgl/full/^300,/0/default.jpg",,1,1
1907,1907,"https://iiif.micr.io/VImUd/full/^300,/0/default.jpg",,1,1
1908,1908,"https://iiif.micr.io/KYAkL/full/^300,/0/default.jpg",,1,1
1909,1909,"https://iiif.micr.io/llbzB/full/^300,/0/default.jpg",,1,1
1910,1910,"https://iiif.micr.io/DLjmb/full/^300,/0/default.jpg",,1,1
1911,1911,"https://iiif.micr.io/JBNru/full/^300,/0/default.jpg",,1,1
1912,1912,"https://iiif.micr.io/tIlwL/full/^300,/0/default.jpg",,1,1
1913,1913,"https://iiif.micr.io/lQlNa/full/^300,/0/default.jpg",,1,1
1914,1914,"https://iiif.micr.io/XOpmv/full/^300,/0/default.jpg",,1,1
1915,1915,"https://iiif.micr.io/ZnDdU/full/^300,/0/default.jpg",,1,1
1916,1916,"https://iiif.micr.io/vHMRl/full/^300,/0/default.jpg",,1,1
1917,1917,"https://iiif.micr.io/vfTHQ/full/^300,/0/default.jpg",,1,1
1918,1918,"https://iiif.micr.io/gxkil/full/^300,/0/default.jpg",,1,1
1919,1919,"https://iiif.micr.io/AHfst/full/^300,/0/default.jpg",,1,1
1920,1920,"https://iiif.micr.io/IDpqo/full/^300,/0/default.jpg",,1,1
1921,1921,"https://iiif.micr.io/AYDuD/full/^300,/0/default.jpg",,1,1
1922,1922,"https://iiif.micr.io/xoAsf/full/^300,/0/default.jpg",,1,1
1923,1923,"https://iiif.micr.io/lfvzW/full/^300,/0/default.jpg",,1,1
1924,1924,"https://iiif.micr.io/WZgeE/full/^300,/0/default.jpg",,1,1
1925,1925,"https://iiif.micr.io/YczeC/full/^300,/0/default.jpg",,1,1
1926,1926,"https://iiif.micr.io/gBRhS/full/^300,/0/default.jpg",,1,1
1927,1927,"https://iiif.micr.io/gIpBD/full/^300,/0/default.jpg",,1,1
1928,1928,"https://iiif.micr.io/qfwvH/full/^300,/0/default.jpg",,1,1
1929,1929,"https://iiif.micr.io/mqdGZ/full/^300,/0/default.jpg",,1,1
1930,1930,"https://iiif.micr.io/VvwEY/full/^300,/0/default.jpg",,1,1
1931,1931,"https://iiif.micr.io/fbSFB/full/^300,/0/default.jpg",,1,1
1932,1932,"https://iiif.micr.io/qLAqL/full/^300,/0/default.jpg",,1,1
1933,1933,"https://iiif.micr.io/AOoRm/full/^300,/0/default.jpg",,1,1
1934,1934,"https://iiif.micr.io/lWKYc/full/^300,/0/default.jpg",,1,1
1935,1935,"https://iiif.micr.io/cgVPo/full/^300,/0/default.jpg",,1,1
1936,1936,"https://iiif.micr.io/NjpAr/full/^300,/0/default.jpg",,1,1
1937,1937,"https://iiif.micr.io/vgfOx/full/^300,/0/default.jpg",,1,1
1938,1938,"https://iiif.micr.io/zgMVD/full/^300,/0/default.jpg",,1,1
1939,1939,"https://iiif.micr.io/Cwpci/full/^300,/0/default.jpg",,1,1
1940,1940,"https://iiif.micr.io/oCYlI/full/^300,/0/default.jpg",,1,1
1941,1941,"https://iiif.micr.io/FeNlk/full/^300,/0/default.jpg",,1,1
1942,1942,"https://iiif.micr.io/JPgum/full/^300,/0/default.jpg",,1,1
1943,1943,"https://iiif.micr.io/ZavPB/full/^300,/0/default.jpg",,1,1
1944,1944,"https://iiif.micr.io/qGSPR/full/^300,/0/default.jpg",,1,1
1945,1945,"https://iiif.micr.io/olYqL/full/^300,/0/default.jpg",,1,1
1946,1946,"https://iiif.micr.io/TGofT/full/^300,/0/default.jpg",,1,1
1947,1947,"https://iiif.micr.io/ycaNJ/full/^300,/0/default.jpg",,1,1
1948,1948,"https://iiif.micr.io/kZmvd/full/^300,/0/default.jpg",,1,1
1949,1949,"https://iiif.micr.io/TFkRm/full/^300,/0/default.jpg",,1,1
1950,1950,"https://iiif.micr.io/OQjvP/full/^300,/0/default.jpg",,1,1
1951,1951,"https://iiif.micr.io/GAaWh/full/^300,/0/default.jpg",,1,1
1952,1952,"https://iiif.micr.io/fvUww/full/^300,/0/default.jpg",,1,1
1953,1953,"https://iiif.micr.io/cTgmd/full/^300,/0/default.jpg",,1,1
1954,1954,"https://iiif.micr.io/zsvzQ/full/^300,/0/default.jpg",,1,1
1955,1955,"https://iiif.micr.io/Qmrbe/full/^300,/0/default.jpg",,1,1
1956,1956,"https://iiif.micr.io/QUNWU/full/^300,/0/default.jpg",,1,1
1957,1957,"https://iiif.micr.io/bPcFs/full/^300,/0/default.jpg",,1,1
1958,1958,"https://iiif.micr.io/HZwRG/full/^300,/0/default.jpg",,1,1
1959,1959,"https://iiif.micr.io/RbKuy/full/^300,/0/default.jpg",,1,1
1960,1960,"https://iiif.micr.io/CnNYG/full/^300,/0/default.jpg",,1,1
1961,1961,"https://iiif.micr.io/MhKVl/full/^300,/0/default.jpg",,1,1
1962,1962,"https://iiif.micr.io/MvcRm/full/^300,/0/default.jpg",,1,1
1963,1963,"https://iiif.micr.io/XiSMa/full/^300,/0/default.jpg",,1,1
1964,1964,"https://iiif.micr.io/zQOpC/full/^300,/0/default.jpg",,1,1
1965,1965,"https://iiif.micr.io/TFFPc/full/^300,/0/default.jpg",,1,1
1966,1966,"https://iiif.micr.io/LnRsK/full/^300,/0/default.jpg",,1,1
1967,1967,"https://iiif.micr.io/scEdh/full/^300,/0/default.jpg",,1,1
1968,1968,"https://iiif.micr.io/dijUH/full/^300,/0/default.jpg",,1,1
1969,1969,"https://iiif.micr.io/KXIgR/full/^300,/0/default.jpg",,1,1
1970,1970,"https://iiif.micr.io/WcxEY/full/^300,/0/default.jpg",,1,1
1971,1971,"https://iiif.micr.io/FVuKA/full/^300,/0/default.jpg",,1,1
1972,1972,"https://iiif.micr.io/ZWuGX/full/^300,/0/default.jpg",,1,1
1973,1973,"https://iiif.micr.io/xbGim/full/^300,/0/default.jpg",,1,1
1974,1974,"https://iiif.micr.io/StPya/full/^300,/0/default.jpg",,1,1
1975,1975,"https://iiif.micr.io/ORdtr/full/^300,/0/default.jpg",,1,1
1976,1976,"https://iiif.micr.io/RvLcJ/full/^300,/0/default.jpg",,1,1
1977,1977,"https://iiif.micr.io/aGEpi/full/^300,/0/default.jpg",,1,1
1978,1978,"https://iiif.micr.io/lSUgm/full/^300,/0/default.jpg",,1,1
1979,1979,"https://iiif.micr.io/BUsoH/full/^300,/0/default.jpg",,1,1
1980,1980,"https://iiif.micr.io/MUjSV/full/^300,/0/default.jpg",,1,1
1981,1981,"https://iiif.micr.io/wyLJQ/full/^300,/0/default.jpg",,1,1
1982,1982,"https://iiif.micr.io/lPUzq/full/^300,/0/default.jpg",,1,1
1983,1983,"https://iiif.micr.io/GeKuI/full/^300,/0/default.jpg",,1,1
1984,1984,"https://iiif.micr.io/TAsTr/full/^300,/0/default.jpg",,1,1
1985,1985,"https://iiif.micr.io/LkZYJ/full/^300,/0/default.jpg",,1,1
1986,1986,"https://iiif.micr.io/AfwFg/full/^300,/0/default.jpg",,1,1
1987,1987,"https://iiif.micr.io/EELaC/full/^300,/0/default.jpg",,1,1
1988,1988,"https://iiif.micr.io/jIyLv/full/^300,/0/default.jpg",,1,1
1989,1989,"https://iiif.micr.io/MhwPP/full/^300,/0/default.jpg",,1,1
1990,1990,"https://iiif.micr.io/wUqbX/full/^300,/0/default.jpg",,1,1
1991,1991,"https://iiif.micr.io/bonsB/full/^300,/0/default.jpg",,1,1
1992,1992,"https://iiif.micr.io/BGbmL/full/^300,/0/default.jpg",,1,1
1993,1993,"https://iiif.micr.io/qPimn/full/^300,/0/default.jpg",,1,1
1994,1994,"https://iiif.micr.io/cyrqE/full/^300,/0/default.jpg",,1,1
1995,1995,"https://iiif.micr.io/bPUcZ/full/^300,/0/default.jpg",,1,1
1996,1996,"https://iiif.micr.io/cGVxx/full/^300,/0/default.jpg",,1,1
1997,1997,"https://iiif.micr.io/kSvVE/full/^300,/0/default.jpg",,1,1
1998,1998,"https://iiif.micr.io/xuRnt/full/^300,/0/default.jpg",,1,1
1999,1999,"https://iiif.micr.io/HweZE/full/^300,/0/default.jpg",,1,1
2000,2000,"https://iiif.micr.io/nzrsh/full/^300,/0/default.jpg",,1,1
2001,2001,"https://iiif.micr.io/frrxC/full/^300,/0/default.jpg",,1,1
2002,2002,"https://iiif.micr.io/tZPgl/full/^300,/0/default.jpg",,1,1
2003,2003,"https://iiif.micr.io/hdJuc/full/^300,/0/default.jpg",,1,1
2004,2004,"https://iiif.micr.io/jpXOs/full/^300,/0/default.jpg",,1,1
2005,2005,"https://iiif.micr.io/omrNX/full/^300,/0/default.jpg",,1,1
2006,2006,"https://iiif.micr.io/mZnDo/full/^300,/0/default.jpg",,1,1
2007,2007,"https://iiif.micr.io/PbUAn/full/^300,/0/default.jpg",,1,1
2008,2008,"https://iiif.micr.io/lvZEx/full/^300,/0/default.jpg",,1,1
2009,2009,"https://iiif.micr.io/jofny/full/^300,/0/default.jpg",,1,1
2010,2010,"https://iiif.micr.io/bKgAj/full/^300,/0/default.jpg",,1,1
2011,2011,"https://iiif.micr.io/XtNJN/full/^300,/0/default.jpg",,1,1
2012,2012,"https://iiif.micr.io/AqjCa/full/^300,/0/default.jpg",,1,1
2013,2013,"https://iiif.micr.io/MdWsw/full/^300,/0/default.jpg",,1,1
2014,2014,"https://iiif.micr.io/YidGf/full/^300,/0/default.jpg",,1,1
2015,2015,"https://iiif.micr.io/FBMLo/full/^300,/0/default.jpg",,1,1
2016,2016,"https://iiif.micr.io/EfdlP/full/^300,/0/default.jpg",,1,1
2017,2017,"https://iiif.micr.io/Sprpy/full/^300,/0/default.jpg",,1,1
2018,2018,"https://iiif.micr.io/zZAbf/full/^300,/0/default.jpg",,1,1
2019,2019,"https://iiif.micr.io/KHZID/full/^300,/0/default.jpg",,1,1
2020,2020,"https://iiif.micr.io/WXnnP/full/^300,/0/default.jpg",,1,1
2021,2021,"https://iiif.micr.io/Dcuuc/full/^300,/0/default.jpg",,1,1
2022,2022,"https://iiif.micr.io/QVkbK/full/^300,/0/default.jpg",,1,1
2023,2023,"https://iiif.micr.io/wZvDF/full/^300,/0/default.jpg",,1,1
2024,2024,"https://iiif.micr.io/FszVS/full/^300,/0/default.jpg",,1,1
2025,2025,"https://iiif.micr.io/dLxBy/full/^300,/0/default.jpg",,1,1
2026,2026,"https://iiif.micr.io/Nxcbg/full/^300,/0/default.jpg",,1,1
2027,2027,"https://iiif.micr.io/rXOHS/full/^300,/0/default.jpg",,1,1
2028,2028,"https://iiif.micr.io/Oaafj/full/^300,/0/default.jpg",,1,1
2029,2029,"https://iiif.micr.io/kjrGZ/full/^300,/0/default.jpg",,1,1
2030,2030,"https://iiif.micr.io/fAQqa/full/^300,/0/default.jpg",,1,1
2031,2031,"https://iiif.micr.io/gAhCI/full/^300,/0/default.jpg",,1,1
2032,2032,"https://iiif.micr.io/oruCA/full/^300,/0/default.jpg",,1,1
2033,2033,"https://iiif.micr.io/gSXQo/full/^300,/0/default.jpg",,1,1
2034,2034,"https://iiif.micr.io/nkDNa/full/^300,/0/default.jpg",,1,1
2035,2035,"https://iiif.micr.io/OdEtK/full/^300,/0/default.jpg",,1,1
2036,2036,"https://iiif.micr.io/GpNgD/full/^300,/0/default.jpg",,1,1
2037,2037,"https://iiif.micr.io/przaL/full/^300,/0/default.jpg",,1,1
2038,2038,"https://iiif.micr.io/KalSW/full/^300,/0/default.jpg",,1,1
2039,2039,"https://iiif.micr.io/iHeuk/full/^300,/0/default.jpg",,1,1
2040,2040,"https://iiif.micr.io/YdSxt/full/^300,/0/default.jpg",,1,1
2041,2041,"https://iiif.micr.io/gTbAj/full/^300,/0/default.jpg",,1,1
2042,2042,"https://iiif.micr.io/njRsk/full/^300,/0/default.jpg",,1,1
2043,2043,"https://iiif.micr.io/NyZeC/full/^300,/0/default.jpg",,1,1
2044,2044,"https://iiif.micr.io/BxwmD/full/^300,/0/default.jpg",,1,1
2045,2045,"https://iiif.micr.io/pkNJI/full/^300,/0/default.jpg",,1,1
2046,2046,"https://iiif.micr.io/JaxCP/full/^300,/0/default.jpg",,1,1
2047,2047,"https://iiif.micr.io/KPUTq/full/^300,/0/default.jpg",,1,1
2048,2048,"https://iiif.micr.io/owBHY/full/^300,/0/default.jpg",,1,1
2049,2049,"https://iiif.micr.io/HSycI/full/^300,/0/default.jpg",,1,1
2050,2050,"https://iiif.micr.io/bQBRJ/full/^300,/0/default.jpg",,1,1
2051,2051,"https://iiif.micr.io/YHrJu/full/^300,/0/default.jpg",,1,1
2052,2052,"https://iiif.micr.io/TAIHc/full/^300,/0/default.jpg",,1,1
2053,2053,"https://iiif.micr.io/qcLvE/full/^300,/0/default.jpg",,1,1
2054,2054,"https://iiif.micr.io/eEgkb/full/^300,/0/default.jpg",,1,1
2055,2055,"https://iiif.micr.io/AjWOG/full/^300,/0/default.jpg",,1,1
2056,2056,"https://iiif.micr.io/KPDMR/full/^300,/0/default.jpg",,1,1
2057,2057,"https://iiif.micr.io/sOhfT/full/^300,/0/default.jpg",,1,1
2058,2058,"https://iiif.micr.io/XWpNW/full/^300,/0/default.jpg",,1,1
2059,2059,"https://iiif.micr.io/oRzpj/full/^300,/0/default.jpg",,1,1
2060,2060,"https://iiif.micr.io/aYgnC/full/^300,/0/default.jpg",,1,1
2061,2061,"https://iiif.micr.io/RgwUz/full/^300,/0/default.jpg",,1,1
2062,2062,"https://iiif.micr.io/EFzYq/full/^300,/0/default.jpg",,1,1
2063,2063,"https://iiif.micr.io/QrwqC/full/^300,/0/default.jpg",,1,1
2064,2064,"https://iiif.micr.io/lkuCQ/full/^300,/0/default.jpg",,1,1
2065,2065,"https://iiif.micr.io/pyLxZ/full/^300,/0/default.jpg",,1,1
2066,2066,"https://iiif.micr.io/mFPsF/full/^300,/0/default.jpg",,1,1
2067,2067,"https://iiif.micr.io/wlChJ/full/^300,/0/default.jpg",,1,1
2068,2068,"https://iiif.micr.io/XTamR/full/^300,/0/default.jpg",,1,1
2069,2069,"https://iiif.micr.io/WwOiB/full/^300,/0/default.jpg",,1,1
2070,2070,"https://iiif.micr.io/vVMWr/full/^300,/0/default.jpg",,1,1
2071,2071,"https://iiif.micr.io/VvLZS/full/^300,/0/default.jpg",,1,1
2072,2072,"https://iiif.micr.io/StqqA/full/^300,/0/default.jpg",,1,1
2073,2073,"https://iiif.micr.io/kWIEt/full/^300,/0/default.jpg",,1,1
2074,2074,"https://iiif.micr.io/FJJTc/full/^300,/0/default.jpg",,1,1
2075,2075,"https://iiif.micr.io/Rcadl/full/^300,/0/default.jpg",,1,1
2076,2076,"https://iiif.micr.io/dFvQA/full/^300,/0/default.jpg",,1,1
2077,2077,"https://iiif.micr.io/UAvmC/full/^300,/0/default.jpg",,1,1
2078,2078,"https://iiif.micr.io/cZNKL/full/^300,/0/default.jpg",,1,1
2079,2079,"https://iiif.micr.io/hJodt/full/^300,/0/default.jpg",,1,1
2080,2080,"https://iiif.micr.io/Yarfp/full/^300,/0/default.jpg",,1,1
2081,2081,"https://iiif.micr.io/cEWiz/full/^300,/0/default.jpg",,1,1
2082,2082,"https://iiif.micr.io/pjGRF/full/^300,/0/default.jpg",,1,1
2083,2083,"https://iiif.micr.io/ZBLhJ/full/^300,/0/default.jpg",,1,1
2084,2084,"https://iiif.micr.io/lmiBg/full/^300,/0/default.jpg",,1,1
2085,2085,"https://iiif.micr.io/gPlwv/full/^300,/0/default.jpg",,1,1
2086,2086,"https://iiif.micr.io/buYZu/full/^300,/0/default.jpg",,1,1
2087,2087,"https://iiif.micr.io/lYSsE/full/^300,/0/default.jpg",,1,1
2088,2088,"https://iiif.micr.io/WvGWt/full/^300,/0/default.jpg",,1,1
2089,2089,"https://iiif.micr.io/CmKZE/full/^300,/0/default.jpg",,1,1
2090,2090,"https://iiif.micr.io/vrWME/full/^300,/0/default.jpg",,1,1
2091,2091,"https://iiif.micr.io/TMajT/full/^300,/0/default.jpg",,1,1
2092,2092,"https://iiif.micr.io/OXMXW/full/^300,/0/default.jpg",,1,1
2093,2093,"https://iiif.micr.io/ysKPC/full/^300,/0/default.jpg",,1,1
2094,2094,"https://iiif.micr.io/pxJjF/full/^300,/0/default.jpg",,1,1
2095,2095,"https://iiif.micr.io/deXgu/full/^300,/0/default.jpg",,1,1
2096,2096,"https://iiif.micr.io/IVfuF/full/^300,/0/default.jpg",,1,1
2097,2097,"https://iiif.micr.io/JEBXJ/full/^300,/0/default.jpg",,1,1
2098,2098,"https://iiif.micr.io/fkONp/full/^300,/0/default.jpg",,1,1
2099,2099,"https://iiif.micr.io/bZyiN/full/^300,/0/default.jpg",,1,1
2100,2100,"https://iiif.micr.io/ekMmx/full/^300,/0/default.jpg",,1,1
2101,2101,"https://iiif.micr.io/ZEkXo/full/^300,/0/default.jpg",,1,1
2102,2102,"https://iiif.micr.io/jktmU/full/^300,/0/default.jpg",,1,1
2103,2103,"https://iiif.micr.io/OaqeS/full/^300,/0/default.jpg",,1,1
2104,2104,"https://iiif.micr.io/IvflB/full/^300,/0/default.jpg",,1,1
2105,2105,"https://iiif.micr.io/RFGYk/full/^300,/0/default.jpg",,1,1
2106,2106,"https://iiif.micr.io/qKHaT/full/^300,/0/default.jpg",,1,1
2107,2107,"https://iiif.micr.io/TjvLJ/full/^300,/0/default.jpg",,1,1
2108,2108,"https://iiif.micr.io/PImzL/full/^300,/0/default.jpg",,1,1
2109,2109,"https://iiif.micr.io/bXPeH/full/^300,/0/default.jpg",,1,1
2110,2110,"https://iiif.micr.io/gpfUn/full/^300,/0/default.jpg",,1,1
2111,2111,"https://iiif.micr.io/EPDNh/full/^300,/0/default.jpg",,1,1
2112,2112,"https://iiif.micr.io/goofc/full/^300,/0/default.jpg",,1,1
2113,2113,"https://iiif.micr.io/iTDJY/full/^300,/0/default.jpg",,1,1
2114,2114,"https://iiif.micr.io/yWiDq/full/^300,/0/default.jpg",,1,1
2115,2115,"https://iiif.micr.io/LAUlV/full/^300,/0/default.jpg",,1,1
2116,2116,"https://iiif.micr.io/aUEDZ/full/^300,/0/default.jpg",,1,1
2117,2117,"https://iiif.micr.io/GAKuO/full/^300,/0/default.jpg",,1,1
2118,2118,"https://iiif.micr.io/JedJz/full/^300,/0/default.jpg",,1,1
2119,2119,"https://iiif.micr.io/nfUqv/full/^300,/0/default.jpg",,1,1
2120,2120,"https://iiif.micr.io/ldnat/full/^300,/0/default.jpg",,1,1
2121,2121,"https://iiif.micr.io/ZSQyb/full/^300,/0/default.jpg",,1,1
2122,2122,"https://iiif.micr.io/ACQWj/full/^300,/0/default.jpg",,1,1
2123,2123,"https://iiif.micr.io/xMeGO/full/^300,/0/default.jpg",,1,1
2124,2124,"https://iiif.micr.io/hstQg/full/^300,/0/default.jpg",,1,1
2125,2125,"https://iiif.micr.io/snwqQ/full/^300,/0/default.jpg",,1,1
2126,2126,"https://iiif.micr.io/hqzym/full/^300,/0/default.jpg",,1,1
2127,2127,"https://iiif.micr.io/LIayW/full/^300,/0/default.jpg",,1,1
2128,2128,"https://iiif.micr.io/gOKGf/full/^300,/0/default.jpg",,1,1
2129,2129,"https://iiif.micr.io/YByLk/full/^300,/0/default.jpg",,1,1
2130,2130,"https://iiif.micr.io/bXqRh/full/^300,/0/default.jpg",,1,1
2131,2131,"https://iiif.micr.io/cyJve/full/^300,/0/default.jpg",,1,1
2132,2132,"https://iiif.micr.io/VzBdR/full/^300,/0/default.jpg",,1,1
2133,2133,"https://iiif.micr.io/ZKoEc/full/^300,/0/default.jpg",,1,1
2134,2134,"https://iiif.micr.io/vNlsw/full/^300,/0/default.jpg",,1,1
2135,2135,"https://iiif.micr.io/xgSSc/full/^300,/0/default.jpg",,1,1
2136,2136,"https://iiif.micr.io/SwdME/full/^300,/0/default.jpg",,1,1
2137,2137,"https://iiif.micr.io/OSmxd/full/^300,/0/default.jpg",,1,1
2138,2138,"https://iiif.micr.io/DCscu/full/^300,/0/default.jpg",,1,1
2139,2139,"https://iiif.micr.io/OpaFl/full/^300,/0/default.jpg",,1,1
2140,2140,"https://iiif.micr.io/WKkKf/full/^300,/0/default.jpg",,1,1
2141,2141,"https://iiif.micr.io/MdEEr/full/^300,/0/default.jpg",,1,1
2142,2142,"https://iiif.micr.io/PZUlv/full/^300,/0/default.jpg",,1,1
2143,2143,"https://iiif.micr.io/CFcNT/full/^300,/0/default.jpg",,1,1
2144,2144,"https://iiif.micr.io/tJvBb/full/^300,/0/default.jpg",,1,1
2145,2145,"https://iiif.micr.io/pAQwA/full/^300,/0/default.jpg",,1,1
2146,2146,"https://iiif.micr.io/wuZfc/full/^300,/0/default.jpg",,1,1
2147,2147,"https://iiif.micr.io/Vqohh/full/^300,/0/default.jpg",,1,1
2148,2148,"https://iiif.micr.io/OTJgX/full/^300,/0/default.jpg",,1,1
2149,2149,"https://iiif.micr.io/AlTrQ/full/^300,/0/default.jpg",,1,1
2150,2150,"https://iiif.micr.io/ETiGy/full/^300,/0/default.jpg",,1,1
2151,2151,"https://iiif.micr.io/WwOlF/full/^300,/0/default.jpg",,1,1
2152,2152,"https://iiif.micr.io/IVIuF/full/^300,/0/default.jpg",,1,1
2153,2153,"https://iiif.micr.io/bJwjH/full/^300,/0/default.jpg",,1,1
2154,2154,"https://iiif.micr.io/YxCcS/full/^300,/0/default.jpg",,1,1
2155,2155,"https://iiif.micr.io/Eakfc/full/^300,/0/default.jpg",,1,1
2156,2156,"https://iiif.micr.io/OURqF/full/^300,/0/default.jpg",,1,1
2157,2157,"https://iiif.micr.io/VgSmW/full/^300,/0/default.jpg",,1,1
2158,2158,"https://iiif.micr.io/JKEJZ/full/^300,/0/default.jpg",,1,1
2159,2159,"https://iiif.micr.io/SIAfS/full/^300,/0/default.jpg",,1,1
2160,2160,"https://iiif.micr.io/JWRSx/full/^300,/0/default.jpg",,1,1
2161,2161,"https://iiif.micr.io/MZPuC/full/^300,/0/default.jpg",,1,1
2162,2162,"https://iiif.micr.io/JJQzs/full/^300,/0/default.jpg",,1,1
2163,2163,"https://iiif.micr.io/cBVRh/full/^300,/0/default.jpg",,1,1
2164,2164,"https://iiif.micr.io/xzPUZ/full/^300,/0/default.jpg",,1,1
2165,2165,"https://iiif.micr.io/TeSLJ/full/^300,/0/default.jpg",,1,1
2166,2166,"https://iiif.micr.io/vaqwO/full/^300,/0/default.jpg",,1,1
2167,2167,"https://iiif.micr.io/UKKNV/full/^300,/0/default.jpg",,1,1
2168,2168,"https://iiif.micr.io/xBDvc/full/^300,/0/default.jpg",,1,1
2169,2169,"https://iiif.micr.io/GauLI/full/^300,/0/default.jpg",,1,1
2170,2170,"https://iiif.micr.io/svnSU/full/^300,/0/default.jpg",,1,1
2171,2171,"https://iiif.micr.io/YQoaK/full/^300,/0/default.jpg",,1,1
2172,2172,"https://iiif.micr.io/fXdKo/full/^300,/0/default.jpg",,1,1
2173,2173,"https://iiif.micr.io/efbGJ/full/^300,/0/default.jpg",,1,1
2174,2174,"https://iiif.micr.io/oTTxd/full/^300,/0/default.jpg",,1,1
2175,2175,"https://iiif.micr.io/PsmeP/full/^300,/0/default.jpg",,1,1
2176,2176,"https://iiif.micr.io/QoecI/full/^300,/0/default.jpg",,1,1
2177,2177,"https://iiif.micr.io/xpCaM/full/^300,/0/default.jpg",,1,1
2178,2178,"https://iiif.micr.io/Gqylk/full/^300,/0/default.jpg",,1,1
2179,2179,"https://iiif.micr.io/pixsK/full/^300,/0/default.jpg",,1,1
2180,2180,"https://iiif.micr.io/LJgvF/full/^300,/0/default.jpg",,1,1
2181,2181,"https://iiif.micr.io/CNdrq/full/^300,/0/default.jpg",,1,1
2182,2182,"https://iiif.micr.io/PWDub/full/^300,/0/default.jpg",,1,1
2183,2183,"https://iiif.micr.io/NKHMF/full/^300,/0/default.jpg",,1,1
2184,2184,"https://iiif.micr.io/UziaM/full/^300,/0/default.jpg",,1,1
2185,2185,"https://iiif.micr.io/pBWWC/full/^300,/0/default.jpg",,1,1
2186,2186,"https://iiif.micr.io/QYvYo/full/^300,/0/default.jpg",,1,1
2187,2187,"https://iiif.micr.io/glmTw/full/^300,/0/default.jpg",,1,1
2188,2188,"https://iiif.micr.io/AoMUw/full/^300,/0/default.jpg",,1,1
2189,2189,"https://iiif.micr.io/totmE/full/^300,/0/default.jpg",,1,1
2190,2190,"https://iiif.micr.io/uUZgG/full/^300,/0/default.jpg",,1,1
2191,2191,"https://iiif.micr.io/Ikarx/full/^300,/0/default.jpg",,1,1
2192,2192,"https://iiif.micr.io/mmKXQ/full/^300,/0/default.jpg",,1,1
2193,2193,"https://iiif.micr.io/ewIye/full/^300,/0/default.jpg",,1,1
2194,2194,"https://iiif.micr.io/rFZOC/full/^300,/0/default.jpg",,1,1
2195,2195,"https://iiif.micr.io/cjlDB/full/^300,/0/default.jpg",,1,1
2196,2196,"https://iiif.micr.io/mnnZY/full/^300,/0/default.jpg",,1,1
2197,2197,"https://iiif.micr.io/jrzox/full/^300,/0/default.jpg",,1,1
2198,2198,"https://iiif.micr.io/YFHbR/full/^300,/0/default.jpg",,1,1
2199,2199,"https://iiif.micr.io/Uqqap/full/^300,/0/default.jpg",,1,1
2200,2200,"https://iiif.micr.io/Hgpyx/full/^300,/0/default.jpg",,1,1
2201,2201,"https://iiif.micr.io/UiXCn/full/^300,/0/default.jpg",,1,1
2202,2202,"https://iiif.micr.io/GKXRr/full/^300,/0/default.jpg",,1,1
2203,2203,"https://iiif.micr.io/Wamlc/full/^300,/0/default.jpg",,1,1
2204,2204,"https://iiif.micr.io/txuOG/full/^300,/0/default.jpg",,1,1
2205,2205,"https://iiif.micr.io/WoohD/full/^300,/0/default.jpg",,1,1
2206,2206,"https://iiif.micr.io/iOSsW/full/^300,/0/default.jpg",,1,1
2207,2207,"https://iiif.micr.io/Nscuc/full/^300,/0/default.jpg",,1,1
2208,2208,"https://iiif.micr.io/tVTjN/full/^300,/0/default.jpg",,1,1
2209,2209,"https://iiif.micr.io/oyfNF/full/^300,/0/default.jpg",,1,1
2210,2210,"https://iiif.micr.io/LCVen/full/^300,/0/default.jpg",,1,1
2211,2211,"https://iiif.micr.io/YFEGc/full/^300,/0/default.jpg",,1,1
2212,2212,"https://iiif.micr.io/oBhdE/full/^300,/0/default.jpg",,1,1
2213,2213,"https://iiif.micr.io/ddmrZ/full/^300,/0/default.jpg",,1,1
2214,2214,"https://iiif.micr.io/lQDnn/full/^300,/0/default.jpg",,1,1
2215,2215,"https://iiif.micr.io/mpWdk/full/^300,/0/default.jpg",,1,1
2216,2216,"https://iiif.micr.io/WIXtr/full/^300,/0/default.jpg",,1,1
2217,2217,"https://iiif.micr.io/HskBF/full/^300,/0/default.jpg",,1,1
2218,2218,"https://iiif.micr.io/ksCyF/full/^300,/0/default.jpg",,1,1
2219,2219,"https://iiif.micr.io/ggcgf/full/^300,/0/default.jpg",,1,1
2220,2220,"https://iiif.micr.io/ckSNp/full/^300,/0/default.jpg",,1,1
2221,2221,"https://iiif.micr.io/qYDSt/full/^300,/0/default.jpg",,1,1
2222,2222,"https://iiif.micr.io/FNNFb/full/^300,/0/default.jpg",,1,1
2223,2223,"https://iiif.micr.io/wnzha/full/^300,/0/default.jpg",,1,1
2224,2224,"https://iiif.micr.io/yfKyv/full/^300,/0/default.jpg",,1,1
2225,2225,"https://iiif.micr.io/aOPmh/full/^300,/0/default.jpg",,1,1
2226,2226,"https://iiif.micr.io/UPStk/full/^300,/0/default.jpg",,1,1
2227,2227,"https://iiif.micr.io/BONjE/full/^300,/0/default.jpg",,1,1
2228,2228,"https://iiif.micr.io/OeaqN/full/^300,/0/default.jpg",,1,1
2229,2229,"https://iiif.micr.io/wDjBe/full/^300,/0/default.jpg",,1,1
2230,2230,"https://iiif.micr.io/LzieB/full/^300,/0/default.jpg",,1,1
2231,2231,"https://iiif.micr.io/osDpA/full/^300,/0/default.jpg",,1,1
2232,2232,"https://iiif.micr.io/EjGxI/full/^300,/0/default.jpg",,1,1
2233,2233,"https://iiif.micr.io/QWKDU/full/^300,/0/default.jpg",,1,1
2234,2234,"https://iiif.micr.io/etLKJ/full/^300,/0/default.jpg",,1,1
2235,2235,"https://iiif.micr.io/qECzp/full/^300,/0/default.jpg",,1,1
2236,2236,"https://iiif.micr.io/KXcak/full/^300,/0/default.jpg",,1,1
2237,2237,"https://iiif.micr.io/EpvMX/full/^300,/0/default.jpg",,1,1
2238,2238,"https://iiif.micr.io/nmNWN/full/^300,/0/default.jpg",,1,1
2239,2239,"https://iiif.micr.io/zVXzN/full/^300,/0/default.jpg",,1,1
2240,2240,"https://iiif.micr.io/DBJgm/full/^300,/0/default.jpg",,1,1
2241,2241,"https://iiif.micr.io/EuwVF/full/^300,/0/default.jpg",,1,1
2242,2242,"https://iiif.micr.io/NQdnU/full/^300,/0/default.jpg",,1,1
2243,2243,"https://iiif.micr.io/YhJgq/full/^300,/0/default.jpg",,1,1
2244,2244,"https://iiif.micr.io/dqTPX/full/^300,/0/default.jpg",,1,1
2245,2245,"https://iiif.micr.io/RDdes/full/^300,/0/default.jpg",,1,1
2246,2246,"https://iiif.micr.io/pPIiT/full/^300,/0/default.jpg",,1,1
2247,2247,"https://iiif.micr.io/CJhJF/full/^300,/0/default.jpg",,1,1
2248,2248,"https://iiif.micr.io/xjhDm/full/^300,/0/default.jpg",,1,1
2249,2249,"https://iiif.micr.io/grjFx/full/^300,/0/default.jpg",,1,1
2250,2250,"https://iiif.micr.io/GmpUr/full/^300,/0/default.jpg",,1,1
2251,2251,"https://iiif.micr.io/ocvXL/full/^300,/0/default.jpg",,1,1
2252,2252,"https://iiif.micr.io/tNsqx/full/^300,/0/default.jpg",,1,1
2253,2253,"https://iiif.micr.io/tdIzd/full/^300,/0/default.jpg",,1,1
2254,2254,"https://iiif.micr.io/cOAmm/full/^300,/0/default.jpg",,1,1
2255,2255,"https://iiif.micr.io/mXGnT/full/^300,/0/default.jpg",,1,1
2256,2256,"https://iiif.micr.io/thmMk/full/^300,/0/default.jpg",,1,1
2257,2257,"https://iiif.micr.io/ZQSVI/full/^300,/0/default.jpg",,1,1
2258,2258,"https://iiif.micr.io/yrixI/full/^300,/0/default.jpg",,1,1
2259,2259,"https://iiif.micr.io/Ksmjc/full/^300,/0/default.jpg",,1,1
2260,2260,"https://iiif.micr.io/iWstO/full/^300,/0/default.jpg",,1,1
2261,2261,"https://iiif.micr.io/wTams/full/^300,/0/default.jpg",,1,1
2262,2262,"https://iiif.micr.io/tiBEG/full/^300,/0/default.jpg",,1,1
2263,2263,"https://iiif.micr.io/JUNPc/full/^300,/0/default.jpg",,1,1
2264,2264,"https://iiif.micr.io/dQsmo/full/^300,/0/default.jpg",,1,1
2265,2265,"https://iiif.micr.io/svPgM/full/^300,/0/default.jpg",,1,1
2266,2266,"https://iiif.micr.io/YDZid/full/^300,/0/default.jpg",,1,1
2267,2267,"https://iiif.micr.io/Ieryc/full/^300,/0/default.jpg",,1,1
2268,2268,"https://iiif.micr.io/HwWJp/full/^300,/0/default.jpg",,1,1
2269,2269,"https://iiif.micr.io/fDZFv/full/^300,/0/default.jpg",,1,1
2270,2270,"https://iiif.micr.io/Cblde/full/^300,/0/default.jpg",,1,1
2271,2271,"https://iiif.micr.io/TQkYy/full/^300,/0/default.jpg",,1,1
2272,2272,"https://iiif.micr.io/mhpXr/full/^300,/0/default.jpg",,1,1
2273,2273,"https://iiif.micr.io/rwQZi/full/^300,/0/default.jpg",,1,1
2274,2274,"https://iiif.micr.io/ZIMJS/full/^300,/0/default.jpg",,1,1
2275,2275,"https://iiif.micr.io/EiUMl/full/^300,/0/default.jpg",,1,1
2276,2276,"https://iiif.micr.io/khDDn/full/^300,/0/default.jpg",,1,1
2277,2277,"https://iiif.micr.io/RsLVR/full/^300,/0/default.jpg",,1,1
2278,2278,"https://iiif.micr.io/azFCY/full/^300,/0/default.jpg",,1,1
2279,2279,"https://iiif.micr.io/BPBSp/full/^300,/0/default.jpg",,1,1
2280,2280,"https://iiif.micr.io/OhbdH/full/^300,/0/default.jpg",,1,1
2281,2281,"https://iiif.micr.io/VleeM/full/^300,/0/default.jpg",,1,1
2282,2282,"https://iiif.micr.io/mAgnw/full/^300,/0/default.jpg",,1,1
2283,2283,"https://iiif.micr.io/DqTDQ/full/^300,/0/default.jpg",,1,1
2284,2284,"https://iiif.micr.io/DywQs/full/^300,/0/default.jpg",,1,1
2285,2285,"https://iiif.micr.io/hJWnc/full/^300,/0/default.jpg",,1,1
2286,2286,"https://iiif.micr.io/yvJMr/full/^300,/0/default.jpg",,1,1
2287,2287,"https://iiif.micr.io/zewYW/full/^300,/0/default.jpg",,1,1
2288,2288,"https://iiif.micr.io/tvDkl/full/^300,/0/default.jpg",,1,1
2289,2289,"https://iiif.micr.io/bStoF/full/^300,/0/default.jpg",,1,1
2290,2290,"https://iiif.micr.io/ewdcc/full/^300,/0/default.jpg",,1,1
2291,2291,"https://iiif.micr.io/LisSp/full/^300,/0/default.jpg",,1,1
2292,2292,"https://iiif.micr.io/FUBun/full/^300,/0/default.jpg",,1,1
2293,2293,"https://iiif.micr.io/RGNEk/full/^300,/0/default.jpg",,1,1
2294,2294,"https://iiif.micr.io/qoPSM/full/^300,/0/default.jpg",,1,1
2295,2295,"https://iiif.micr.io/DPLSu/full/^300,/0/default.jpg",,1,1
2296,2296,"https://iiif.micr.io/MHdYt/full/^300,/0/default.jpg",,1,1
2297,2297,"https://iiif.micr.io/ApMpV/full/^300,/0/default.jpg",,1,1
2298,2298,"https://iiif.micr.io/KRapF/full/^300,/0/default.jpg",,1,1
2299,2299,"https://iiif.micr.io/zFuHZ/full/^300,/0/default.jpg",,1,1
2300,2300,"https://iiif.micr.io/RRXaZ/full/^300,/0/default.jpg",,1,1
2301,2301,"https://iiif.micr.io/SWxeZ/full/^300,/0/default.jpg",,1,1
2302,2302,"https://iiif.micr.io/zjDMm/full/^300,/0/default.jpg",,1,1
2303,2303,"https://iiif.micr.io/znjvw/full/^300,/0/default.jpg",,1,1
2304,2304,"https://iiif.micr.io/ITEOW/full/^300,/0/default.jpg",,1,1
2305,2305,"https://iiif.micr.io/eQlQM/full/^300,/0/default.jpg",,1,1
2306,2306,"https://iiif.micr.io/pInJG/full/^300,/0/default.jpg",,1,1
2307,2307,"https://iiif.micr.io/eUiZC/full/^300,/0/default.jpg",,1,1
2308,2308,"https://iiif.micr.io/ZEIvQ/full/^300,/0/default.jpg",,1,1
2309,2309,"https://iiif.micr.io/afPRC/full/^300,/0/default.jpg",,1,1
2310,2310,"https://iiif.micr.io/URzsb/full/^300,/0/default.jpg",,1,1
2311,2311,"https://iiif.micr.io/MMOZy/full/^300,/0/default.jpg",,1,1
2312,2312,"https://iiif.micr.io/hoyvJ/full/^300,/0/default.jpg",,1,1
2313,2313,"https://iiif.micr.io/edbrq/full/^300,/0/default.jpg",,1,1
2314,2314,"https://iiif.micr.io/dVBQv/full/^300,/0/default.jpg",,1,1
2315,2315,"https://iiif.micr.io/XXOGJ/full/^300,/0/default.jpg",,1,1
2316,2316,"https://iiif.micr.io/Pnpnn/full/^300,/0/default.jpg",,1,1
2317,2317,"https://iiif.micr.io/hmfSU/full/^300,/0/default.jpg",,1,1
2318,2318,"https://iiif.micr.io/IoHTN/full/^300,/0/default.jpg",,1,1
2319,2319,"https://iiif.micr.io/hyRgN/full/^300,/0/default.jpg",,1,1
2320,2320,"https://iiif.micr.io/RQSqP/full/^300,/0/default.jpg",,1,1
2321,2321,"https://iiif.micr.io/Woinm/full/^300,/0/default.jpg",,1,1
2322,2322,"https://iiif.micr.io/RoWeB/full/^300,/0/default.jpg",,1,1
2323,2323,"https://iiif.micr.io/bDPaw/full/^300,/0/default.jpg",,1,1
2324,2324,"https://iiif.micr.io/qLlER/full/^300,/0/default.jpg",,1,1
2325,2325,"https://iiif.micr.io/kpXdt/full/^300,/0/default.jpg",,1,1
2326,2326,"https://iiif.micr.io/KGEJi/full/^300,/0/default.jpg",,1,1
2327,2327,"https://iiif.micr.io/PdkDr/full/^300,/0/default.jpg",,1,1
2328,2328,"https://iiif.micr.io/JbkdJ/full/^300,/0/default.jpg",,1,1
2329,2329,"https://iiif.micr.io/mNVpv/full/^300,/0/default.jpg",,1,1
2330,2330,"https://iiif.micr.io/KsJAH/full/^300,/0/default.jpg",,1,1
2331,2331,"https://iiif.micr.io/LgmYo/full/^300,/0/default.jpg",,1,1
2332,2332,"https://iiif.micr.io/aSzkC/full/^300,/0/default.jpg",,1,1
2333,2333,"https://iiif.micr.io/buzzD/full/^300,/0/default.jpg",,1,1
2334,2334,"https://iiif.micr.io/XmDju/full/^300,/0/default.jpg",,1,1
2335,2335,"https://iiif.micr.io/tLKrW/full/^300,/0/default.jpg",,1,1
2336,2336,"https://iiif.micr.io/Oomqh/full/^300,/0/default.jpg",,1,1
2337,2337,"https://iiif.micr.io/NIfbw/full/^300,/0/default.jpg",,1,1
2338,2338,"https://iiif.micr.io/TenDV/full/^300,/0/default.jpg",,1,1
2339,2339,"https://iiif.micr.io/ZUEuf/full/^300,/0/default.jpg",,1,1
2340,2340,"https://iiif.micr.io/jkvvs/full/^300,/0/default.jpg",,1,1
2341,2341,"https://iiif.micr.io/tmlHb/full/^300,/0/default.jpg",,1,1
2342,2342,"https://iiif.micr.io/aDTQQ/full/^300,/0/default.jpg",,1,1
2343,2343,"https://iiif.micr.io/ZbQQi/full/^300,/0/default.jpg",,1,1
2344,2344,"https://iiif.micr.io/CLgGn/full/^300,/0/default.jpg",,1,1
2345,2345,"https://iiif.micr.io/YOWNU/full/^300,/0/default.jpg",,1,1
2346,2346,"https://iiif.micr.io/oirSh/full/^300,/0/default.jpg",,1,1
2347,2347,"https://iiif.micr.io/XQIkH/full/^300,/0/default.jpg",,1,1
2348,2348,"https://iiif.micr.io/EjaxX/full/^300,/0/default.jpg",,1,1
2349,2349,"https://iiif.micr.io/ZJZzc/full/^300,/0/default.jpg",,1,1
2350,2350,"https://iiif.micr.io/jJizL/full/^300,/0/default.jpg",,1,1
2351,2351,"https://iiif.micr.io/dGlOl/full/^300,/0/default.jpg",,1,1
2352,2352,"https://iiif.micr.io/dbzCP/full/^300,/0/default.jpg",,1,1
2353,2353,"https://iiif.micr.io/HAABQ/full/^300,/0/default.jpg",,1,1
2354,2354,"https://iiif.micr.io/lmOlZ/full/^300,/0/default.jpg",,1,1
2355,2355,"https://iiif.micr.io/vfplg/full/^300,/0/default.jpg",,1,1
2356,2356,"https://iiif.micr.io/tYKby/full/^300,/0/default.jpg",,1,1
2357,2357,"https://iiif.micr.io/ODqEY/full/^300,/0/default.jpg",,1,1
2358,2358,"https://iiif.micr.io/yQzPc/full/^300,/0/default.jpg",,1,1
2359,2359,"https://iiif.micr.io/lxgbk/full/^300,/0/default.jpg",,1,1
2360,2360,"https://iiif.micr.io/UmnHH/full/^300,/0/default.jpg",,1,1
2361,2361,"https://iiif.micr.io/ltOsF/full/^300,/0/default.jpg",,1,1
2362,2362,"https://iiif.micr.io/efDfW/full/^300,/0/default.jpg",,1,1
2363,2363,"https://iiif.micr.io/mGZZG/full/^300,/0/default.jpg",,1,1
2364,2364,"https://iiif.micr.io/HiCxJ/full/^300,/0/default.jpg",,1,1
2365,2365,"https://iiif.micr.io/tUeQA/full/^300,/0/default.jpg",,1,1
2366,2366,"https://iiif.micr.io/rHdts/full/^300,/0/default.jpg",,1,1
2367,2367,"https://iiif.micr.io/zJSSL/full/^300,/0/default.jpg",,1,1
2368,2368,"https://iiif.micr.io/htIMk/full/^300,/0/default.jpg",,1,1
2369,2369,"https://iiif.micr.io/ttHiS/full/^300,/0/default.jpg",,1,1
2370,2370,"https://iiif.micr.io/jecgj/full/^300,/0/default.jpg",,1,1
2371,2371,"https://iiif.micr.io/lHygg/full/^300,/0/default.jpg",,1,1
2372,2372,"https://iiif.micr.io/nKOJu/full/^300,/0/default.jpg",,1,1
2373,2373,"https://iiif.micr.io/kqJRU/full/^300,/0/default.jpg",,1,1
2374,2374,"https://iiif.micr.io/VZofG/full/^300,/0/default.jpg",,1,1
2375,2375,"https://iiif.micr.io/GpCrN/full/^300,/0/default.jpg",,1,1
2376,2376,"https://iiif.micr.io/NNmBK/full/^300,/0/default.jpg",,1,1
2377,2377,"https://iiif.micr.io/pYFhN/full/^300,/0/default.jpg",,1,1
2378,2378,"https://iiif.micr.io/EuCUq/full/^300,/0/default.jpg",,1,1
2379,2379,"https://iiif.micr.io/hRTpJ/full/^300,/0/default.jpg",,1,1
2380,2380,"https://iiif.micr.io/bEUlc/full/^300,/0/default.jpg",,1,1
2381,2381,"https://iiif.micr.io/bHXae/full/^300,/0/default.jpg",,1,1
2382,2382,"https://iiif.micr.io/lFAjr/full/^300,/0/default.jpg",,1,1
2383,2383,"https://iiif.micr.io/XQjWO/full/^300,/0/default.jpg",,1,1
2384,2384,"https://iiif.micr.io/whKRW/full/^300,/0/default.jpg",,1,1
2385,2385,"https://iiif.micr.io/ThvIz/full/^300,/0/default.jpg",,1,1
2386,2386,"https://iiif.micr.io/XyjrK/full/^300,/0/default.jpg",,1,1
2387,2387,"https://iiif.micr.io/PrgwX/full/^300,/0/default.jpg",,1,1
2388,2388,"https://iiif.micr.io/rpASP/full/^300,/0/default.jpg",,1,1
2389,2389,"https://iiif.micr.io/tmQqx/full/^300,/0/default.jpg",,1,1
2390,2390,"https://iiif.micr.io/HRliF/full/^300,/0/default.jpg",,1,1
2391,2391,"https://iiif.micr.io/eYvBn/full/^300,/0/default.jpg",,1,1
2392,2392,"https://iiif.micr.io/YEBmd/full/^300,/0/default.jpg",,1,1
2393,2393,"https://iiif.micr.io/JDYNZ/full/^300,/0/default.jpg",,1,1
2394,2394,"https://iiif.micr.io/TSqlT/full/^300,/0/default.jpg",,1,1
2395,2395,"https://iiif.micr.io/xqLfm/full/^300,/0/default.jpg",,1,1
2396,2396,"https://iiif.micr.io/DxQMh/full/^300,/0/default.jpg",,1,1
2397,2397,"https://iiif.micr.io/XmclX/full/^300,/0/default.jpg",,1,1
2398,2398,"https://iiif.micr.io/WOMGV/full/^300,/0/default.jpg",,1,1
2399,2399,"https://iiif.micr.io/ykEuj/full/^300,/0/default.jpg",,1,1
2400,2400,"https://iiif.micr.io/DlQUL/full/^300,/0/default.jpg",,1,1
2401,2401,"https://iiif.micr.io/FKRMD/full/^300,/0/default.jpg",,1,1
2402,2402,"https://iiif.micr.io/IVdfs/full/^300,/0/default.jpg",,1,1
2403,2403,"https://iiif.micr.io/tLimc/full/^300,/0/default.jpg",,1,1
2404,2404,"https://iiif.micr.io/JaLyD/full/^300,/0/default.jpg",,1,1
2405,2405,"https://iiif.micr.io/jMmjc/full/^300,/0/default.jpg",,1,1
2406,2406,"https://iiif.micr.io/mgFKW/full/^300,/0/default.jpg",,1,1
2407,2407,"https://iiif.micr.io/JFwCZ/full/^300,/0/default.jpg",,1,1
2408,2408,"https://iiif.micr.io/sHzyH/full/^300,/0/default.jpg",,1,1
2409,2409,"https://iiif.micr.io/eWSwA/full/^300,/0/default.jpg",,1,1
2410,2410,"https://iiif.micr.io/YNdWa/full/^300,/0/default.jpg",,1,1
2411,2411,"https://iiif.micr.io/Thhhm/full/^300,/0/default.jpg",,1,1
2412,2412,"https://iiif.micr.io/TwqBA/full/^300,/0/default.jpg",,1,1
2413,2413,"https://iiif.micr.io/sOUvN/full/^300,/0/default.jpg",,1,1
2414,2414,"https://iiif.micr.io/yERRU/full/^300,/0/default.jpg",,1,1
2415,2415,"https://iiif.micr.io/VZMkG/full/^300,/0/default.jpg",,1,1
2416,2416,"https://iiif.micr.io/ysXpS/full/^300,/0/default.jpg",,1,1
2417,2417,"https://iiif.micr.io/Dqjjo/full/^300,/0/default.jpg",,1,1
2418,2418,"https://iiif.micr.io/pcXTy/full/^300,/0/default.jpg",,1,1
2419,2419,"https://iiif.micr.io/NwRVw/full/^300,/0/default.jpg",,1,1
2420,2420,"https://iiif.micr.io/RihCf/full/^300,/0/default.jpg",,1,1
2421,2421,"https://iiif.micr.io/hCyao/full/^300,/0/default.jpg",,1,1
2422,2422,"https://iiif.micr.io/rtfmd/full/^300,/0/default.jpg",,1,1
2423,2423,"https://iiif.micr.io/jSCqA/full/^300,/0/default.jpg",,1,1
2424,2424,"https://iiif.micr.io/vMCJq/full/^300,/0/default.jpg",,1,1
2425,2425,"https://iiif.micr.io/GeuXe/full/^300,/0/default.jpg",,1,1
2426,2426,"https://iiif.micr.io/OlJXg/full/^300,/0/default.jpg",,1,1
2427,2427,"https://iiif.micr.io/tMZRP/full/^300,/0/default.jpg",,1,1
2428,2428,"https://iiif.micr.io/VLRZK/full/^300,/0/default.jpg",,1,1
2429,2429,"https://iiif.micr.io/bjgJr/full/^300,/0/default.jpg",,1,1
2430,2430,"https://iiif.micr.io/dFFve/full/^300,/0/default.jpg",,1,1
2431,2431,"https://iiif.micr.io/mxLym/full/^300,/0/default.jpg",,1,1
2432,2432,"https://iiif.micr.io/yWWve/full/^300,/0/default.jpg",,1,1
2433,2433,"https://iiif.micr.io/WXYra/full/^300,/0/default.jpg",,1,1
2434,2434,"https://iiif.micr.io/wnvyo/full/^300,/0/default.jpg",,1,1
2435,2435,"https://iiif.micr.io/UrstT/full/^300,/0/default.jpg",,1,1
2436,2436,"https://iiif.micr.io/qaKPW/full/^300,/0/default.jpg",,1,1
2437,2437,"https://iiif.micr.io/AvoRr/full/^300,/0/default.jpg",,1,1
2438,2438,"https://iiif.micr.io/qifyN/full/^300,/0/default.jpg",,1,1
2439,2439,"https://iiif.micr.io/xvfrC/full/^300,/0/default.jpg",,1,1
2440,2440,"https://iiif.micr.io/bPjnw/full/^300,/0/default.jpg",,1,1
2441,2441,"https://iiif.micr.io/TbXZO/full/^300,/0/default.jpg",,1,1
2442,2442,"https://iiif.micr.io/BzuZT/full/^300,/0/default.jpg",,1,1
2443,2443,"https://iiif.micr.io/HHWPi/full/^300,/0/default.jpg",,1,1
2444,2444,"https://iiif.micr.io/MBkBl/full/^300,/0/default.jpg",,1,1
2445,2445,"https://iiif.micr.io/rrivq/full/^300,/0/default.jpg",,1,1
2446,2446,"https://iiif.micr.io/TSaum/full/^300,/0/default.jpg",,1,1
2447,2447,"https://iiif.micr.io/HvPBa/full/^300,/0/default.jpg",,1,1
2448,2448,"https://iiif.micr.io/NDlZq/full/^300,/0/default.jpg",,1,1
2449,2449,"https://iiif.micr.io/qVyDl/full/^300,/0/default.jpg",,1,1
2450,2450,"https://iiif.micr.io/iZsAD/full/^300,/0/default.jpg",,1,1
2451,2451,"https://iiif.micr.io/bAggs/full/^300,/0/default.jpg",,1,1
2452,2452,"https://iiif.micr.io/BFujS/full/^300,/0/default.jpg",,1,1
2453,2453,"https://iiif.micr.io/JUONn/full/^300,/0/default.jpg",,1,1
2454,2454,"https://iiif.micr.io/eKGbi/full/^300,/0/default.jpg",,1,1
2455,2455,"https://iiif.micr.io/bqWTO/full/^300,/0/default.jpg",,1,1
2456,2456,"https://iiif.micr.io/lcVfP/full/^300,/0/default.jpg",,1,1
2457,2457,"https://iiif.micr.io/qJwhj/full/^300,/0/default.jpg",,1,1
2458,2458,"https://iiif.micr.io/pQSrN/full/^300,/0/default.jpg",,1,1
2459,2459,"https://iiif.micr.io/JSyly/full/^300,/0/default.jpg",,1,1
2460,2460,"https://iiif.micr.io/nxvvW/full/^300,/0/default.jpg",,1,1
2461,2461,"https://iiif.micr.io/oyhuy/full/^300,/0/default.jpg",,1,1
2462,2462,"https://iiif.micr.io/fscpO/full/^300,/0/default.jpg",,1,1
2463,2463,"https://iiif.micr.io/nXYRy/full/^300,/0/default.jpg",,1,1
2464,2464,"https://iiif.micr.io/erHDb/full/^300,/0/default.jpg",,1,1
2465,2465,"https://iiif.micr.io/iUrjP/full/^300,/0/default.jpg",,1,1
2466,2466,"https://iiif.micr.io/hSvIA/full/^300,/0/default.jpg",,1,1
2467,2467,"https://iiif.micr.io/EcYsJ/full/^300,/0/default.jpg",,1,1
2468,2468,"https://iiif.micr.io/bPrKv/full/^300,/0/default.jpg",,1,1
2469,2469,"https://iiif.micr.io/zCORx/full/^300,/0/default.jpg",,1,1
2470,2470,"https://iiif.micr.io/lbyrm/full/^300,/0/default.jpg",,1,1
2471,2471,"https://iiif.micr.io/yikWg/full/^300,/0/default.jpg",,1,1
2472,2472,"https://iiif.micr.io/rOuwx/full/^300,/0/default.jpg",,1,1
2473,2473,"https://iiif.micr.io/YlyEA/full/^300,/0/default.jpg",,1,1
2474,2474,"https://iiif.micr.io/HkpNX/full/^300,/0/default.jpg",,1,1
2475,2475,"https://iiif.micr.io/NJCYy/full/^300,/0/default.jpg",,1,1
2476,2476,"https://iiif.micr.io/LbDVg/full/^300,/0/default.jpg",,1,1
2477,2477,"https://iiif.micr.io/TJWtE/full/^300,/0/default.jpg",,1,1
2478,2478,"https://iiif.micr.io/cClVN/full/^300,/0/default.jpg",,1,1
2479,2479,"https://iiif.micr.io/eVHfe/full/^300,/0/default.jpg",,1,1
2480,2480,"https://iiif.micr.io/NKHMY/full/^300,/0/default.jpg",,1,1
2481,2481,"https://iiif.micr.io/KvmNr/full/^300,/0/default.jpg",,1,1
2482,2482,"https://iiif.micr.io/XwIUC/full/^300,/0/default.jpg",,1,1
2483,2483,"https://iiif.micr.io/GrWYt/full/^300,/0/default.jpg",,1,1
2484,2484,"https://iiif.micr.io/YywFo/full/^300,/0/default.jpg",,1,1
2485,2485,"https://iiif.micr.io/ulANb/full/^300,/0/default.jpg",,1,1
2486,2486,"https://iiif.micr.io/hIGrW/full/^300,/0/default.jpg",,1,1
2487,2487,"https://iiif.micr.io/XkSVW/full/^300,/0/default.jpg",,1,1
2488,2488,"https://iiif.micr.io/ZeDgY/full/^300,/0/default.jpg",,1,1
2489,2489,"https://iiif.micr.io/KgjBr/full/^300,/0/default.jpg",,1,1
2490,2490,"https://iiif.micr.io/WmlAx/full/^300,/0/default.jpg",,1,1
2491,2491,"https://iiif.micr.io/xDjzf/full/^300,/0/default.jpg",,1,1
2492,2492,"https://iiif.micr.io/vtoCo/full/^300,/0/default.jpg",,1,1
2493,2493,"https://iiif.micr.io/yrUCK/full/^300,/0/default.jpg",,1,1
2494,2494,"https://iiif.micr.io/rvafl/full/^300,/0/default.jpg",,1,1
2495,2495,"https://iiif.micr.io/wczZv/full/^300,/0/default.jpg",,1,1
2496,2496,"https://iiif.micr.io/tTMXX/full/^300,/0/default.jpg",,1,1
2497,2497,"https://iiif.micr.io/FkGhy/full/^300,/0/default.jpg",,1,1
2498,2498,"https://iiif.micr.io/SXofa/full/^300,/0/default.jpg",,1,1
2499,2499,"https://iiif.micr.io/BYxhD/full/^300,/0/default.jpg",,1,1
2500,2500,"https://iiif.micr.io/RfOUO/full/^300,/0/default.jpg",,1,1
2501,2501,"https://iiif.micr.io/HwInW/full/^300,/0/default.jpg",,1,1
2502,2502,"https://iiif.micr.io/MnxYc/full/^300,/0/default.jpg",,1,1
2503,2503,"https://iiif.micr.io/MxDuB/full/^300,/0/default.jpg",,1,1
2504,2504,"https://iiif.micr.io/bHUBN/full/^300,/0/default.jpg",,1,1
2505,2505,"https://iiif.micr.io/rSwnN/full/^300,/0/default.jpg",,1,1
2506,2506,"https://iiif.micr.io/Pqoak/full/^300,/0/default.jpg",,1,1
2507,2507,"https://iiif.micr.io/uFvTj/full/^300,/0/default.jpg",,1,1
2508,2508,"https://iiif.micr.io/mkDep/full/^300,/0/default.jpg",,1,1
2509,2509,"https://iiif.micr.io/fGspQ/full/^300,/0/default.jpg",,1,1
2510,2510,"https://iiif.micr.io/SyJAV/full/^300,/0/default.jpg",,1,1
2511,2511,"https://iiif.micr.io/YeneW/full/^300,/0/default.jpg",,1,1
2512,2512,"https://iiif.micr.io/rSqRo/full/^300,/0/default.jpg",,1,1
2513,2513,"https://iiif.micr.io/sopcJ/full/^300,/0/default.jpg",,1,1
2514,2514,"https://iiif.micr.io/QQXSJ/full/^300,/0/default.jpg",,1,1
2515,2515,"https://iiif.micr.io/xROhY/full/^300,/0/default.jpg",,1,1
2516,2516,"https://iiif.micr.io/kDaiR/full/^300,/0/default.jpg",,1,1
2517,2517,"https://iiif.micr.io/tkVeF/full/^300,/0/default.jpg",,1,1
2518,2518,"https://iiif.micr.io/iHoYC/full/^300,/0/default.jpg",,1,1
2519,2519,"https://iiif.micr.io/TaPeH/full/^300,/0/default.jpg",,1,1
2520,2520,"https://iiif.micr.io/tXqsn/full/^300,/0/default.jpg",,1,1
2521,2521,"https://iiif.micr.io/tcVHQ/full/^300,/0/default.jpg",,1,1
2522,2522,"https://iiif.micr.io/ohMKA/full/^300,/0/default.jpg",,1,1
2523,2523,"https://iiif.micr.io/HAqDa/full/^300,/0/default.jpg",,1,1
2524,2524,"https://iiif.micr.io/QgZUc/full/^300,/0/default.jpg",,1,1
2525,2525,"https://iiif.micr.io/dTaaN/full/^300,/0/default.jpg",,1,1
2526,2526,"https://iiif.micr.io/hzIZt/full/^300,/0/default.jpg",,1,1
2527,2527,"https://iiif.micr.io/FGFaz/full/^300,/0/default.jpg",,1,1
2528,2528,"https://iiif.micr.io/TotTB/full/^300,/0/default.jpg",,1,1
2529,2529,"https://iiif.micr.io/FMBqs/full/^300,/0/default.jpg",,1,1
2530,2530,"https://iiif.micr.io/CPKID/full/^300,/0/default.jpg",,1,1
2531,2531,"https://iiif.micr.io/EZEbh/full/^300,/0/default.jpg",,1,1
2532,2532,"https://iiif.micr.io/rfHZo/full/^300,/0/default.jpg",,1,1
2533,2533,"https://iiif.micr.io/aKkiO/full/^300,/0/default.jpg",,1,1
2534,2534,"https://iiif.micr.io/RcRse/full/^300,/0/default.jpg",,1,1
2535,2535,"https://iiif.micr.io/vvZvG/full/^300,/0/default.jpg",,1,1
2536,2536,"https://iiif.micr.io/BJKak/full/^300,/0/default.jpg",,1,1
2537,2537,"https://iiif.micr.io/ZInoG/full/^300,/0/default.jpg",,1,1
2538,2538,"https://iiif.micr.io/nZVnw/full/^300,/0/default.jpg",,1,1
2539,2539,"https://iiif.micr.io/fvDzy/full/^300,/0/default.jpg",,1,1
2540,2540,"https://iiif.micr.io/LYUGa/full/^300,/0/default.jpg",,1,1
2541,2541,"https://iiif.micr.io/Zbqli/full/^300,/0/default.jpg",,1,1
2542,2542,"https://iiif.micr.io/AIwwM/full/^300,/0/default.jpg",,1,1
2543,2543,"https://iiif.micr.io/KLmfF/full/^300,/0/default.jpg",,1,1
2544,2544,"https://iiif.micr.io/eLsga/full/^300,/0/default.jpg",,1,1
2545,2545,"https://iiif.micr.io/UXHNx/full/^300,/0/default.jpg",,1,1
2546,2546,"https://iiif.micr.io/aVmeH/full/^300,/0/default.jpg",,1,1
2547,2547,"https://iiif.micr.io/hNmlc/full/^300,/0/default.jpg",,1,1
2548,2548,"https://iiif.micr.io/QHIGZ/full/^300,/0/default.jpg",,1,1
2549,2549,"https://iiif.micr.io/ADCzC/full/^300,/0/default.jpg",,1,1
2550,2550,"https://iiif.micr.io/IIKiX/full/^300,/0/default.jpg",,1,1
2551,2551,"https://iiif.micr.io/Izrwu/full/^300,/0/default.jpg",,1,1
2552,2552,"https://iiif.micr.io/nyxrJ/full/^300,/0/default.jpg",,1,1
2553,2553,"https://iiif.micr.io/QranB/full/^300,/0/default.jpg",,1,1
2554,2554,"https://iiif.micr.io/LucsP/full/^300,/0/default.jpg",,1,1
2555,2555,"https://iiif.micr.io/IAqBV/full/^300,/0/default.jpg",,1,1
2556,2556,"https://iiif.micr.io/DQCIo/full/^300,/0/default.jpg",,1,1
2557,2557,"https://iiif.micr.io/iAxlw/full/^300,/0/default.jpg",,1,1
2558,2558,"https://iiif.micr.io/oCAjE/full/^300,/0/default.jpg",,1,1
2559,2559,"https://iiif.micr.io/crnKA/full/^300,/0/default.jpg",,1,1
2560,2560,"https://iiif.micr.io/FITMI/full/^300,/0/default.jpg",,1,1
2561,2561,"https://iiif.micr.io/laEeG/full/^300,/0/default.jpg",,1,1
2562,2562,"https://iiif.micr.io/dEvjl/full/^300,/0/default.jpg",,1,1
2563,2563,"https://iiif.micr.io/EBirO/full/^300,/0/default.jpg",,1,1
2564,2564,"https://iiif.micr.io/QfYQC/full/^300,/0/default.jpg",,1,1
2565,2565,"https://iiif.micr.io/LspVz/full/^300,/0/default.jpg",,1,1
2566,2566,"https://iiif.micr.io/uLnlP/full/^300,/0/default.jpg",,1,1
2567,2567,"https://iiif.micr.io/LgxnT/full/^300,/0/default.jpg",,1,1
2568,2568,"https://iiif.micr.io/HAEeo/full/^300,/0/default.jpg",,1,1
2569,2569,"https://iiif.micr.io/xjkve/full/^300,/0/default.jpg",,1,1
2570,2570,"https://iiif.micr.io/WOnDI/full/^300,/0/default.jpg",,1,1
2571,2571,"https://iiif.micr.io/WHAim/full/^300,/0/default.jpg",,1,1
2572,2572,"https://iiif.micr.io/FQkxu/full/^300,/0/default.jpg",,1,1
2573,2573,"https://iiif.micr.io/CFpDX/full/^300,/0/default.jpg",,1,1
2574,2574,"https://iiif.micr.io/oPjos/full/^300,/0/default.jpg",,1,1
2575,2575,"https://iiif.micr.io/roYSe/full/^300,/0/default.jpg",,1,1
2576,2576,"https://iiif.micr.io/Jfhez/full/^300,/0/default.jpg",,1,1
2577,2577,"https://iiif.micr.io/oggqr/full/^300,/0/default.jpg",,1,1
2578,2578,"https://iiif.micr.io/fDwRg/full/^300,/0/default.jpg",,1,1
2579,2579,"https://iiif.micr.io/WfAey/full/^300,/0/default.jpg",,1,1
2580,2580,"https://iiif.micr.io/Ubwko/full/^300,/0/default.jpg",,1,1
2581,2581,"https://iiif.micr.io/KkIpy/full/^300,/0/default.jpg",,1,1
2582,2582,"https://iiif.micr.io/AejLt/full/^300,/0/default.jpg",,1,1
2583,2583,"https://iiif.micr.io/mICGg/full/^300,/0/default.jpg",,1,1
2584,2584,"https://iiif.micr.io/PpjRZ/full/^300,/0/default.jpg",,1,1
2585,2585,"https://iiif.micr.io/nZzpR/full/^300,/0/default.jpg",,1,1
2586,2586,"https://iiif.micr.io/YqmaN/full/^300,/0/default.jpg",,1,1
2587,2587,"https://iiif.micr.io/lDtpv/full/^300,/0/default.jpg",,1,1
2588,2588,"https://iiif.micr.io/aYRSt/full/^300,/0/default.jpg",,1,1
2589,2589,"https://iiif.micr.io/kKLNo/full/^300,/0/default.jpg",,1,1
2590,2590,"https://iiif.micr.io/dooSt/full/^300,/0/default.jpg",,1,1
2591,2591,"https://iiif.micr.io/oIuRM/full/^300,/0/default.jpg",,1,1
2592,2592,"https://iiif.micr.io/yIYsc/full/^300,/0/default.jpg",,1,1
2593,2593,"https://iiif.micr.io/IUkiI/full/^300,/0/default.jpg",,1,1
2594,2594,"https://iiif.micr.io/AKeds/full/^300,/0/default.jpg",,1,1
2595,2595,"https://iiif.micr.io/oaZVa/full/^300,/0/default.jpg",,1,1
2596,2596,"https://iiif.micr.io/XCaRi/full/^300,/0/default.jpg",,1,1
2597,2597,"https://iiif.micr.io/vzrxS/full/^300,/0/default.jpg",,1,1
2598,2598,"https://iiif.micr.io/OmWoN/full/^300,/0/default.jpg",,1,1
2599,2599,"https://iiif.micr.io/OSjjY/full/^300,/0/default.jpg",,1,1
2600,2600,"https://iiif.micr.io/ZIRAW/full/^300,/0/default.jpg",,1,1
2601,2601,"https://iiif.micr.io/CWYKz/full/^300,/0/default.jpg",,1,1
2602,2602,"https://iiif.micr.io/sLRLh/full/^300,/0/default.jpg",,1,1
2603,2603,"https://iiif.micr.io/EMHmQ/full/^300,/0/default.jpg",,1,1
2604,2604,"https://iiif.micr.io/gFwyp/full/^300,/0/default.jpg",,1,1
2605,2605,"https://iiif.micr.io/mbJaE/full/^300,/0/default.jpg",,1,1
2606,2606,"https://iiif.micr.io/WJjyq/full/^300,/0/default.jpg",,1,1
2607,2607,"https://iiif.micr.io/xfFgm/full/^300,/0/default.jpg",,1,1
2608,2608,"https://iiif.micr.io/HOWTH/full/^300,/0/default.jpg",,1,1
2609,2609,"https://iiif.micr.io/LYwsc/full/^300,/0/default.jpg",,1,1
2610,2610,"https://iiif.micr.io/wBpuk/full/^300,/0/default.jpg",,1,1
2611,2611,"https://iiif.micr.io/ovokA/full/^300,/0/default.jpg",,1,1
2612,2612,"https://iiif.micr.io/YlpOl/full/^300,/0/default.jpg",,1,1
2613,2613,"https://iiif.micr.io/TUUHh/full/^300,/0/default.jpg",,1,1
2614,2614,"https://iiif.micr.io/StDmF/full/^300,/0/default.jpg",,1,1
2615,2615,"https://iiif.micr.io/wIDPM/full/^300,/0/default.jpg",,1,1
2616,2616,"https://iiif.micr.io/NWZQO/full/^300,/0/default.jpg",,1,1
2617,2617,"https://iiif.micr.io/tgCES/full/^300,/0/default.jpg",,1,1
2618,2618,"https://iiif.micr.io/rTAOg/full/^300,/0/default.jpg",,1,1
2619,2619,"https://iiif.micr.io/OPapv/full/^300,/0/default.jpg",,1,1
2620,2620,"https://iiif.micr.io/wZcsf/full/^300,/0/default.jpg",,1,1
2621,2621,"https://iiif.micr.io/LbCfK/full/^300,/0/default.jpg",,1,1
2622,2622,"https://iiif.micr.io/Dalfu/full/^300,/0/default.jpg",,1,1
2623,2623,"https://iiif.micr.io/XvpXj/full/^300,/0/default.jpg",,1,1
2624,2624,"https://iiif.micr.io/vDKXJ/full/^300,/0/default.jpg",,1,1
2625,2625,"https://iiif.micr.io/zjMOB/full/^300,/0/default.jpg",,1,1
2626,2626,"https://iiif.micr.io/pTIph/full/^300,/0/default.jpg",,1,1
2627,2627,"https://iiif.micr.io/fUNbQ/full/^300,/0/default.jpg",,1,1
2628,2628,"https://iiif.micr.io/tOHoH/full/^300,/0/default.jpg",,1,1
2629,2629,"https://iiif.micr.io/TZbJn/full/^300,/0/default.jpg",,1,1
2630,2630,"https://iiif.micr.io/KaUZH/full/^300,/0/default.jpg",,1,1
2631,2631,"https://iiif.micr.io/UwnzG/full/^300,/0/default.jpg",,1,1
2632,2632,"https://iiif.micr.io/uMnEw/full/^300,/0/default.jpg",,1,1
2633,2633,"https://iiif.micr.io/AdHAw/full/^300,/0/default.jpg",,1,1
2634,2634,"https://iiif.micr.io/YovKF/full/^300,/0/default.jpg",,1,1
2635,2635,"https://iiif.micr.io/Ebwol/full/^300,/0/default.jpg",,1,1
2636,2636,"https://iiif.micr.io/iofHq/full/^300,/0/default.jpg",,1,1
2637,2637,"https://iiif.micr.io/FYSQF/full/^300,/0/default.jpg",,1,1
2638,2638,"https://iiif.micr.io/euBJJ/full/^300,/0/default.jpg",,1,1
2639,2639,"https://iiif.micr.io/MpiqT/full/^300,/0/default.jpg",,1,1
2640,2640,"https://iiif.micr.io/jJaPu/full/^300,/0/default.jpg",,1,1
2641,2641,"https://iiif.micr.io/seppu/full/^300,/0/default.jpg",,1,1
2642,2642,"https://iiif.micr.io/YwRYt/full/^300,/0/default.jpg",,1,1
2643,2643,"https://iiif.micr.io/FrrKw/full/^300,/0/default.jpg",,1,1
2644,2644,"https://iiif.micr.io/eMijr/full/^300,/0/default.jpg",,1,1
2645,2645,"https://iiif.micr.io/FtjTV/full/^300,/0/default.jpg",,1,1
2646,2646,"https://iiif.micr.io/xeqCf/full/^300,/0/default.jpg",,1,1
2647,2647,"https://iiif.micr.io/wLusA/full/^300,/0/default.jpg",,1,1
2648,2648,"https://iiif.micr.io/YjqRW/full/^300,/0/default.jpg",,1,1
2649,2649,"https://iiif.micr.io/xbuYK/full/^300,/0/default.jpg",,1,1
2650,2650,"https://iiif.micr.io/qiLQb/full/^300,/0/default.jpg",,1,1
2651,2651,"https://iiif.micr.io/KkIrJ/full/^300,/0/default.jpg",,1,1
2652,2652,"https://iiif.micr.io/yFLTB/full/^300,/0/default.jpg",,1,1
2653,2653,"https://iiif.micr.io/xxYAF/full/^300,/0/default.jpg",,1,1
2654,2654,"https://iiif.micr.io/zVPWO/full/^300,/0/default.jpg",,1,1
2655,2655,"https://iiif.micr.io/OWBYU/full/^300,/0/default.jpg",,1,1
2656,2656,"https://iiif.micr.io/ZgZPc/full/^300,/0/default.jpg",,1,1
2657,2657,"https://iiif.micr.io/jmeSt/full/^300,/0/default.jpg",,1,1
2658,2658,"https://iiif.micr.io/QktDt/full/^300,/0/default.jpg",,1,1
2659,2659,"https://iiif.micr.io/UpdOx/full/^300,/0/default.jpg",,1,1
2660,2660,"https://iiif.micr.io/NWEkK/full/^300,/0/default.jpg",,1,1
2661,2661,"https://iiif.micr.io/huerC/full/^300,/0/default.jpg",,1,1
2662,2662,"https://iiif.micr.io/Quylj/full/^300,/0/default.jpg",,1,1
2663,2663,"https://iiif.micr.io/jMLPQ/full/^300,/0/default.jpg",,1,1
2664,2664,"https://iiif.micr.io/sJpLL/full/^300,/0/default.jpg",,1,1
2665,2665,"https://iiif.micr.io/iumos/full/^300,/0/default.jpg",,1,1
2666,2666,"https://iiif.micr.io/rHJpL/full/^300,/0/default.jpg",,1,1
2667,2667,"https://iiif.micr.io/KLqvb/full/^300,/0/default.jpg",,1,1
2668,2668,"https://iiif.micr.io/NmRWV/full/^300,/0/default.jpg",,1,1
2669,2669,"https://iiif.micr.io/JOSAU/full/^300,/0/default.jpg",,1,1
2670,2670,"https://iiif.micr.io/Cdegb/full/^300,/0/default.jpg",,1,1
2671,2671,"https://iiif.micr.io/ofmEA/full/^300,/0/default.jpg",,1,1
2672,2672,"https://iiif.micr.io/febXL/full/^300,/0/default.jpg",,1,1
2673,2673,"https://iiif.micr.io/ZQRtd/full/^300,/0/default.jpg",,1,1
2674,2674,"https://iiif.micr.io/opHJr/full/^300,/0/default.jpg",,1,1
2675,2675,"https://iiif.micr.io/MiOIk/full/^300,/0/default.jpg",,1,1
2676,2676,"https://iiif.micr.io/YNMWp/full/^300,/0/default.jpg",,1,1
2677,2677,"https://iiif.micr.io/EQAgX/full/^300,/0/default.jpg",,1,1
2678,2678,"https://iiif.micr.io/IyiZH/full/^300,/0/default.jpg",,1,1
2679,2679,"https://iiif.micr.io/LXurb/full/^300,/0/default.jpg",,1,1
2680,2680,"https://iiif.micr.io/uWcZh/full/^300,/0/default.jpg",,1,1
2681,2681,"https://iiif.micr.io/nzXlH/full/^300,/0/default.jpg",,1,1
2682,2682,"https://iiif.micr.io/jpubZ/full/^300,/0/default.jpg",,1,1
2683,2683,"https://iiif.micr.io/SvyRh/full/^300,/0/default.jpg",,1,1
2684,2684,"https://iiif.micr.io/bzHAe/full/^300,/0/default.jpg",,1,1
2685,2685,"https://iiif.micr.io/SiNfg/full/^300,/0/default.jpg",,1,1
2686,2686,"https://iiif.micr.io/pSMii/full/^300,/0/default.jpg",,1,1
2687,2687,"https://iiif.micr.io/Jxvcu/full/^300,/0/default.jpg",,1,1
2688,2688,"https://iiif.micr.io/tfyET/full/^300,/0/default.jpg",,1,1
2689,2689,"https://iiif.micr.io/xuWeL/full/^300,/0/default.jpg",,1,1
2690,2690,"https://iiif.micr.io/unbim/full/^300,/0/default.jpg",,1,1
2691,2691,"https://iiif.micr.io/XnOHo/full/^300,/0/default.jpg",,1,1
2692,2692,"https://iiif.micr.io/lZExu/full/^300,/0/default.jpg",,1,1
2693,2693,"https://iiif.micr.io/ZJGHM/full/^300,/0/default.jpg",,1,1
2694,2694,"https://iiif.micr.io/nMRok/full/^300,/0/default.jpg",,1,1
2695,2695,"https://iiif.micr.io/yraex/full/^300,/0/default.jpg",,1,1
2696,2696,"https://iiif.micr.io/UQAdF/full/^300,/0/default.jpg",,1,1
2697,2697,"https://iiif.micr.io/MdxBj/full/^300,/0/default.jpg",,1,1
2698,2698,"https://iiif.micr.io/xZIkF/full/^300,/0/default.jpg",,1,1
2699,2699,"https://iiif.micr.io/VrTdo/full/^300,/0/default.jpg",,1,1
2700,2700,"https://iiif.micr.io/MoaJU/full/^300,/0/default.jpg",,1,1
2701,2701,"https://iiif.micr.io/OJpqo/full/^300,/0/default.jpg",,1,1
2702,2702,"https://iiif.micr.io/EZlgF/full/^300,/0/default.jpg",,1,1
2703,2703,"https://iiif.micr.io/eXIWQ/full/^300,/0/default.jpg",,1,1
2704,2704,"https://iiif.micr.io/aYKtQ/full/^300,/0/default.jpg",,1,1
2705,2705,"https://iiif.micr.io/NASUG/full/^300,/0/default.jpg",,1,1
2706,2706,"https://iiif.micr.io/wuXjM/full/^300,/0/default.jpg",,1,1
2707,2707,"https://iiif.micr.io/foJhW/full/^300,/0/default.jpg",,1,1
2708,2708,"https://iiif.micr.io/SnSTm/full/^300,/0/default.jpg",,1,1
2709,2709,"https://iiif.micr.io/vYfKT/full/^300,/0/default.jpg",,1,1
2710,2710,"https://iiif.micr.io/fUxmk/full/^300,/0/default.jpg",,1,1
2711,2711,"https://iiif.micr.io/FbsgZ/full/^300,/0/default.jpg",,1,1
2712,2712,"https://iiif.micr.io/kSxwt/full/^300,/0/default.jpg",,1,1
2713,2713,"https://iiif.micr.io/BOrVT/full/^300,/0/default.jpg",,1,1
2714,2714,"https://iiif.micr.io/VpgRA/full/^300,/0/default.jpg",,1,1
2715,2715,"https://iiif.micr.io/GZPbl/full/^300,/0/default.jpg",,1,1
2716,2716,"https://iiif.micr.io/PuKcb/full/^300,/0/default.jpg",,1,1
2717,2717,"https://iiif.micr.io/sSMoo/full/^300,/0/default.jpg",,1,1
2718,2718,"https://iiif.micr.io/XGGeG/full/^300,/0/default.jpg",,1,1
2719,2719,"https://iiif.micr.io/bjYcU/full/^300,/0/default.jpg",,1,1
2720,2720,"https://iiif.micr.io/CFwai/full/^300,/0/default.jpg",,1,1
2721,2721,"https://iiif.micr.io/ZmhqB/full/^300,/0/default.jpg",,1,1
2722,2722,"https://iiif.micr.io/Loghb/full/^300,/0/default.jpg",,1,1
2723,2723,"https://iiif.micr.io/TKKdE/full/^300,/0/default.jpg",,1,1
2724,2724,"https://iiif.micr.io/rIldg/full/^300,/0/default.jpg",,1,1
2725,2725,"https://iiif.micr.io/GeiCr/full/^300,/0/default.jpg",,1,1
2726,2726,"https://iiif.micr.io/vdIZb/full/^300,/0/default.jpg",,1,1
2727,2727,"https://iiif.micr.io/AbAmy/full/^300,/0/default.jpg",,1,1
2728,2728,"https://iiif.micr.io/bjgWY/full/^300,/0/default.jpg",,1,1
2729,2729,"https://iiif.micr.io/MUyQZ/full/^300,/0/default.jpg",,1,1
2730,2730,"https://iiif.micr.io/MiuyB/full/^300,/0/default.jpg",,1,1
2731,2731,"https://iiif.micr.io/fPQNE/full/^300,/0/default.jpg",,1,1
2732,2732,"https://iiif.micr.io/dYfAX/full/^300,/0/default.jpg",,1,1
2733,2733,"https://iiif.micr.io/NCQDA/full/^300,/0/default.jpg",,1,1
2734,2734,"https://iiif.micr.io/cOcKS/full/^300,/0/default.jpg",,1,1
2735,2735,"https://iiif.micr.io/TNpaV/full/^300,/0/default.jpg",,1,1
2736,2736,"https://iiif.micr.io/zGgdd/full/^300,/0/default.jpg",,1,1
2737,2737,"https://iiif.micr.io/HwOvx/full/^300,/0/default.jpg",,1,1
2738,2738,"https://iiif.micr.io/LSYWJ/full/^300,/0/default.jpg",,1,1
2739,2739,"https://iiif.micr.io/mKcNg/full/^300,/0/default.jpg",,1,1
2740,2740,"https://iiif.micr.io/biTJu/full/^300,/0/default.jpg",,1,1
2741,2741,"https://iiif.micr.io/fyMRp/full/^300,/0/default.jpg",,1,1
2742,2742,"https://iiif.micr.io/fGcNP/full/^300,/0/default.jpg",,1,1
2743,2743,"https://iiif.micr.io/bItzS/full/^300,/0/default.jpg",,1,1
2744,2744,"https://iiif.micr.io/oensQ/full/^300,/0/default.jpg",,1,1
2745,2745,"https://iiif.micr.io/RhJEU/full/^300,/0/default.jpg",,1,1
2746,2746,"https://iiif.micr.io/eAygV/full/^300,/0/default.jpg",,1,1
2747,2747,"https://iiif.micr.io/eyODx/full/^300,/0/default.jpg",,1,1
2748,2748,"https://iiif.micr.io/JXJRL/full/^300,/0/default.jpg",,1,1
2749,2749,"https://iiif.micr.io/GeKvk/full/^300,/0/default.jpg",,1,1
2750,2750,"https://iiif.micr.io/fpYxD/full/^300,/0/default.jpg",,1,1
2751,2751,"https://iiif.micr.io/lgjCJ/full/^300,/0/default.jpg",,1,1
2752,2752,"https://iiif.micr.io/xKnoE/full/^300,/0/default.jpg",,1,1
2753,2753,"https://iiif.micr.io/xdjhh/full/^300,/0/default.jpg",,1,1
2754,2754,"https://iiif.micr.io/jtash/full/^300,/0/default.jpg",,1,1
2755,2755,"https://iiif.micr.io/YjrXJ/full/^300,/0/default.jpg",,1,1
2756,2756,"https://iiif.micr.io/xgZTm/full/^300,/0/default.jpg",,1,1
2757,2757,"https://iiif.micr.io/NQEGV/full/^300,/0/default.jpg",,1,1
2758,2758,"https://iiif.micr.io/nFyQU/full/^300,/0/default.jpg",,1,1
2759,2759,"https://iiif.micr.io/SlDAe/full/^300,/0/default.jpg",,1,1
2760,2760,"https://iiif.micr.io/LsYoX/full/^300,/0/default.jpg",,1,1
2761,2761,"https://iiif.micr.io/BmUAP/full/^300,/0/default.jpg",,1,1
2762,2762,"https://iiif.micr.io/xXdRl/full/^300,/0/default.jpg",,1,1
2763,2763,"https://iiif.micr.io/zoPho/full/^300,/0/default.jpg",,1,1
2764,2764,"https://iiif.micr.io/XhUwg/full/^300,/0/default.jpg",,1,1
2765,2765,"https://iiif.micr.io/ASRBh/full/^300,/0/default.jpg",,1,1
2766,2766,"https://iiif.micr.io/cRswX/full/^300,/0/default.jpg",,1,1
2767,2767,"https://iiif.micr.io/iDqsh/full/^300,/0/default.jpg",,1,1
2768,2768,"https://iiif.micr.io/HONHN/full/^300,/0/default.jpg",,1,1
2769,2769,"https://iiif.micr.io/VpgSb/full/^300,/0/default.jpg",,1,1
2770,2770,"https://iiif.micr.io/JRXhX/full/^300,/0/default.jpg",,1,1
2771,2771,"https://iiif.micr.io/vJjpj/full/^300,/0/default.jpg",,1,1
2772,2772,"https://iiif.micr.io/gJkKG/full/^300,/0/default.jpg",,1,1
2773,2773,"https://iiif.micr.io/zpclK/full/^300,/0/default.jpg",,1,1
2774,2774,"https://iiif.micr.io/UzjWl/full/^300,/0/default.jpg",,1,1
2775,2775,"https://iiif.micr.io/IBzAL/full/^300,/0/default.jpg",,1,1
2776,2776,"https://iiif.micr.io/HBvdw/full/^300,/0/default.jpg",,1,1
2777,2777,"https://iiif.micr.io/nppig/full/^300,/0/default.jpg",,1,1
2778,2778,"https://iiif.micr.io/xUHPU/full/^300,/0/default.jpg",,1,1
2779,2779,"https://iiif.micr.io/GRxom/full/^300,/0/default.jpg",,1,1
2780,2780,"https://iiif.micr.io/TUHNw/full/^300,/0/default.jpg",,1,1
2781,2781,"https://iiif.micr.io/uhKFc/full/^300,/0/default.jpg",,1,1
2782,2782,"https://iiif.micr.io/ZYqso/full/^300,/0/default.jpg",,1,1
2783,2783,"https://iiif.micr.io/bvySH/full/^300,/0/default.jpg",,1,1
2784,2784,"https://iiif.micr.io/VKfgr/full/^300,/0/default.jpg",,1,1
2785,2785,"https://iiif.micr.io/aYazz/full/^300,/0/default.jpg",,1,1
2786,2786,"https://iiif.micr.io/vSOUH/full/^300,/0/default.jpg",,1,1
2787,2787,"https://iiif.micr.io/ecUEn/full/^300,/0/default.jpg",,1,1
2788,2788,"https://iiif.micr.io/hoLnQ/full/^300,/0/default.jpg",,1,1
2789,2789,"https://iiif.micr.io/lrPBv/full/^300,/0/default.jpg",,1,1
2790,2790,"https://iiif.micr.io/NhgSa/full/^300,/0/default.jpg",,1,1
2791,2791,"https://iiif.micr.io/XRHjh/full/^300,/0/default.jpg",,1,1
2792,2792,"https://iiif.micr.io/UCvuv/full/^300,/0/default.jpg",,1,1
2793,2793,"https://iiif.micr.io/kjEMl/full/^300,/0/default.jpg",,1,1
2794,2794,"https://iiif.micr.io/oSEvy/full/^300,/0/default.jpg",,1,1
2795,2795,"https://iiif.micr.io/WBzPc/full/^300,/0/default.jpg",,1,1
2796,2796,"https://iiif.micr.io/iiSjF/full/^300,/0/default.jpg",,1,1
2797,2797,"https://iiif.micr.io/lmthp/full/^300,/0/default.jpg",,1,1
2798,2798,"https://iiif.micr.io/PhlSl/full/^300,/0/default.jpg",,1,1
2799,2799,"https://iiif.micr.io/PKcNV/full/^300,/0/default.jpg",,1,1
2800,2800,"https://iiif.micr.io/jMyaM/full/^300,/0/default.jpg",,1,1
2801,2801,"https://iiif.micr.io/mcoTJ/full/^300,/0/default.jpg",,1,1
2802,2802,"https://iiif.micr.io/apsIG/full/^300,/0/default.jpg",,1,1
2803,2803,"https://iiif.micr.io/DevyH/full/^300,/0/default.jpg",,1,1
2804,2804,"https://iiif.micr.io/kwAfz/full/^300,/0/default.jpg",,1,1
2805,2805,"https://iiif.micr.io/wxSxt/full/^300,/0/default.jpg",,1,1
2806,2806,"https://iiif.micr.io/EmEaX/full/^300,/0/default.jpg",,1,1
2807,2807,"https://iiif.micr.io/ZUVRo/full/^300,/0/default.jpg",,1,1
2808,2808,"https://iiif.micr.io/NSmpQ/full/^300,/0/default.jpg",,1,1
2809,2809,"https://iiif.micr.io/YMhFD/full/^300,/0/default.jpg",,1,1
2810,2810,"https://iiif.micr.io/XwQil/full/^300,/0/default.jpg",,1,1
2811,2811,"https://iiif.micr.io/tysOs/full/^300,/0/default.jpg",,1,1
2812,2812,"https://iiif.micr.io/ljRtB/full/^300,/0/default.jpg",,1,1
2813,2813,"https://iiif.micr.io/wtHYY/full/^300,/0/default.jpg",,1,1
2814,2814,"https://iiif.micr.io/SJrFF/full/^300,/0/default.jpg",,1,1
2815,2815,"https://iiif.micr.io/IiIVp/full/^300,/0/default.jpg",,1,1
2816,2816,"https://iiif.micr.io/HbuYE/full/^300,/0/default.jpg",,1,1
2817,2817,"https://iiif.micr.io/eZJNJ/full/^300,/0/default.jpg",,1,1
2818,2818,"https://iiif.micr.io/RRwqc/full/^300,/0/default.jpg",,1,1
2819,2819,"https://iiif.micr.io/NXPrq/full/^300,/0/default.jpg",,1,1
2820,2820,"https://iiif.micr.io/EdWQh/full/^300,/0/default.jpg",,1,1
2821,2821,"https://iiif.micr.io/aGnXv/full/^300,/0/default.jpg",,1,1
2822,2822,"https://iiif.micr.io/HOwve/full/^300,/0/default.jpg",,1,1
2823,2823,"https://iiif.micr.io/zpDtg/full/^300,/0/default.jpg",,1,1
2824,2824,"https://iiif.micr.io/ADLfa/full/^300,/0/default.jpg",,1,1
2825,2825,"https://iiif.micr.io/nYjWl/full/^300,/0/default.jpg",,1,1
2826,2826,"https://iiif.micr.io/CDEed/full/^300,/0/default.jpg",,1,1
2827,2827,"https://iiif.micr.io/xZLzq/full/^300,/0/default.jpg",,1,1
2828,2828,"https://iiif.micr.io/blgtz/full/^300,/0/default.jpg",,1,1
2829,2829,"https://iiif.micr.io/FBZwV/full/^300,/0/default.jpg",,1,1
2830,2830,"https://iiif.micr.io/IrBoo/full/^300,/0/default.jpg",,1,1
2831,2831,"https://iiif.micr.io/tnEAy/full/^300,/0/default.jpg",,1,1
2832,2832,"https://iiif.micr.io/GrXcy/full/^300,/0/default.jpg",,1,1
2833,2833,"https://iiif.micr.io/xfPuN/full/^300,/0/default.jpg",,1,1
2834,2834,"https://iiif.micr.io/qzbNt/full/^300,/0/default.jpg",,1,1
2835,2835,"https://iiif.micr.io/SqpVI/full/^300,/0/default.jpg",,1,1
2836,2836,"https://iiif.micr.io/Gprqg/full/^300,/0/default.jpg",,1,1
2837,2837,"https://iiif.micr.io/LgaNu/full/^300,/0/default.jpg",,1,1
2838,2838,"https://iiif.micr.io/TGTfk/full/^300,/0/default.jpg",,1,1
2839,2839,"https://iiif.micr.io/ZnYIe/full/^300,/0/default.jpg",,1,1
2840,2840,"https://iiif.micr.io/zUvjo/full/^300,/0/default.jpg",,1,1
2841,2841,"https://iiif.micr.io/jqJsa/full/^300,/0/default.jpg",,1,1
2842,2842,"https://iiif.micr.io/gmoEn/full/^300,/0/default.jpg",,1,1
2843,2843,"https://iiif.micr.io/qYGjA/full/^300,/0/default.jpg",,1,1
2844,2844,"https://iiif.micr.io/fLyGY/full/^300,/0/default.jpg",,1,1
2845,2845,"https://iiif.micr.io/zdFqp/full/^300,/0/default.jpg",,1,1
2846,2846,"https://iiif.micr.io/SbhXQ/full/^300,/0/default.jpg",,1,1
2847,2847,"https://iiif.micr.io/nCdaN/full/^300,/0/default.jpg",,1,1
2848,2848,"https://iiif.micr.io/pVHTD/full/^300,/0/default.jpg",,1,1
2849,2849,"https://iiif.micr.io/yvnSK/full/^300,/0/default.jpg",,1,1
2850,2850,"https://iiif.micr.io/yBLbY/full/^300,/0/default.jpg",,1,1
2851,2851,"https://iiif.micr.io/jORab/full/^300,/0/default.jpg",,1,1
2852,2852,"https://iiif.micr.io/OYaSz/full/^300,/0/default.jpg",,1,1
2853,2853,"https://iiif.micr.io/gbwxD/full/^300,/0/default.jpg",,1,1
2854,2854,"https://iiif.micr.io/rdzwD/full/^300,/0/default.jpg",,1,1
2855,2855,"https://iiif.micr.io/RXEGa/full/^300,/0/default.jpg",,1,1
2856,2856,"https://iiif.micr.io/JSJfA/full/^300,/0/default.jpg",,1,1
2857,2857,"https://iiif.micr.io/YNrGj/full/^300,/0/default.jpg",,1,1
2858,2858,"https://iiif.micr.io/JETvL/full/^300,/0/default.jpg",,1,1
2859,2859,"https://iiif.micr.io/PQkjH/full/^300,/0/default.jpg",,1,1
2860,2860,"https://iiif.micr.io/qEahI/full/^300,/0/default.jpg",,1,1
2861,2861,"https://iiif.micr.io/CAQpx/full/^300,/0/default.jpg",,1,1
2862,2862,"https://iiif.micr.io/scWtS/full/^300,/0/default.jpg",,1,1
2863,2863,"https://iiif.micr.io/CsCGw/full/^300,/0/default.jpg",,1,1
2864,2864,"https://iiif.micr.io/kRbbQ/full/^300,/0/default.jpg",,1,1
2865,2865,"https://iiif.micr.io/HOhbj/full/^300,/0/default.jpg",,1,1
2866,2866,"https://iiif.micr.io/tYyHr/full/^300,/0/default.jpg",,1,1
2867,2867,"https://iiif.micr.io/bjqIg/full/^300,/0/default.jpg",,1,1
2868,2868,"https://iiif.micr.io/vPdGv/full/^300,/0/default.jpg",,1,1
2869,2869,"https://iiif.micr.io/udfiF/full/^300,/0/default.jpg",,1,1
2870,2870,"https://iiif.micr.io/FgTHs/full/^300,/0/default.jpg",,1,1
2871,2871,"https://iiif.micr.io/yPezq/full/^300,/0/default.jpg",,1,1
2872,2872,"https://iiif.micr.io/CJKqI/full/^300,/0/default.jpg",,1,1
2873,2873,"https://iiif.micr.io/zEsdO/full/^300,/0/default.jpg",,1,1
2874,2874,"https://iiif.micr.io/gmtRJ/full/^300,/0/default.jpg",,1,1
2875,2875,"https://iiif.micr.io/gVvMs/full/^300,/0/default.jpg",,1,1
2876,2876,"https://iiif.micr.io/XfUxB/full/^300,/0/default.jpg",,1,1
2877,2877,"https://iiif.micr.io/AspFf/full/^300,/0/default.jpg",,1,1
2878,2878,"https://iiif.micr.io/jcKgg/full/^300,/0/default.jpg",,1,1
2879,2879,"https://iiif.micr.io/itFVQ/full/^300,/0/default.jpg",,1,1
2880,2880,"https://iiif.micr.io/QWrsb/full/^300,/0/default.jpg",,1,1
2881,2881,"https://iiif.micr.io/scLsg/full/^300,/0/default.jpg",,1,1
2882,2882,"https://iiif.micr.io/Xycrc/full/^300,/0/default.jpg",,1,1
2883,2883,"https://iiif.micr.io/oEDue/full/^300,/0/default.jpg",,1,1
2884,2884,"https://iiif.micr.io/GVpjN/full/^300,/0/default.jpg",,1,1
2885,2885,"https://iiif.micr.io/UJxzs/full/^300,/0/default.jpg",,1,1
2886,2886,"https://iiif.micr.io/YyyFD/full/^300,/0/default.jpg",,1,1
2887,2887,"https://iiif.micr.io/ITSxr/full/^300,/0/default.jpg",,1,1
2888,2888,"https://iiif.micr.io/vDfoI/full/^300,/0/default.jpg",,1,1
2889,2889,"https://iiif.micr.io/okayS/full/^300,/0/default.jpg",,1,1
2890,2890,"https://iiif.micr.io/TorSm/full/^300,/0/default.jpg",,1,1
2891,2891,"https://iiif.micr.io/ZFWiM/full/^300,/0/default.jpg",,1,1
2892,2892,"https://iiif.micr.io/LccXK/full/^300,/0/default.jpg",,1,1
2893,2893,"https://iiif.micr.io/mPbEk/full/^300,/0/default.jpg",,1,1
2894,2894,"https://iiif.micr.io/dfoAl/full/^300,/0/default.jpg",,1,1
2895,2895,"https://iiif.micr.io/TBTPe/full/^300,/0/default.jpg",,1,1
2896,2896,"https://iiif.micr.io/KtIWC/full/^300,/0/default.jpg",,1,1
2897,2897,"https://iiif.micr.io/LxcaG/full/^300,/0/default.jpg",,1,1
2898,2898,"https://iiif.micr.io/kcPxS/full/^300,/0/default.jpg",,1,1
2899,2899,"https://iiif.micr.io/YGRkr/full/^300,/0/default.jpg",,1,1
2900,2900,"https://iiif.micr.io/eYvbJ/full/^300,/0/default.jpg",,1,1
2901,2901,"https://iiif.micr.io/eANIx/full/^300,/0/default.jpg",,1,1
2902,2902,"https://iiif.micr.io/YJISs/full/^300,/0/default.jpg",,1,1
2903,2903,"https://iiif.micr.io/qhmmf/full/^300,/0/default.jpg",,1,1
2904,2904,"https://iiif.micr.io/JrmHR/full/^300,/0/default.jpg",,1,1
2905,2905,"https://iiif.micr.io/zONmI/full/^300,/0/default.jpg",,1,1
2906,2906,"https://iiif.micr.io/ZgyWO/full/^300,/0/default.jpg",,1,1
2907,2907,"https://iiif.micr.io/ozmyo/full/^300,/0/default.jpg",,1,1
2908,2908,"https://iiif.micr.io/abLLu/full/^300,/0/default.jpg",,1,1
2909,2909,"https://iiif.micr.io/Pmdsx/full/^300,/0/default.jpg",,1,1
2910,2910,"https://iiif.micr.io/oHlCg/full/^300,/0/default.jpg",,1,1
2911,2911,"https://iiif.micr.io/kloCH/full/^300,/0/default.jpg",,1,1
2912,2912,"https://iiif.micr.io/uxBJx/full/^300,/0/default.jpg",,1,1
2913,2913,"https://iiif.micr.io/xreiz/full/^300,/0/default.jpg",,1,1
2914,2914,"https://iiif.micr.io/wGRLn/full/^300,/0/default.jpg",,1,1
2915,2915,"https://iiif.micr.io/YYRxT/full/^300,/0/default.jpg",,1,1
2916,2916,"https://iiif.micr.io/HGtSF/full/^300,/0/default.jpg",,1,1
2917,2917,"https://iiif.micr.io/iarYL/full/^300,/0/default.jpg",,1,1
2918,2918,"https://iiif.micr.io/tzYCH/full/^300,/0/default.jpg",,1,1
2919,2919,"https://iiif.micr.io/vLuVF/full/^300,/0/default.jpg",,1,1
2920,2920,"https://iiif.micr.io/UgAvk/full/^300,/0/default.jpg",,1,1
2921,2921,"https://iiif.micr.io/QABHs/full/^300,/0/default.jpg",,1,1
2922,2922,"https://iiif.micr.io/tyLrd/full/^300,/0/default.jpg",,1,1
2923,2923,"https://iiif.micr.io/Xxqmf/full/^300,/0/default.jpg",,1,1
2924,2924,"https://iiif.micr.io/GyPZE/full/^300,/0/default.jpg",,1,1
2925,2925,"https://iiif.micr.io/Gabju/full/^300,/0/default.jpg",,1,1
2926,2926,"https://iiif.micr.io/IyUkU/full/^300,/0/default.jpg",,1,1
2927,2927,"https://iiif.micr.io/PKMIm/full/^300,/0/default.jpg",,1,1
2928,2928,"https://iiif.micr.io/liSlx/full/^300,/0/default.jpg",,1,1
2929,2929,"https://iiif.micr.io/botUY/full/^300,/0/default.jpg",,1,1
2930,2930,"https://iiif.micr.io/ynszL/full/^300,/0/default.jpg",,1,1
2931,2931,"https://iiif.micr.io/ZWAOK/full/^300,/0/default.jpg",,1,1
2932,2932,"https://iiif.micr.io/tOHnc/full/^300,/0/default.jpg",,1,1
2933,2933,"https://iiif.micr.io/cIhOT/full/^300,/0/default.jpg",,1,1
2934,2934,"https://iiif.micr.io/xDzKL/full/^300,/0/default.jpg",,1,1
2935,2935,"https://iiif.micr.io/LKoLZ/full/^300,/0/default.jpg",,1,1
2936,2936,"https://iiif.micr.io/qPyFM/full/^300,/0/default.jpg",,1,1
2937,2937,"https://iiif.micr.io/fBAbE/full/^300,/0/default.jpg",,1,1
2938,2938,"https://iiif.micr.io/ZSkCM/full/^300,/0/default.jpg",,1,1
2939,2939,"https://iiif.micr.io/nprfT/full/^300,/0/default.jpg",,1,1
2940,2940,"https://iiif.micr.io/LyQJZ/full/^300,/0/default.jpg",,1,1
2941,2941,"https://iiif.micr.io/tQcjM/full/^300,/0/default.jpg",,1,1
2942,2942,"https://iiif.micr.io/rAhdN/full/^300,/0/default.jpg",,1,1
2943,2943,"https://iiif.micr.io/EykoD/full/^300,/0/default.jpg",,1,1
2944,2944,"https://iiif.micr.io/EcRWC/full/^300,/0/default.jpg",,1,1
2945,2945,"https://iiif.micr.io/VtXRu/full/^300,/0/default.jpg",,1,1
2946,2946,"https://iiif.micr.io/VWRfO/full/^300,/0/default.jpg",,1,1
2947,2947,"https://iiif.micr.io/BemTI/full/^300,/0/default.jpg",,1,1
2948,2948,"https://iiif.micr.io/bGsJC/full/^300,/0/default.jpg",,1,1
2949,2949,"https://iiif.micr.io/unGuA/full/^300,/0/default.jpg",,1,1
2950,2950,"https://iiif.micr.io/nvfwj/full/^300,/0/default.jpg",,1,1
2951,2951,"https://iiif.micr.io/GwQCD/full/^300,/0/default.jpg",,1,1
2952,2952,"https://iiif.micr.io/veHFM/full/^300,/0/default.jpg",,1,1
2953,2953,"https://iiif.micr.io/qbKpz/full/^300,/0/default.jpg",,1,1
2954,2954,"https://iiif.micr.io/dXQQe/full/^300,/0/default.jpg",,1,1
2955,2955,"https://iiif.micr.io/UopPU/full/^300,/0/default.jpg",,1,1
2956,2956,"https://iiif.micr.io/Mkfcw/full/^300,/0/default.jpg",,1,1
2957,2957,"https://iiif.micr.io/HjdrP/full/^300,/0/default.jpg",,1,1
2958,2958,"https://iiif.micr.io/Ypozn/full/^300,/0/default.jpg",,1,1
2959,2959,"https://iiif.micr.io/EYmeH/full/^300,/0/default.jpg",,1,1
2960,2960,"https://iiif.micr.io/pnVkJ/full/^300,/0/default.jpg",,1,1
2961,2961,"https://iiif.micr.io/PemjZ/full/^300,/0/default.jpg",,1,1
2962,2962,"https://iiif.micr.io/VSUfu/full/^300,/0/default.jpg",,1,1
2963,2963,"https://iiif.micr.io/CvAfB/full/^300,/0/default.jpg",,1,1
2964,2964,"https://iiif.micr.io/dIjOL/full/^300,/0/default.jpg",,1,1
2965,2965,"https://iiif.micr.io/Smrjn/full/^300,/0/default.jpg",,1,1
2966,2966,"https://iiif.micr.io/guzxq/full/^300,/0/default.jpg",,1,1
2967,2967,"https://iiif.micr.io/GgLTM/full/^300,/0/default.jpg",,1,1
2968,2968,"https://iiif.micr.io/ABGsr/full/^300,/0/default.jpg",,1,1
2969,2969,"https://iiif.micr.io/vCJcp/full/^300,/0/default.jpg",,1,1
2970,2970,"https://iiif.micr.io/aOWLr/full/^300,/0/default.jpg",,1,1
2971,2971,"https://iiif.micr.io/BEjeH/full/^300,/0/default.jpg",,1,1
2972,2972,"https://iiif.micr.io/QUhZo/full/^300,/0/default.jpg",,1,1
2973,2973,"https://iiif.micr.io/OREhO/full/^300,/0/default.jpg",,1,1
2974,2974,"https://iiif.micr.io/hFJys/full/^300,/0/default.jpg",,1,1
2975,2975,"https://iiif.micr.io/LLRfc/full/^300,/0/default.jpg",,1,1
2976,2976,"https://iiif.micr.io/vhiBA/full/^300,/0/default.jpg",,1,1
2977,2977,"https://iiif.micr.io/SastC/full/^300,/0/default.jpg",,1,1
2978,2978,"https://iiif.micr.io/Wsvgx/full/^300,/0/default.jpg",,1,1
2979,2979,"https://iiif.micr.io/jgfuc/full/^300,/0/default.jpg",,1,1
2980,2980,"https://iiif.micr.io/Pfdht/full/^300,/0/default.jpg",,1,1
2981,2981,"https://iiif.micr.io/yZigi/full/^300,/0/default.jpg",,1,1
2982,2982,"https://iiif.micr.io/LagWx/full/^300,/0/default.jpg",,1,1
2983,2983,"https://iiif.micr.io/nnSUa/full/^300,/0/default.jpg",,1,1
2984,2984,"https://iiif.micr.io/biRqA/full/^300,/0/default.jpg",,1,1
2985,2985,"https://iiif.micr.io/ygwmm/full/^300,/0/default.jpg",,1,1
2986,2986,"https://iiif.micr.io/HbjsR/full/^300,/0/default.jpg",,1,1
2987,2987,"https://iiif.micr.io/nzguB/full/^300,/0/default.jpg",,1,1
2988,2988,"https://iiif.micr.io/IGsjE/full/^300,/0/default.jpg",,1,1
2989,2989,"https://iiif.micr.io/tdhSS/full/^300,/0/default.jpg",,1,1
2990,2990,"https://iiif.micr.io/AfAlD/full/^300,/0/default.jpg",,1,1
2991,2991,"https://iiif.micr.io/SwBuP/full/^300,/0/default.jpg",,1,1
2992,2992,"https://iiif.micr.io/EYcWa/full/^300,/0/default.jpg",,1,1
2993,2993,"https://iiif.micr.io/TTBtw/full/^300,/0/default.jpg",,1,1
2994,2994,"https://iiif.micr.io/wSVel/full/^300,/0/default.jpg",,1,1
2995,2995,"https://iiif.micr.io/MeiJM/full/^300,/0/default.jpg",,1,1
2996,2996,"https://iiif.micr.io/WuowF/full/^300,/0/default.jpg",,1,1
2997,2997,"https://iiif.micr.io/OWQZX/full/^300,/0/default.jpg",,1,1
2998,2998,"https://iiif.micr.io/bmwPg/full/^300,/0/default.jpg",,1,1
2999,2999,"https://iiif.micr.io/dfsFO/full/^300,/0/default.jpg",,1,1
3000,3000,"https://iiif.micr.io/ZXoJB/full/^300,/0/default.jpg",,1,1
3001,3001,"https://iiif.micr.io/bWGgV/full/^300,/0/default.jpg",,1,1
3002,3002,"https://iiif.micr.io/oSprz/full/^300,/0/default.jpg",,1,1
3003,3003,"https://iiif.micr.io/EDLvU/full/^300,/0/default.jpg",,1,1
3004,3004,"https://iiif.micr.io/aNdSJ/full/^300,/0/default.jpg",,1,1
3005,3005,"https://iiif.micr.io/viKnZ/full/^300,/0/default.jpg",,1,1
3006,3006,"https://iiif.micr.io/UmewA/full/^300,/0/default.jpg",,1,1
3007,3007,"https://iiif.micr.io/AWuNE/full/^300,/0/default.jpg",,1,1
3008,3008,"https://iiif.micr.io/nGeId/full/^300,/0/default.jpg",,1,1
3009,3009,"https://iiif.micr.io/JHlVO/full/^300,/0/default.jpg",,1,1
3010,3010,"https://iiif.micr.io/ZshJe/full/^300,/0/default.jpg",,1,1
3011,3011,"https://iiif.micr.io/Rovbk/full/^300,/0/default.jpg",,1,1
3012,3012,"https://iiif.micr.io/UiMte/full/^300,/0/default.jpg",,1,1
3013,3013,"https://iiif.micr.io/JTcmc/full/^300,/0/default.jpg",,1,1
3014,3014,"https://iiif.micr.io/SwBRx/full/^300,/0/default.jpg",,1,1
3015,3015,"https://iiif.micr.io/qmDCV/full/^300,/0/default.jpg",,1,1
3016,3016,"https://iiif.micr.io/KpbFh/full/^300,/0/default.jpg",,1,1
3017,3017,"https://iiif.micr.io/fMDUx/full/^300,/0/default.jpg",,1,1
3018,3018,"https://iiif.micr.io/wavts/full/^300,/0/default.jpg",,1,1
3019,3019,"https://iiif.micr.io/QYgiX/full/^300,/0/default.jpg",,1,1
3020,3020,"https://iiif.micr.io/KAIac/full/^300,/0/default.jpg",,1,1
3021,3021,"https://iiif.micr.io/fDAjc/full/^300,/0/default.jpg",,1,1
3022,3022,"https://iiif.micr.io/tkDjq/full/^300,/0/default.jpg",,1,1
3023,3023,"https://iiif.micr.io/kCcSR/full/^300,/0/default.jpg",,1,1
3024,3024,"https://iiif.micr.io/yTBXl/full/^300,/0/default.jpg",,1,1
3025,3025,"https://iiif.micr.io/pjrmO/full/^300,/0/default.jpg",,1,1
3026,3026,"https://iiif.micr.io/alWod/full/^300,/0/default.jpg",,1,1
3027,3027,"https://iiif.micr.io/JgsCd/full/^300,/0/default.jpg",,1,1
3028,3028,"https://iiif.micr.io/haGEf/full/^300,/0/default.jpg",,1,1
3029,3029,"https://iiif.micr.io/lWzqm/full/^300,/0/default.jpg",,1,1
3030,3030,"https://iiif.micr.io/oxfMo/full/^300,/0/default.jpg",,1,1
3031,3031,"https://iiif.micr.io/PxAus/full/^300,/0/default.jpg",,1,1
3032,3032,"https://iiif.micr.io/CRyXS/full/^300,/0/default.jpg",,1,1
3033,3033,"https://iiif.micr.io/LbaOI/full/^300,/0/default.jpg",,1,1
3034,3034,"https://iiif.micr.io/UFSwP/full/^300,/0/default.jpg",,1,1
3035,3035,"https://iiif.micr.io/CYohh/full/^300,/0/default.jpg",,1,1
3036,3036,"https://iiif.micr.io/nCeNq/full/^300,/0/default.jpg",,1,1
3037,3037,"https://iiif.micr.io/XztNs/full/^300,/0/default.jpg",,1,1
3038,3038,"https://iiif.micr.io/chVUT/full/^300,/0/default.jpg",,1,1
3039,3039,"https://iiif.micr.io/xkhEY/full/^300,/0/default.jpg",,1,1
3040,3040,"https://iiif.micr.io/tmokk/full/^300,/0/default.jpg",,1,1
3041,3041,"https://iiif.micr.io/sruKV/full/^300,/0/default.jpg",,1,1
3042,3042,"https://iiif.micr.io/VvyiF/full/^300,/0/default.jpg",,1,1
3043,3043,"https://iiif.micr.io/EtyUV/full/^300,/0/default.jpg",,1,1
3044,3044,"https://iiif.micr.io/kCuAK/full/^300,/0/default.jpg",,1,1
3045,3045,"https://iiif.micr.io/baWiL/full/^300,/0/default.jpg",,1,1
3046,3046,"https://iiif.micr.io/wIylm/full/^300,/0/default.jpg",,1,1
3047,3047,"https://iiif.micr.io/GScPg/full/^300,/0/default.jpg",,1,1
3048,3048,"https://iiif.micr.io/FGWeP/full/^300,/0/default.jpg",,1,1
3049,3049,"https://iiif.micr.io/pinKu/full/^300,/0/default.jpg",,1,1
3050,3050,"https://iiif.micr.io/xDQPx/full/^300,/0/default.jpg",,1,1
3051,3051,"https://iiif.micr.io/LODga/full/^300,/0/default.jpg",,1,1
3052,3052,"https://iiif.micr.io/stUeA/full/^300,/0/default.jpg",,1,1
3053,3053,"https://iiif.micr.io/oLvVL/full/^300,/0/default.jpg",,1,1
3054,3054,"https://iiif.micr.io/zGQcJ/full/^300,/0/default.jpg",,1,1
3055,3055,"https://iiif.micr.io/kdHFw/full/^300,/0/default.jpg",,1,1
3056,3056,"https://iiif.micr.io/dwyIZ/full/^300,/0/default.jpg",,1,1
3057,3057,"https://iiif.micr.io/oRgiV/full/^300,/0/default.jpg",,1,1
3058,3058,"https://iiif.micr.io/sWdnO/full/^300,/0/default.jpg",,1,1
3059,3059,"https://iiif.micr.io/SguSs/full/^300,/0/default.jpg",,1,1
3060,3060,"https://iiif.micr.io/gAfhO/full/^300,/0/default.jpg",,1,1
3061,3061,"https://iiif.micr.io/WRUNy/full/^300,/0/default.jpg",,1,1
3062,3062,"https://iiif.micr.io/WXIUr/full/^300,/0/default.jpg",,1,1
3063,3063,"https://iiif.micr.io/hHPif/full/^300,/0/default.jpg",,1,1
3064,3064,"https://iiif.micr.io/CBQDn/full/^300,/0/default.jpg",,1,1
3065,3065,"https://iiif.micr.io/KXkLF/full/^300,/0/default.jpg",,1,1
3066,3066,"https://iiif.micr.io/JIPHY/full/^300,/0/default.jpg",,1,1
3067,3067,"https://iiif.micr.io/VvaOL/full/^300,/0/default.jpg",,1,1
3068,3068,"https://iiif.micr.io/ODPbZ/full/^300,/0/default.jpg",,1,1
3069,3069,"https://iiif.micr.io/QBsXc/full/^300,/0/default.jpg",,1,1
3070,3070,"https://iiif.micr.io/VDoFV/full/^300,/0/default.jpg",,1,1
3071,3071,"https://iiif.micr.io/stuVL/full/^300,/0/default.jpg",,1,1
3072,3072,"https://iiif.micr.io/XOLaa/full/^300,/0/default.jpg",,1,1
3073,3073,"https://iiif.micr.io/naVjE/full/^300,/0/default.jpg",,1,1
3074,3074,"https://iiif.micr.io/AxjVl/full/^300,/0/default.jpg",,1,1
3075,3075,"https://iiif.micr.io/GzNaH/full/^300,/0/default.jpg",,1,1
3076,3076,"https://iiif.micr.io/UHdCq/full/^300,/0/default.jpg",,1,1
3077,3077,"https://iiif.micr.io/nioQQ/full/^300,/0/default.jpg",,1,1
3078,3078,"https://iiif.micr.io/bprFd/full/^300,/0/default.jpg",,1,1
3079,3079,"https://iiif.micr.io/GvnQm/full/^300,/0/default.jpg",,1,1
3080,3080,"https://iiif.micr.io/JGfvk/full/^300,/0/default.jpg",,1,1
3081,3081,"https://iiif.micr.io/kTWUz/full/^300,/0/default.jpg",,1,1
3082,3082,"https://iiif.micr.io/DvtSI/full/^300,/0/default.jpg",,1,1
3083,3083,"https://iiif.micr.io/uhyTN/full/^300,/0/default.jpg",,1,1
3084,3084,"https://iiif.micr.io/gmQYS/full/^300,/0/default.jpg",,1,1
3085,3085,"https://iiif.micr.io/NXQqY/full/^300,/0/default.jpg",,1,1
3086,3086,"https://iiif.micr.io/xQyBk/full/^300,/0/default.jpg",,1,1
3087,3087,"https://iiif.micr.io/AgMRa/full/^300,/0/default.jpg",,1,1
3088,3088,"https://iiif.micr.io/grMum/full/^300,/0/default.jpg",,1,1
3089,3089,"https://iiif.micr.io/MnVCp/full/^300,/0/default.jpg",,1,1
3090,3090,"https://iiif.micr.io/xSOaf/full/^300,/0/default.jpg",,1,1
3091,3091,"https://iiif.micr.io/NbRoU/full/^300,/0/default.jpg",,1,1
3092,3092,"https://iiif.micr.io/fihMS/full/^300,/0/default.jpg",,1,1
3093,3093,"https://iiif.micr.io/waYIz/full/^300,/0/default.jpg",,1,1
3094,3094,"https://iiif.micr.io/jEkyJ/full/^300,/0/default.jpg",,1,1
3095,3095,"https://iiif.micr.io/BkotS/full/^300,/0/default.jpg",,1,1
3096,3096,"https://iiif.micr.io/XRbxx/full/^300,/0/default.jpg",,1,1
3097,3097,"https://iiif.micr.io/wAdyE/full/^300,/0/default.jpg",,1,1
3098,3098,"https://iiif.micr.io/tLgMe/full/^300,/0/default.jpg",,1,1
3099,3099,"https://iiif.micr.io/RuMtx/full/^300,/0/default.jpg",,1,1
3100,3100,"https://iiif.micr.io/QPcKw/full/^300,/0/default.jpg",,1,1
3101,3101,"https://iiif.micr.io/uHTrn/full/^300,/0/default.jpg",,1,1
3102,3102,"https://iiif.micr.io/wCnRO/full/^300,/0/default.jpg",,1,1
3103,3103,"https://iiif.micr.io/vvwbt/full/^300,/0/default.jpg",,1,1
3104,3104,"https://iiif.micr.io/soSjs/full/^300,/0/default.jpg",,1,1
3105,3105,"https://iiif.micr.io/JNCjU/full/^300,/0/default.jpg",,1,1
3106,3106,"https://iiif.micr.io/eQjAe/full/^300,/0/default.jpg",,1,1
3107,3107,"https://iiif.micr.io/LmpNA/full/^300,/0/default.jpg",,1,1
3108,3108,"https://iiif.micr.io/eVwmT/full/^300,/0/default.jpg",,1,1
3109,3109,"https://iiif.micr.io/lkNoi/full/^300,/0/default.jpg",,1,1
3110,3110,"https://iiif.micr.io/jRcZR/full/^300,/0/default.jpg",,1,1
3111,3111,"https://iiif.micr.io/AdMea/full/^300,/0/default.jpg",,1,1
3112,3112,"https://iiif.micr.io/yJRJg/full/^300,/0/default.jpg",,1,1
3113,3113,"https://iiif.micr.io/KfiVS/full/^300,/0/default.jpg",,1,1
3114,3114,"https://iiif.micr.io/uVHYR/full/^300,/0/default.jpg",,1,1
3115,3115,"https://iiif.micr.io/ymlro/full/^300,/0/default.jpg",,1,1
3116,3116,"https://iiif.micr.io/KqPqS/full/^300,/0/default.jpg",,1,1
3117,3117,"https://iiif.micr.io/INcoa/full/^300,/0/default.jpg",,1,1
3118,3118,"https://iiif.micr.io/dkLoC/full/^300,/0/default.jpg",,1,1
3119,3119,"https://iiif.micr.io/vWdsC/full/^300,/0/default.jpg",,1,1
3120,3120,"https://iiif.micr.io/UVAiE/full/^300,/0/default.jpg",,1,1
3121,3121,"https://iiif.micr.io/BZJbl/full/^300,/0/default.jpg",,1,1
3122,3122,"https://iiif.micr.io/ahvGJ/full/^300,/0/default.jpg",,1,1
3123,3123,"https://iiif.micr.io/xMomu/full/^300,/0/default.jpg",,1,1
3124,3124,"https://iiif.micr.io/FyTKP/full/^300,/0/default.jpg",,1,1
3125,3125,"https://iiif.micr.io/jIrxc/full/^300,/0/default.jpg",,1,1
3126,3126,"https://iiif.micr.io/mTKPv/full/^300,/0/default.jpg",,1,1
3127,3127,"https://iiif.micr.io/Rodrv/full/^300,/0/default.jpg",,1,1
3128,3128,"https://iiif.micr.io/FGvdq/full/^300,/0/default.jpg",,1,1
3129,3129,"https://iiif.micr.io/vkZje/full/^300,/0/default.jpg",,1,1
3130,3130,"https://iiif.micr.io/iFFhT/full/^300,/0/default.jpg",,1,1
3131,3131,"https://iiif.micr.io/DOGDv/full/^300,/0/default.jpg",,1,1
3132,3132,"https://iiif.micr.io/QOeaU/full/^300,/0/default.jpg",,1,1
3133,3133,"https://iiif.micr.io/NnTad/full/^300,/0/default.jpg",,1,1
3134,3134,"https://iiif.micr.io/BfduB/full/^300,/0/default.jpg",,1,1
3135,3135,"https://iiif.micr.io/tcHYY/full/^300,/0/default.jpg",,1,1
3136,3136,"https://iiif.micr.io/ZIgyj/full/^300,/0/default.jpg",,1,1
3137,3137,"https://iiif.micr.io/pIgog/full/^300,/0/default.jpg",,1,1
3138,3138,"https://iiif.micr.io/TLTUl/full/^300,/0/default.jpg",,1,1
3139,3139,"https://iiif.micr.io/voYAP/full/^300,/0/default.jpg",,1,1
3140,3140,"https://iiif.micr.io/sogBq/full/^300,/0/default.jpg",,1,1
3141,3141,"https://iiif.micr.io/DzIKk/full/^300,/0/default.jpg",,1,1
3142,3142,"https://iiif.micr.io/KcExN/full/^300,/0/default.jpg",,1,1
3143,3143,"https://iiif.micr.io/ltXCH/full/^300,/0/default.jpg",,1,1
3144,3144,"https://iiif.micr.io/DblSr/full/^300,/0/default.jpg",,1,1
3145,3145,"https://iiif.micr.io/hNncV/full/^300,/0/default.jpg",,1,1
3146,3146,"https://iiif.micr.io/OajTe/full/^300,/0/default.jpg",,1,1
3147,3147,"https://iiif.micr.io/ibJly/full/^300,/0/default.jpg",,1,1
3148,3148,"https://iiif.micr.io/cNDDN/full/^300,/0/default.jpg",,1,1
3149,3149,"https://iiif.micr.io/oAWhZ/full/^300,/0/default.jpg",,1,1
3150,3150,"https://iiif.micr.io/htvTT/full/^300,/0/default.jpg",,1,1
3151,3151,"https://iiif.micr.io/XLZZW/full/^300,/0/default.jpg",,1,1
3152,3152,"https://iiif.micr.io/DcnHX/full/^300,/0/default.jpg",,1,1
3153,3153,"https://iiif.micr.io/lHwAK/full/^300,/0/default.jpg",,1,1
3154,3154,"https://iiif.micr.io/NwWbd/full/^300,/0/default.jpg",,1,1
3155,3155,"https://iiif.micr.io/Yctnn/full/^300,/0/default.jpg",,1,1
3156,3156,"https://iiif.micr.io/UZwtR/full/^300,/0/default.jpg",,1,1
3157,3157,"https://iiif.micr.io/dTRLS/full/^300,/0/default.jpg",,1,1
3158,3158,"https://iiif.micr.io/WXkKw/full/^300,/0/default.jpg",,1,1
3159,3159,"https://iiif.micr.io/HezRW/full/^300,/0/default.jpg",,1,1
3160,3160,"https://iiif.micr.io/dyYHe/full/^300,/0/default.jpg",,1,1
3161,3161,"https://iiif.micr.io/FuQuN/full/^300,/0/default.jpg",,1,1
3162,3162,"https://iiif.micr.io/TCeGf/full/^300,/0/default.jpg",,1,1
3163,3163,"https://iiif.micr.io/pVFFW/full/^300,/0/default.jpg",,1,1
3164,3164,"https://iiif.micr.io/fWoRN/full/^300,/0/default.jpg",,1,1
3165,3165,"https://iiif.micr.io/JLncL/full/^300,/0/default.jpg",,1,1
3166,3166,"https://iiif.micr.io/aFsKk/full/^300,/0/default.jpg",,1,1
3167,3167,"https://iiif.micr.io/CwKJB/full/^300,/0/default.jpg",,1,1
3168,3168,"https://iiif.micr.io/bNfBv/full/^300,/0/default.jpg",,1,1
3169,3169,"https://iiif.micr.io/jydnK/full/^300,/0/default.jpg",,1,1
3170,3170,"https://iiif.micr.io/PXZFr/full/^300,/0/default.jpg",,1,1
3171,3171,"https://iiif.micr.io/uTPcZ/full/^300,/0/default.jpg",,1,1
3172,3172,"https://iiif.micr.io/puazJ/full/^300,/0/default.jpg",,1,1
3173,3173,"https://iiif.micr.io/JVAKB/full/^300,/0/default.jpg",,1,1
3174,3174,"https://iiif.micr.io/dQXwa/full/^300,/0/default.jpg",,1,1
3175,3175,"https://iiif.micr.io/OUMyy/full/^300,/0/default.jpg",,1,1
3176,3176,"https://iiif.micr.io/DWPhP/full/^300,/0/default.jpg",,1,1
3177,3177,"https://iiif.micr.io/IHIHB/full/^300,/0/default.jpg",,1,1
3178,3178,"https://iiif.micr.io/QFSYS/full/^300,/0/default.jpg",,1,1
3179,3179,"https://iiif.micr.io/jKuua/full/^300,/0/default.jpg",,1,1
3180,3180,"https://iiif.micr.io/JCEKQ/full/^300,/0/default.jpg",,1,1
3181,3181,"https://iiif.micr.io/XaiGv/full/^300,/0/default.jpg",,1,1
3182,3182,"https://iiif.micr.io/EfWZr/full/^300,/0/default.jpg",,1,1
3183,3183,"https://iiif.micr.io/ZTkmA/full/^300,/0/default.jpg",,1,1
3184,3184,"https://iiif.micr.io/cTnAp/full/^300,/0/default.jpg",,1,1
3185,3185,"https://iiif.micr.io/qWrFW/full/^300,/0/default.jpg",,1,1
3186,3186,"https://iiif.micr.io/ATeSI/full/^300,/0/default.jpg",,1,1
3187,3187,"https://iiif.micr.io/HZTvG/full/^300,/0/default.jpg",,1,1
3188,3188,"https://iiif.micr.io/ffvhh/full/^300,/0/default.jpg",,1,1
3189,3189,"https://iiif.micr.io/HuBFG/full/^300,/0/default.jpg",,1,1
3190,3190,"https://iiif.micr.io/YTxxu/full/^300,/0/default.jpg",,1,1
3191,3191,"https://iiif.micr.io/ZKPMC/full/^300,/0/default.jpg",,1,1
3192,3192,"https://iiif.micr.io/xYNlg/full/^300,/0/default.jpg",,1,1
3193,3193,"https://iiif.micr.io/pTWRy/full/^300,/0/default.jpg",,1,1
3194,3194,"https://iiif.micr.io/iwmch/full/^300,/0/default.jpg",,1,1
3195,3195,"https://iiif.micr.io/RXQek/full/^300,/0/default.jpg",,1,1
3196,3196,"https://iiif.micr.io/KyMBF/full/^300,/0/default.jpg",,1,1
3197,3197,"https://iiif.micr.io/ygUYc/full/^300,/0/default.jpg",,1,1
3198,3198,"https://iiif.micr.io/lSDks/full/^300,/0/default.jpg",,1,1
3199,3199,"https://iiif.micr.io/pVzBS/full/^300,/0/default.jpg",,1,1
3200,3200,"https://iiif.micr.io/oltqf/full/^300,/0/default.jpg",,1,1
3201,3201,"https://iiif.micr.io/gbWTr/full/^300,/0/default.jpg",,1,1
3202,3202,"https://iiif.micr.io/WWjUy/full/^300,/0/default.jpg",,1,1
3203,3203,"https://iiif.micr.io/fanNm/full/^300,/0/default.jpg",,1,1
3204,3204,"https://iiif.micr.io/Ahksr/full/^300,/0/default.jpg",,1,1
3205,3205,"https://iiif.micr.io/ghGnw/full/^300,/0/default.jpg",,1,1
3206,3206,"https://iiif.micr.io/SPbol/full/^300,/0/default.jpg",,1,1
3207,3207,"https://iiif.micr.io/RdiSK/full/^300,/0/default.jpg",,1,1
3208,3208,"https://iiif.micr.io/WJJtO/full/^300,/0/default.jpg",,1,1
3209,3209,"https://iiif.micr.io/pyWNi/full/^300,/0/default.jpg",,1,1
3210,3210,"https://iiif.micr.io/UiUkZ/full/^300,/0/default.jpg",,1,1
3211,3211,"https://iiif.micr.io/DGJcV/full/^300,/0/default.jpg",,1,1
3212,3212,"https://iiif.micr.io/WLiJA/full/^300,/0/default.jpg",,1,1
3213,3213,"https://iiif.micr.io/ixQLP/full/^300,/0/default.jpg",,1,1
3214,3214,"https://iiif.micr.io/dfAOd/full/^300,/0/default.jpg",,1,1
3215,3215,"https://iiif.micr.io/VzjUf/full/^300,/0/default.jpg",,1,1
3216,3216,"https://iiif.micr.io/pJuLS/full/^300,/0/default.jpg",,1,1
3217,3217,"https://iiif.micr.io/jLjQx/full/^300,/0/default.jpg",,1,1
3218,3218,"https://iiif.micr.io/aqEvU/full/^300,/0/default.jpg",,1,1
3219,3219,"https://iiif.micr.io/viIwp/full/^300,/0/default.jpg",,1,1
3220,3220,"https://iiif.micr.io/KcwDQ/full/^300,/0/default.jpg",,1,1
3221,3221,"https://iiif.micr.io/GjkBy/full/^300,/0/default.jpg",,1,1
3222,3222,"https://iiif.micr.io/wnbBT/full/^300,/0/default.jpg",,1,1
3223,3223,"https://iiif.micr.io/rEaAw/full/^300,/0/default.jpg",,1,1
3224,3224,"https://iiif.micr.io/txtxA/full/^300,/0/default.jpg",,1,1
3225,3225,"https://iiif.micr.io/Cfcum/full/^300,/0/default.jpg",,1,1
3226,3226,"https://iiif.micr.io/ggraj/full/^300,/0/default.jpg",,1,1
3227,3227,"https://iiif.micr.io/vAZlJ/full/^300,/0/default.jpg",,1,1
3228,3228,"https://iiif.micr.io/wsENN/full/^300,/0/default.jpg",,1,1
3229,3229,"https://iiif.micr.io/zQTjY/full/^300,/0/default.jpg",,1,1
3230,3230,"https://iiif.micr.io/TWhbt/full/^300,/0/default.jpg",,1,1
3231,3231,"https://iiif.micr.io/murMm/full/^300,/0/default.jpg",,1,1
3232,3232,"https://iiif.micr.io/Svpwx/full/^300,/0/default.jpg",,1,1
3233,3233,"https://iiif.micr.io/DjEdZ/full/^300,/0/default.jpg",,1,1
3234,3234,"https://iiif.micr.io/bofbJ/full/^300,/0/default.jpg",,1,1
3235,3235,"https://iiif.micr.io/DrvXZ/full/^300,/0/default.jpg",,1,1
3236,3236,"https://iiif.micr.io/SmZOV/full/^300,/0/default.jpg",,1,1
3237,3237,"https://iiif.micr.io/kycJM/full/^300,/0/default.jpg",,1,1
3238,3238,"https://iiif.micr.io/ctLFz/full/^300,/0/default.jpg",,1,1
3239,3239,"https://iiif.micr.io/DrFKc/full/^300,/0/default.jpg",,1,1
3240,3240,"https://iiif.micr.io/huPbL/full/^300,/0/default.jpg",,1,1
3241,3241,"https://iiif.micr.io/NDrKK/full/^300,/0/default.jpg",,1,1
3242,3242,"https://iiif.micr.io/UbHEE/full/^300,/0/default.jpg",,1,1
3243,3243,"https://iiif.micr.io/OPKkR/full/^300,/0/default.jpg",,1,1
3244,3244,"https://iiif.micr.io/HwXSP/full/^300,/0/default.jpg",,1,1
3245,3245,"https://iiif.micr.io/ZupQK/full/^300,/0/default.jpg",,1,1
3246,3246,"https://iiif.micr.io/ghcUA/full/^300,/0/default.jpg",,1,1
3247,3247,"https://iiif.micr.io/MmViU/full/^300,/0/default.jpg",,1,1
3248,3248,"https://iiif.micr.io/Eowcr/full/^300,/0/default.jpg",,1,1
3249,3249,"https://iiif.micr.io/SjEAb/full/^300,/0/default.jpg",,1,1
3250,3250,"https://iiif.micr.io/dbzjc/full/^300,/0/default.jpg",,1,1
3251,3251,"https://iiif.micr.io/SSMVO/full/^300,/0/default.jpg",,1,1
3252,3252,"https://iiif.micr.io/tOBuq/full/^300,/0/default.jpg",,1,1
3253,3253,"https://iiif.micr.io/xJrUH/full/^300,/0/default.jpg",,1,1
3254,3254,"https://iiif.micr.io/KfsTs/full/^300,/0/default.jpg",,1,1
3255,3255,"https://iiif.micr.io/ULShp/full/^300,/0/default.jpg",,1,1
3256,3256,"https://iiif.micr.io/LRjZB/full/^300,/0/default.jpg",,1,1
3257,3257,"https://iiif.micr.io/wOHHR/full/^300,/0/default.jpg",,1,1
3258,3258,"https://iiif.micr.io/TJctK/full/^300,/0/default.jpg",,1,1
3259,3259,"https://iiif.micr.io/NWBmh/full/^300,/0/default.jpg",,1,1
3260,3260,"https://iiif.micr.io/pOCgl/full/^300,/0/default.jpg",,1,1
3261,3261,"https://iiif.micr.io/dfNbE/full/^300,/0/default.jpg",,1,1
3262,3262,"https://iiif.micr.io/bhiRa/full/^300,/0/default.jpg",,1,1
3263,3263,"https://iiif.micr.io/esVEL/full/^300,/0/default.jpg",,1,1
3264,3264,"https://iiif.micr.io/CJXTs/full/^300,/0/default.jpg",,1,1
3265,3265,"https://iiif.micr.io/eCYYX/full/^300,/0/default.jpg",,1,1
3266,3266,"https://iiif.micr.io/CuHBU/full/^300,/0/default.jpg",,1,1
3267,3267,"https://iiif.micr.io/KJmRc/full/^300,/0/default.jpg",,1,1
3268,3268,"https://iiif.micr.io/OgSZH/full/^300,/0/default.jpg",,1,1
3269,3269,"https://iiif.micr.io/OXuCl/full/^300,/0/default.jpg",,1,1
3270,3270,"https://iiif.micr.io/oBkmj/full/^300,/0/default.jpg",,1,1
3271,3271,"https://iiif.micr.io/sKXOt/full/^300,/0/default.jpg",,1,1
3272,3272,"https://iiif.micr.io/EaAnn/full/^300,/0/default.jpg",,1,1
3273,3273,"https://iiif.micr.io/ZYlON/full/^300,/0/default.jpg",,1,1
3274,3274,"https://iiif.micr.io/NLgbI/full/^300,/0/default.jpg",,1,1
3275,3275,"https://iiif.micr.io/CEHLm/full/^300,/0/default.jpg",,1,1
3276,3276,"https://iiif.micr.io/EbpSJ/full/^300,/0/default.jpg",,1,1
3277,3277,"https://iiif.micr.io/DIRqw/full/^300,/0/default.jpg",,1,1
3278,3278,"https://iiif.micr.io/iYeFZ/full/^300,/0/default.jpg",,1,1
3279,3279,"https://iiif.micr.io/TeWSR/full/^300,/0/default.jpg",,1,1
3280,3280,"https://iiif.micr.io/tgCjP/full/^300,/0/default.jpg",,1,1
3281,3281,"https://iiif.micr.io/Mdoli/full/^300,/0/default.jpg",,1,1
3282,3282,"https://iiif.micr.io/AtJfl/full/^300,/0/default.jpg",,1,1
3283,3283,"https://iiif.micr.io/GhCoQ/full/^300,/0/default.jpg",,1,1
3284,3284,"https://iiif.micr.io/NmaTv/full/^300,/0/default.jpg",,1,1
3285,3285,"https://iiif.micr.io/qRKeo/full/^300,/0/default.jpg",,1,1
3286,3286,"https://iiif.micr.io/bXFLc/full/^300,/0/default.jpg",,1,1
3287,3287,"https://iiif.micr.io/OBAgy/full/^300,/0/default.jpg",,1,1
3288,3288,"https://iiif.micr.io/uGDZu/full/^300,/0/default.jpg",,1,1
3289,3289,"https://iiif.micr.io/dOacK/full/^300,/0/default.jpg",,1,1
3290,3290,"https://iiif.micr.io/WwYqV/full/^300,/0/default.jpg",,1,1
3291,3291,"https://iiif.micr.io/VDWdd/full/^300,/0/default.jpg",,1,1
3292,3292,"https://iiif.micr.io/QofIY/full/^300,/0/default.jpg",,1,1
3293,3293,"https://iiif.micr.io/Ocmpe/full/^300,/0/default.jpg",,1,1
3294,3294,"https://iiif.micr.io/QUGaQ/full/^300,/0/default.jpg",,1,1
3295,3295,"https://iiif.micr.io/dfrtR/full/^300,/0/default.jpg",,1,1
3296,3296,"https://iiif.micr.io/nCCXQ/full/^300,/0/default.jpg",,1,1
3297,3297,"https://iiif.micr.io/aOJwe/full/^300,/0/default.jpg",,1,1
3298,3298,"https://iiif.micr.io/JHtcG/full/^300,/0/default.jpg",,1,1
3299,3299,"https://iiif.micr.io/zkeTu/full/^300,/0/default.jpg",,1,1
3300,3300,"https://iiif.micr.io/VqZPb/full/^300,/0/default.jpg",,1,1
3301,3301,"https://iiif.micr.io/zRsyU/full/^300,/0/default.jpg",,1,1
3302,3302,"https://iiif.micr.io/yndkC/full/^300,/0/default.jpg",,1,1
3303,3303,"https://iiif.micr.io/jvDaN/full/^300,/0/default.jpg",,1,1
3304,3304,"https://iiif.micr.io/yxgOh/full/^300,/0/default.jpg",,1,1
3305,3305,"https://iiif.micr.io/wcByz/full/^300,/0/default.jpg",,1,1
3306,3306,"https://iiif.micr.io/mXske/full/^300,/0/default.jpg",,1,1
3307,3307,"https://iiif.micr.io/Vteag/full/^300,/0/default.jpg",,1,1
3308,3308,"https://iiif.micr.io/kshNt/full/^300,/0/default.jpg",,1,1
3309,3309,"https://iiif.micr.io/VvFZb/full/^300,/0/default.jpg",,1,1
3310,3310,"https://iiif.micr.io/xVRhS/full/^300,/0/default.jpg",,1,1
3311,3311,"https://iiif.micr.io/VIwLi/full/^300,/0/default.jpg",,1,1
3312,3312,"https://iiif.micr.io/SwNAm/full/^300,/0/default.jpg",,1,1
3313,3313,"https://iiif.micr.io/LAoAH/full/^300,/0/default.jpg",,1,1
3314,3314,"https://iiif.micr.io/jIhgL/full/^300,/0/default.jpg",,1,1
3315,3315,"https://iiif.micr.io/AVnPD/full/^300,/0/default.jpg",,1,1
3316,3316,"https://iiif.micr.io/SiaGE/full/^300,/0/default.jpg",,1,1
3317,3317,"https://iiif.micr.io/AOvmk/full/^300,/0/default.jpg",,1,1
3318,3318,"https://iiif.micr.io/ybwSz/full/^300,/0/default.jpg",,1,1
3319,3319,"https://iiif.micr.io/xYTZj/full/^300,/0/default.jpg",,1,1
3320,3320,"https://iiif.micr.io/UFzBN/full/^300,/0/default.jpg",,1,1
3321,3321,"https://iiif.micr.io/xjUEt/full/^300,/0/default.jpg",,1,1
3322,3322,"https://iiif.micr.io/CfPWR/full/^300,/0/default.jpg",,1,1
3323,3323,"https://iiif.micr.io/qHDVo/full/^300,/0/default.jpg",,1,1
3324,3324,"https://iiif.micr.io/fNjfT/full/^300,/0/default.jpg",,1,1
3325,3325,"https://iiif.micr.io/UycYY/full/^300,/0/default.jpg",,1,1
3326,3326,"https://iiif.micr.io/EbnPO/full/^300,/0/default.jpg",,1,1
3327,3327,"https://iiif.micr.io/jGNqo/full/^300,/0/default.jpg",,1,1
3328,3328,"https://iiif.micr.io/ikPEZ/full/^300,/0/default.jpg",,1,1
3329,3329,"https://iiif.micr.io/CPkZT/full/^300,/0/default.jpg",,1,1
3330,3330,"https://iiif.micr.io/zIQNE/full/^300,/0/default.jpg",,1,1
3331,3331,"https://iiif.micr.io/zdFzg/full/^300,/0/default.jpg",,1,1
3332,3332,"https://iiif.micr.io/oXsNV/full/^300,/0/default.jpg",,1,1
3333,3333,"https://iiif.micr.io/kxdWV/full/^300,/0/default.jpg",,1,1
3334,3334,"https://iiif.micr.io/cIiXQ/full/^300,/0/default.jpg",,1,1
3335,3335,"https://iiif.micr.io/NvFHz/full/^300,/0/default.jpg",,1,1
3336,3336,"https://iiif.micr.io/IWywY/full/^300,/0/default.jpg",,1,1
3337,3337,"https://iiif.micr.io/XzTST/full/^300,/0/default.jpg",,1,1
3338,3338,"https://iiif.micr.io/HvYdB/full/^300,/0/default.jpg",,1,1
3339,3339,"https://iiif.micr.io/qbLjs/full/^300,/0/default.jpg",,1,1
3340,3340,"https://iiif.micr.io/UgVaa/full/^300,/0/default.jpg",,1,1
3341,3341,"https://iiif.micr.io/UfVWn/full/^300,/0/default.jpg",,1,1
3342,3342,"https://iiif.micr.io/KZadD/full/^300,/0/default.jpg",,1,1
3343,3343,"https://iiif.micr.io/asUhe/full/^300,/0/default.jpg",,1,1
3344,3344,"https://iiif.micr.io/XdKDW/full/^300,/0/default.jpg",,1,1
3345,3345,"https://iiif.micr.io/LsTsO/full/^300,/0/default.jpg",,1,1
3346,3346,"https://iiif.micr.io/BRMkN/full/^300,/0/default.jpg",,1,1
3347,3347,"https://iiif.micr.io/ZkBXq/full/^300,/0/default.jpg",,1,1
3348,3348,"https://iiif.micr.io/mIiuu/full/^300,/0/default.jpg",,1,1
3349,3349,"https://iiif.micr.io/ZFPml/full/^300,/0/default.jpg",,1,1
3350,3350,"https://iiif.micr.io/tOAWz/full/^300,/0/default.jpg",,1,1
3351,3351,"https://iiif.micr.io/qvevv/full/^300,/0/default.jpg",,1,1
3352,3352,"https://iiif.micr.io/EWStw/full/^300,/0/default.jpg",,1,1
3353,3353,"https://iiif.micr.io/lzZvJ/full/^300,/0/default.jpg",,1,1
3354,3354,"https://iiif.micr.io/ZhDTp/full/^300,/0/default.jpg",,1,1
3355,3355,"https://iiif.micr.io/lXkGC/full/^300,/0/default.jpg",,1,1
3356,3356,"https://iiif.micr.io/pfdLE/full/^300,/0/default.jpg",,1,1
3357,3357,"https://iiif.micr.io/MEhiL/full/^300,/0/default.jpg",,1,1
3358,3358,"https://iiif.micr.io/kLbKb/full/^300,/0/default.jpg",,1,1
3359,3359,"https://iiif.micr.io/jhHqV/full/^300,/0/default.jpg",,1,1
3360,3360,"https://iiif.micr.io/FDbug/full/^300,/0/default.jpg",,1,1
3361,3361,"https://iiif.micr.io/Jqfip/full/^300,/0/default.jpg",,1,1
3362,3362,"https://iiif.micr.io/xGvru/full/^300,/0/default.jpg",,1,1
3363,3363,"https://iiif.micr.io/uKEaJ/full/^300,/0/default.jpg",,1,1
3364,3364,"https://iiif.micr.io/ihtOB/full/^300,/0/default.jpg",,1,1
3365,3365,"https://iiif.micr.io/Vcwgh/full/^300,/0/default.jpg",,1,1
3366,3366,"https://iiif.micr.io/uVwmt/full/^300,/0/default.jpg",,1,1
3367,3367,"https://iiif.micr.io/LioTp/full/^300,/0/default.jpg",,1,1
3368,3368,"https://iiif.micr.io/otSBi/full/^300,/0/default.jpg",,1,1
3369,3369,"https://iiif.micr.io/Gpuwo/full/^300,/0/default.jpg",,1,1
3370,3370,"https://iiif.micr.io/pgPfO/full/^300,/0/default.jpg",,1,1
3371,3371,"https://iiif.micr.io/vbBFu/full/^300,/0/default.jpg",,1,1
3372,3372,"https://iiif.micr.io/oBXQq/full/^300,/0/default.jpg",,1,1
3373,3373,"https://iiif.micr.io/wyWnY/full/^300,/0/default.jpg",,1,1
3374,3374,"https://iiif.micr.io/hLCZq/full/^300,/0/default.jpg",,1,1
3375,3375,"https://iiif.micr.io/pOQeM/full/^300,/0/default.jpg",,1,1
3376,3376,"https://iiif.micr.io/zxEOR/full/^300,/0/default.jpg",,1,1
3377,3377,"https://iiif.micr.io/Smcqn/full/^300,/0/default.jpg",,1,1
3378,3378,"https://iiif.micr.io/BBcuH/full/^300,/0/default.jpg",,1,1
3379,3379,"https://iiif.micr.io/swStO/full/^300,/0/default.jpg",,1,1
3380,3380,"https://iiif.micr.io/GqZAy/full/^300,/0/default.jpg",,1,1
3381,3381,"https://iiif.micr.io/RzgBM/full/^300,/0/default.jpg",,1,1
3382,3382,"https://iiif.micr.io/BXnZa/full/^300,/0/default.jpg",,1,1
3383,3383,"https://iiif.micr.io/QMcJc/full/^300,/0/default.jpg",,1,1
3384,3384,"https://iiif.micr.io/sdAiA/full/^300,/0/default.jpg",,1,1
3385,3385,"https://iiif.micr.io/jwPoE/full/^300,/0/default.jpg",,1,1
3386,3386,"https://iiif.micr.io/FGuSb/full/^300,/0/default.jpg",,1,1
3387,3387,"https://iiif.micr.io/Ckayz/full/^300,/0/default.jpg",,1,1
3388,3388,"https://iiif.micr.io/tNXWk/full/^300,/0/default.jpg",,1,1
3389,3389,"https://iiif.micr.io/eTQvf/full/^300,/0/default.jpg",,1,1
3390,3390,"https://iiif.micr.io/pftan/full/^300,/0/default.jpg",,1,1
3391,3391,"https://iiif.micr.io/BSkmn/full/^300,/0/default.jpg",,1,1
3392,3392,"https://iiif.micr.io/hTXen/full/^300,/0/default.jpg",,1,1
3393,3393,"https://iiif.micr.io/wICfY/full/^300,/0/default.jpg",,1,1
3394,3394,"https://iiif.micr.io/Eaqoa/full/^300,/0/default.jpg",,1,1
3395,3395,"https://iiif.micr.io/ISssz/full/^300,/0/default.jpg",,1,1
3396,3396,"https://iiif.micr.io/KbPWv/full/^300,/0/default.jpg",,1,1
3397,3397,"https://iiif.micr.io/wgRSx/full/^300,/0/default.jpg",,1,1
3398,3398,"https://iiif.micr.io/PGayR/full/^300,/0/default.jpg",,1,1
3399,3399,"https://iiif.micr.io/FLZrI/full/^300,/0/default.jpg",,1,1
3400,3400,"https://iiif.micr.io/HuCRb/full/^300,/0/default.jpg",,1,1
3401,3401,"https://iiif.micr.io/MqHRd/full/^300,/0/default.jpg",,1,1
3402,3402,"https://iiif.micr.io/Crbqg/full/^300,/0/default.jpg",,1,1
3403,3403,"https://iiif.micr.io/oLbHe/full/^300,/0/default.jpg",,1,1
3404,3404,"https://iiif.micr.io/plGMY/full/^300,/0/default.jpg",,1,1
3405,3405,"https://iiif.micr.io/hTkKq/full/^300,/0/default.jpg",,1,1
3406,3406,"https://iiif.micr.io/iHJau/full/^300,/0/default.jpg",,1,1
3407,3407,"https://iiif.micr.io/ByIed/full/^300,/0/default.jpg",,1,1
3408,3408,"https://iiif.micr.io/cCXLb/full/^300,/0/default.jpg",,1,1
3409,3409,"https://iiif.micr.io/cCgbq/full/^300,/0/default.jpg",,1,1
3410,3410,"https://iiif.micr.io/ybKql/full/^300,/0/default.jpg",,1,1
3411,3411,"https://iiif.micr.io/mmuom/full/^300,/0/default.jpg",,1,1
3412,3412,"https://iiif.micr.io/nJKMY/full/^300,/0/default.jpg",,1,1
3413,3413,"https://iiif.micr.io/CgUYd/full/^300,/0/default.jpg",,1,1
3414,3414,"https://iiif.micr.io/BFhxs/full/^300,/0/default.jpg",,1,1
3415,3415,"https://iiif.micr.io/MTzqZ/full/^300,/0/default.jpg",,1,1
3416,3416,"https://iiif.micr.io/tqwPq/full/^300,/0/default.jpg",,1,1
3417,3417,"https://iiif.micr.io/BjoDS/full/^300,/0/default.jpg",,1,1
3418,3418,"https://iiif.micr.io/RDZEr/full/^300,/0/default.jpg",,1,1
3419,3419,"https://iiif.micr.io/XFFQK/full/^300,/0/default.jpg",,1,1
3420,3420,"https://iiif.micr.io/ObwTj/full/^300,/0/default.jpg",,1,1
3421,3421,"https://iiif.micr.io/vqCWk/full/^300,/0/default.jpg",,1,1
3422,3422,"https://iiif.micr.io/akMLS/full/^300,/0/default.jpg",,1,1
3423,3423,"https://iiif.micr.io/KWgCQ/full/^300,/0/default.jpg",,1,1
3424,3424,"https://iiif.micr.io/SCpgI/full/^300,/0/default.jpg",,1,1
3425,3425,"https://iiif.micr.io/DvCGZ/full/^300,/0/default.jpg",,1,1
3426,3426,"https://iiif.micr.io/lVWto/full/^300,/0/default.jpg",,1,1
3427,3427,"https://iiif.micr.io/mwZqA/full/^300,/0/default.jpg",,1,1
3428,3428,"https://iiif.micr.io/nBXXI/full/^300,/0/default.jpg",,1,1
3429,3429,"https://iiif.micr.io/zhWxJ/full/^300,/0/default.jpg",,1,1
3430,3430,"https://iiif.micr.io/Gexyl/full/^300,/0/default.jpg",,1,1
3431,3431,"https://iiif.micr.io/knJhn/full/^300,/0/default.jpg",,1,1
3432,3432,"https://iiif.micr.io/RbpKF/full/^300,/0/default.jpg",,1,1
3433,3433,"https://iiif.micr.io/osHov/full/^300,/0/default.jpg",,1,1
3434,3434,"https://iiif.micr.io/IIfnS/full/^300,/0/default.jpg",,1,1
3435,3435,"https://iiif.micr.io/cUWvk/full/^300,/0/default.jpg",,1,1
3436,3436,"https://iiif.micr.io/owpwp/full/^300,/0/default.jpg",,1,1
3437,3437,"https://iiif.micr.io/KPoLK/full/^300,/0/default.jpg",,1,1
3438,3438,"https://iiif.micr.io/hAnNT/full/^300,/0/default.jpg",,1,1
3439,3439,"https://iiif.micr.io/jAXGk/full/^300,/0/default.jpg",,1,1
3440,3440,"https://iiif.micr.io/sZoTu/full/^300,/0/default.jpg",,1,1
3441,3441,"https://iiif.micr.io/WKqTi/full/^300,/0/default.jpg",,1,1
3442,3442,"https://iiif.micr.io/vIJuC/full/^300,/0/default.jpg",,1,1
3443,3443,"https://iiif.micr.io/TPmGj/full/^300,/0/default.jpg",,1,1
3444,3444,"https://iiif.micr.io/qjlDC/full/^300,/0/default.jpg",,1,1
3445,3445,"https://iiif.micr.io/KneBK/full/^300,/0/default.jpg",,1,1
3446,3446,"https://iiif.micr.io/TUtNC/full/^300,/0/default.jpg",,1,1
3447,3447,"https://iiif.micr.io/OvnwB/full/^300,/0/default.jpg",,1,1
3448,3448,"https://iiif.micr.io/LlWmM/full/^300,/0/default.jpg",,1,1
3449,3449,"https://iiif.micr.io/SkQHk/full/^300,/0/default.jpg",,1,1
3450,3450,"https://iiif.micr.io/KlEPa/full/^300,/0/default.jpg",,1,1
3451,3451,"https://iiif.micr.io/klAxt/full/^300,/0/default.jpg",,1,1
3452,3452,"https://iiif.micr.io/Blfxm/full/^300,/0/default.jpg",,1,1
3453,3453,"https://iiif.micr.io/bsYNQ/full/^300,/0/default.jpg",,1,1
3454,3454,"https://iiif.micr.io/uoNka/full/^300,/0/default.jpg",,1,1
3455,3455,"https://iiif.micr.io/LjFxb/full/^300,/0/default.jpg",,1,1
3456,3456,"https://iiif.micr.io/vxUVc/full/^300,/0/default.jpg",,1,1
3457,3457,"https://iiif.micr.io/pyBwp/full/^300,/0/default.jpg",,1,1
3458,3458,"https://iiif.micr.io/sugYB/full/^300,/0/default.jpg",,1,1
3459,3459,"https://iiif.micr.io/aoeMs/full/^300,/0/default.jpg",,1,1
3460,3460,"https://iiif.micr.io/tBTvf/full/^300,/0/default.jpg",,1,1
3461,3461,"https://iiif.micr.io/dgFSL/full/^300,/0/default.jpg",,1,1
3462,3462,"https://iiif.micr.io/LMIFH/full/^300,/0/default.jpg",,1,1
3463,3463,"https://iiif.micr.io/HWAFs/full/^300,/0/default.jpg",,1,1
3464,3464,"https://iiif.micr.io/SvcmW/full/^300,/0/default.jpg",,1,1
3465,3465,"https://iiif.micr.io/bDBNG/full/^300,/0/default.jpg",,1,1
3466,3466,"https://iiif.micr.io/eYJAo/full/^300,/0/default.jpg",,1,1
3467,3467,"https://iiif.micr.io/pERZS/full/^300,/0/default.jpg",,1,1
3468,3468,"https://iiif.micr.io/Crdix/full/^300,/0/default.jpg",,1,1
3469,3469,"https://iiif.micr.io/zqVHR/full/^300,/0/default.jpg",,1,1
3470,3470,"https://iiif.micr.io/zzyHf/full/^300,/0/default.jpg",,1,1
3471,3471,"https://iiif.micr.io/DAbDo/full/^300,/0/default.jpg",,1,1
3472,3472,"https://iiif.micr.io/wmnbH/full/^300,/0/default.jpg",,1,1
3473,3473,"https://iiif.micr.io/heYDY/full/^300,/0/default.jpg",,1,1
3474,3474,"https://iiif.micr.io/vHNOT/full/^300,/0/default.jpg",,1,1
3475,3475,"https://iiif.micr.io/tjQIJ/full/^300,/0/default.jpg",,1,1
3476,3476,"https://iiif.micr.io/RxhFg/full/^300,/0/default.jpg",,1,1
3477,3477,"https://iiif.micr.io/gqion/full/^300,/0/default.jpg",,1,1
3478,3478,"https://iiif.micr.io/UGROb/full/^300,/0/default.jpg",,1,1
3479,3479,"https://iiif.micr.io/owhcv/full/^300,/0/default.jpg",,1,1
3480,3480,"https://iiif.micr.io/wcmDG/full/^300,/0/default.jpg",,1,1
3481,3481,"https://iiif.micr.io/HiZON/full/^300,/0/default.jpg",,1,1
3482,3482,"https://iiif.micr.io/qHPoR/full/^300,/0/default.jpg",,1,1
3483,3483,"https://iiif.micr.io/atDFC/full/^300,/0/default.jpg",,1,1
3484,3484,"https://iiif.micr.io/juvGN/full/^300,/0/default.jpg",,1,1
3485,3485,"https://iiif.micr.io/jwidc/full/^300,/0/default.jpg",,1,1
3486,3486,"https://iiif.micr.io/LUJGh/full/^300,/0/default.jpg",,1,1
3487,3487,"https://iiif.micr.io/ICXSr/full/^300,/0/default.jpg",,1,1
3488,3488,"https://iiif.micr.io/LtklU/full/^300,/0/default.jpg",,1,1
3489,3489,"https://iiif.micr.io/cvBdv/full/^300,/0/default.jpg",,1,1
3490,3490,"https://iiif.micr.io/brAuH/full/^300,/0/default.jpg",,1,1
3491,3491,"https://iiif.micr.io/NrxHV/full/^300,/0/default.jpg",,1,1
3492,3492,"https://iiif.micr.io/ezexL/full/^300,/0/default.jpg",,1,1
3493,3493,"https://iiif.micr.io/osqxV/full/^300,/0/default.jpg",,1,1
3494,3494,"https://iiif.micr.io/ZMAsd/full/^300,/0/default.jpg",,1,1
3495,3495,"https://iiif.micr.io/yEWVw/full/^300,/0/default.jpg",,1,1
3496,3496,"https://iiif.micr.io/bUzGK/full/^300,/0/default.jpg",,1,1
3497,3497,"https://iiif.micr.io/rolMG/full/^300,/0/default.jpg",,1,1
3498,3498,"https://iiif.micr.io/jijVf/full/^300,/0/default.jpg",,1,1
3499,3499,"https://iiif.micr.io/cSQmj/full/^300,/0/default.jpg",,1,1
3500,3500,"https://iiif.micr.io/OaMxR/full/^300,/0/default.jpg",,1,1
3501,3501,"https://iiif.micr.io/zBeQJ/full/^300,/0/default.jpg",,1,1
3502,3502,"https://iiif.micr.io/AOhyQ/full/^300,/0/default.jpg",,1,1
3503,3503,"https://iiif.micr.io/DvgwN/full/^300,/0/default.jpg",,1,1
3504,3504,"https://iiif.micr.io/CRajO/full/^300,/0/default.jpg",,1,1
3505,3505,"https://iiif.micr.io/dTfSK/full/^300,/0/default.jpg",,1,1
3506,3506,"https://iiif.micr.io/FdWRW/full/^300,/0/default.jpg",,1,1
3507,3507,"https://iiif.micr.io/bpQiP/full/^300,/0/default.jpg",,1,1
3508,3508,"https://iiif.micr.io/Lnhuq/full/^300,/0/default.jpg",,1,1
3509,3509,"https://iiif.micr.io/kjHtm/full/^300,/0/default.jpg",,1,1
3510,3510,"https://iiif.micr.io/twxvm/full/^300,/0/default.jpg",,1,1
3511,3511,"https://iiif.micr.io/LHxuz/full/^300,/0/default.jpg",,1,1
3512,3512,"https://iiif.micr.io/clLfC/full/^300,/0/default.jpg",,1,1
3513,3513,"https://iiif.micr.io/oRDSk/full/^300,/0/default.jpg",,1,1
3514,3514,"https://iiif.micr.io/hWyGt/full/^300,/0/default.jpg",,1,1
3515,3515,"https://iiif.micr.io/oXkzT/full/^300,/0/default.jpg",,1,1
3516,3516,"https://iiif.micr.io/GqxIO/full/^300,/0/default.jpg",,1,1
3517,3517,"https://iiif.micr.io/HAaIU/full/^300,/0/default.jpg",,1,1
3518,3518,"https://iiif.micr.io/XbTOC/full/^300,/0/default.jpg",,1,1
3519,3519,"https://iiif.micr.io/WoBLN/full/^300,/0/default.jpg",,1,1
3520,3520,"https://iiif.micr.io/vFOwu/full/^300,/0/default.jpg",,1,1
3521,3521,"https://iiif.micr.io/OOuKL/full/^300,/0/default.jpg",,1,1
3522,3522,"https://iiif.micr.io/BuEgb/full/^300,/0/default.jpg",,1,1
3523,3523,"https://iiif.micr.io/KHvqT/full/^300,/0/default.jpg",,1,1
3524,3524,"https://iiif.micr.io/FlMZO/full/^300,/0/default.jpg",,1,1
3525,3525,"https://iiif.micr.io/zzQYc/full/^300,/0/default.jpg",,1,1
3526,3526,"https://iiif.micr.io/wmKmq/full/^300,/0/default.jpg",,1,1
3527,3527,"https://iiif.micr.io/ZngvZ/full/^300,/0/default.jpg",,1,1
3528,3528,"https://iiif.micr.io/MVADq/full/^300,/0/default.jpg",,1,1
3529,3529,"https://iiif.micr.io/QklyF/full/^300,/0/default.jpg",,1,1
3530,3530,"https://iiif.micr.io/Brncn/full/^300,/0/default.jpg",,1,1
3531,3531,"https://iiif.micr.io/RSBhQ/full/^300,/0/default.jpg",,1,1
3532,3532,"https://iiif.micr.io/Vavgr/full/^300,/0/default.jpg",,1,1
3533,3533,"https://iiif.micr.io/rtjCT/full/^300,/0/default.jpg",,1,1
3534,3534,"https://iiif.micr.io/RvzXb/full/^300,/0/default.jpg",,1,1
3535,3535,"https://iiif.micr.io/orYqj/full/^300,/0/default.jpg",,1,1
3536,3536,"https://iiif.micr.io/kaOGJ/full/^300,/0/default.jpg",,1,1
3537,3537,"https://iiif.micr.io/daFEd/full/^300,/0/default.jpg",,1,1
3538,3538,"https://iiif.micr.io/mbIHy/full/^300,/0/default.jpg",,1,1
3539,3539,"https://iiif.micr.io/EhPzG/full/^300,/0/default.jpg",,1,1
3540,3540,"https://iiif.micr.io/eyXWU/full/^300,/0/default.jpg",,1,1
3541,3541,"https://iiif.micr.io/kzXoM/full/^300,/0/default.jpg",,1,1
3542,3542,"https://iiif.micr.io/CUgOV/full/^300,/0/default.jpg",,1,1
3543,3543,"https://iiif.micr.io/Maefw/full/^300,/0/default.jpg",,1,1
3544,3544,"https://iiif.micr.io/jkAeR/full/^300,/0/default.jpg",,1,1
3545,3545,"https://iiif.micr.io/kxbeJ/full/^300,/0/default.jpg",,1,1
3546,3546,"https://iiif.micr.io/jSEMN/full/^300,/0/default.jpg",,1,1
3547,3547,"https://iiif.micr.io/Pwhpl/full/^300,/0/default.jpg",,1,1
3548,3548,"https://iiif.micr.io/oLLTz/full/^300,/0/default.jpg",,1,1
3549,3549,"https://iiif.micr.io/EJOXb/full/^300,/0/default.jpg",,1,1
3550,3550,"https://iiif.micr.io/ppLaj/full/^300,/0/default.jpg",,1,1
3551,3551,"https://iiif.micr.io/ooTtN/full/^300,/0/default.jpg",,1,1
3552,3552,"https://iiif.micr.io/TzlrQ/full/^300,/0/default.jpg",,1,1
3553,3553,"https://iiif.micr.io/mUnfb/full/^300,/0/default.jpg",,1,1
3554,3554,"https://iiif.micr.io/NNMuJ/full/^300,/0/default.jpg",,1,1
3555,3555,"https://iiif.micr.io/sjJjc/full/^300,/0/default.jpg",,1,1
3556,3556,"https://iiif.micr.io/jvuGI/full/^300,/0/default.jpg",,1,1
3557,3557,"https://iiif.micr.io/RNScP/full/^300,/0/default.jpg",,1,1
3558,3558,"https://iiif.micr.io/GDANl/full/^300,/0/default.jpg",,1,1
3559,3559,"https://iiif.micr.io/ATXUS/full/^300,/0/default.jpg",,1,1
3560,3560,"https://iiif.micr.io/XLLCs/full/^300,/0/default.jpg",,1,1
3561,3561,"https://iiif.micr.io/WYSAp/full/^300,/0/default.jpg",,1,1
3562,3562,"https://iiif.micr.io/ewLMY/full/^300,/0/default.jpg",,1,1
3563,3563,"https://iiif.micr.io/wSQPx/full/^300,/0/default.jpg",,1,1
3564,3564,"https://iiif.micr.io/drhJI/full/^300,/0/default.jpg",,1,1
3565,3565,"https://iiif.micr.io/pJgvY/full/^300,/0/default.jpg",,1,1
3566,3566,"https://iiif.micr.io/iEBJU/full/^300,/0/default.jpg",,1,1
3567,3567,"https://iiif.micr.io/NsCZC/full/^300,/0/default.jpg",,1,1
3568,3568,"https://iiif.micr.io/eENHX/full/^300,/0/default.jpg",,1,1
3569,3569,"https://iiif.micr.io/hfNlf/full/^300,/0/default.jpg",,1,1
3570,3570,"https://iiif.micr.io/uVcFR/full/^300,/0/default.jpg",,1,1
3571,3571,"https://iiif.micr.io/kSkLS/full/^300,/0/default.jpg",,1,1
3572,3572,"https://iiif.micr.io/NFJoX/full/^300,/0/default.jpg",,1,1
3573,3573,"https://iiif.micr.io/eGVYU/full/^300,/0/default.jpg",,1,1
3574,3574,"https://iiif.micr.io/Cyiot/full/^300,/0/default.jpg",,1,1
3575,3575,"https://iiif.micr.io/LgJWm/full/^300,/0/default.jpg",,1,1
3576,3576,"https://iiif.micr.io/xOtYR/full/^300,/0/default.jpg",,1,1
3577,3577,"https://iiif.micr.io/aiXHV/full/^300,/0/default.jpg",,1,1
3578,3578,"https://iiif.micr.io/kYTDu/full/^300,/0/default.jpg",,1,1
3579,3579,"https://iiif.micr.io/ZWJki/full/^300,/0/default.jpg",,1,1
3580,3580,"https://iiif.micr.io/WgfxC/full/^300,/0/default.jpg",,1,1
3581,3581,"https://iiif.micr.io/jrZht/full/^300,/0/default.jpg",,1,1
3582,3582,"https://iiif.micr.io/RaIwG/full/^300,/0/default.jpg",,1,1
3583,3583,"https://iiif.micr.io/EbpKj/full/^300,/0/default.jpg",,1,1
3584,3584,"https://iiif.micr.io/QcJTz/full/^300,/0/default.jpg",,1,1
3585,3585,"https://iiif.micr.io/GcRIX/full/^300,/0/default.jpg",,1,1
3586,3586,"https://iiif.micr.io/Touxp/full/^300,/0/default.jpg",,1,1
3587,3587,"https://iiif.micr.io/hRtwL/full/^300,/0/default.jpg",,1,1
3588,3588,"https://iiif.micr.io/Jjfdv/full/^300,/0/default.jpg",,1,1
3589,3589,"https://iiif.micr.io/zvIDb/full/^300,/0/default.jpg",,1,1
3590,3590,"https://iiif.micr.io/IAOco/full/^300,/0/default.jpg",,1,1
3591,3591,"https://iiif.micr.io/BnAqN/full/^300,/0/default.jpg",,1,1
3592,3592,"https://iiif.micr.io/BEsbh/full/^300,/0/default.jpg",,1,1
3593,3593,"https://iiif.micr.io/FFzyj/full/^300,/0/default.jpg",,1,1
3594,3594,"https://iiif.micr.io/PNMOi/full/^300,/0/default.jpg",,1,1
3595,3595,"https://iiif.micr.io/RfbxE/full/^300,/0/default.jpg",,1,1
3596,3596,"https://iiif.micr.io/BzoaD/full/^300,/0/default.jpg",,1,1
3597,3597,"https://iiif.micr.io/GvjgI/full/^300,/0/default.jpg",,1,1
3598,3598,"https://iiif.micr.io/SopnC/full/^300,/0/default.jpg",,1,1
3599,3599,"https://iiif.micr.io/lCLYN/full/^300,/0/default.jpg",,1,1
3600,3600,"https://iiif.micr.io/PGUaw/full/^300,/0/default.jpg",,1,1
3601,3601,"https://iiif.micr.io/ILfWs/full/^300,/0/default.jpg",,1,1
3602,3602,"https://iiif.micr.io/JzPRB/full/^300,/0/default.jpg",,1,1
3603,3603,"https://iiif.micr.io/asfIN/full/^300,/0/default.jpg",,1,1
3604,3604,"https://iiif.micr.io/xZuAI/full/^300,/0/default.jpg",,1,1
3605,3605,"https://iiif.micr.io/PHvPc/full/^300,/0/default.jpg",,1,1
3606,3606,"https://iiif.micr.io/foHOj/full/^300,/0/default.jpg",,1,1
3607,3607,"https://iiif.micr.io/XyxYF/full/^300,/0/default.jpg",,1,1
3608,3608,"https://iiif.micr.io/zsOJC/full/^300,/0/default.jpg",,1,1
3609,3609,"https://iiif.micr.io/lJicO/full/^300,/0/default.jpg",,1,1
3610,3610,"https://iiif.micr.io/bNlkE/full/^300,/0/default.jpg",,1,1
3611,3611,"https://iiif.micr.io/YSzNp/full/^300,/0/default.jpg",,1,1
3612,3612,"https://iiif.micr.io/TmtFo/full/^300,/0/default.jpg",,1,1
3613,3613,"https://iiif.micr.io/wBIxt/full/^300,/0/default.jpg",,1,1
3614,3614,"https://iiif.micr.io/RzArU/full/^300,/0/default.jpg",,1,1
3615,3615,"https://iiif.micr.io/cJeZA/full/^300,/0/default.jpg",,1,1
3616,3616,"https://iiif.micr.io/xWiFd/full/^300,/0/default.jpg",,1,1
3617,3617,"https://iiif.micr.io/ZFszz/full/^300,/0/default.jpg",,1,1
3618,3618,"https://iiif.micr.io/AftPX/full/^300,/0/default.jpg",,1,1
3619,3619,"https://iiif.micr.io/ePQrE/full/^300,/0/default.jpg",,1,1
3620,3620,"https://iiif.micr.io/tiOot/full/^300,/0/default.jpg",,1,1
3621,3621,"https://iiif.micr.io/SeeZz/full/^300,/0/default.jpg",,1,1
3622,3622,"https://iiif.micr.io/AIOoK/full/^300,/0/default.jpg",,1,1
3623,3623,"https://iiif.micr.io/pQsSC/full/^300,/0/default.jpg",,1,1
3624,3624,"https://iiif.micr.io/NjLZE/full/^300,/0/default.jpg",,1,1
3625,3625,"https://iiif.micr.io/WInlw/full/^300,/0/default.jpg",,1,1
3626,3626,"https://iiif.micr.io/ouuMv/full/^300,/0/default.jpg",,1,1
3627,3627,"https://iiif.micr.io/RPyqC/full/^300,/0/default.jpg",,1,1
3628,3628,"https://iiif.micr.io/RxjGw/full/^300,/0/default.jpg",,1,1
3629,3629,"https://iiif.micr.io/wXtWc/full/^300,/0/default.jpg",,1,1
3630,3630,"https://iiif.micr.io/ngOaq/full/^300,/0/default.jpg",,1,1
3631,3631,"https://iiif.micr.io/hMOZG/full/^300,/0/default.jpg",,1,1
3632,3632,"https://iiif.micr.io/ZjCYP/full/^300,/0/default.jpg",,1,1
3633,3633,"https://iiif.micr.io/UvwMn/full/^300,/0/default.jpg",,1,1
3634,3634,"https://iiif.micr.io/jsnKn/full/^300,/0/default.jpg",,1,1
3635,3635,"https://iiif.micr.io/pibAn/full/^300,/0/default.jpg",,1,1
3636,3636,"https://iiif.micr.io/hdXww/full/^300,/0/default.jpg",,1,1
3637,3637,"https://iiif.micr.io/TocMS/full/^300,/0/default.jpg",,1,1
3638,3638,"https://iiif.micr.io/HgZBZ/full/^300,/0/default.jpg",,1,1
3639,3639,"https://iiif.micr.io/NNWqp/full/^300,/0/default.jpg",,1,1
3640,3640,"https://iiif.micr.io/QeWgZ/full/^300,/0/default.jpg",,1,1
3641,3641,"https://iiif.micr.io/QMGhN/full/^300,/0/default.jpg",,1,1
3642,3642,"https://iiif.micr.io/fScvT/full/^300,/0/default.jpg",,1,1
3643,3643,"https://iiif.micr.io/RtyKA/full/^300,/0/default.jpg",,1,1
3644,3644,"https://iiif.micr.io/wIdLu/full/^300,/0/default.jpg",,1,1
3645,3645,"https://iiif.micr.io/hYVrr/full/^300,/0/default.jpg",,1,1
3646,3646,"https://iiif.micr.io/TFkGi/full/^300,/0/default.jpg",,1,1
3647,3647,"https://iiif.micr.io/wvdDi/full/^300,/0/default.jpg",,1,1
3648,3648,"https://iiif.micr.io/CeZcc/full/^300,/0/default.jpg",,1,1
3649,3649,"https://iiif.micr.io/dyoQw/full/^300,/0/default.jpg",,1,1
3650,3650,"https://iiif.micr.io/adbVw/full/^300,/0/default.jpg",,1,1
3651,3651,"https://iiif.micr.io/dyXRB/full/^300,/0/default.jpg",,1,1
3652,3652,"https://iiif.micr.io/ZxcQc/full/^300,/0/default.jpg",,1,1
3653,3653,"https://iiif.micr.io/twOGY/full/^300,/0/default.jpg",,1,1
3654,3654,"https://iiif.micr.io/cRbJg/full/^300,/0/default.jpg",,1,1
3655,3655,"https://iiif.micr.io/YYVfs/full/^300,/0/default.jpg",,1,1
3656,3656,"https://iiif.micr.io/djEdF/full/^300,/0/default.jpg",,1,1
3657,3657,"https://iiif.micr.io/FajjN/full/^300,/0/default.jpg",,1,1
3658,3658,"https://iiif.micr.io/Cntnf/full/^300,/0/default.jpg",,1,1
3659,3659,"https://iiif.micr.io/cRTeY/full/^300,/0/default.jpg",,1,1
3660,3660,"https://iiif.micr.io/zHoWv/full/^300,/0/default.jpg",,1,1
3661,3661,"https://iiif.micr.io/BOOZm/full/^300,/0/default.jpg",,1,1
3662,3662,"https://iiif.micr.io/gOMak/full/^300,/0/default.jpg",,1,1
3663,3663,"https://iiif.micr.io/MGple/full/^300,/0/default.jpg",,1,1
3664,3664,"https://iiif.micr.io/sRDIv/full/^300,/0/default.jpg",,1,1
3665,3665,"https://iiif.micr.io/RArna/full/^300,/0/default.jpg",,1,1
3666,3666,"https://iiif.micr.io/sNHpw/full/^300,/0/default.jpg",,1,1
3667,3667,"https://iiif.micr.io/SRCAS/full/^300,/0/default.jpg",,1,1
3668,3668,"https://iiif.micr.io/IrLik/full/^300,/0/default.jpg",,1,1
3669,3669,"https://iiif.micr.io/BTfvo/full/^300,/0/default.jpg",,1,1
3670,3670,"https://iiif.micr.io/eANZv/full/^300,/0/default.jpg",,1,1
3671,3671,"https://iiif.micr.io/RSXDh/full/^300,/0/default.jpg",,1,1
3672,3672,"https://iiif.micr.io/HhtCr/full/^300,/0/default.jpg",,1,1
3673,3673,"https://iiif.micr.io/CHjyV/full/^300,/0/default.jpg",,1,1
3674,3674,"https://iiif.micr.io/UioMF/full/^300,/0/default.jpg",,1,1
3675,3675,"https://iiif.micr.io/uBuiY/full/^300,/0/default.jpg",,1,1
3676,3676,"https://iiif.micr.io/ZAEYc/full/^300,/0/default.jpg",,1,1
3677,3677,"https://iiif.micr.io/CAYhV/full/^300,/0/default.jpg",,1,1
3678,3678,"https://iiif.micr.io/otVpQ/full/^300,/0/default.jpg",,1,1
3679,3679,"https://iiif.micr.io/mLxsD/full/^300,/0/default.jpg",,1,1
3680,3680,"https://iiif.micr.io/WIdHm/full/^300,/0/default.jpg",,1,1
3681,3681,"https://iiif.micr.io/QtpNg/full/^300,/0/default.jpg",,1,1
3682,3682,"https://iiif.micr.io/kmNHT/full/^300,/0/default.jpg",,1,1
3683,3683,"https://iiif.micr.io/LgRIE/full/^300,/0/default.jpg",,1,1
3684,3684,"https://iiif.micr.io/yjcjP/full/^300,/0/default.jpg",,1,1
3685,3685,"https://iiif.micr.io/mJUcP/full/^300,/0/default.jpg",,1,1
3686,3686,"https://iiif.micr.io/kCqqG/full/^300,/0/default.jpg",,1,1
3687,3687,"https://iiif.micr.io/SuRtV/full/^300,/0/default.jpg",,1,1
3688,3688,"https://iiif.micr.io/lCpYD/full/^300,/0/default.jpg",,1,1
3689,3689,"https://iiif.micr.io/dEkkj/full/^300,/0/default.jpg",,1,1
3690,3690,"https://iiif.micr.io/ldabk/full/^300,/0/default.jpg",,1,1
3691,3691,"https://iiif.micr.io/UqNhT/full/^300,/0/default.jpg",,1,1
3692,3692,"https://iiif.micr.io/tckTG/full/^300,/0/default.jpg",,1,1
3693,3693,"https://iiif.micr.io/zUmyg/full/^300,/0/default.jpg",,1,1
3694,3694,"https://iiif.micr.io/ymaSC/full/^300,/0/default.jpg",,1,1
3695,3695,"https://iiif.micr.io/EZDMX/full/^300,/0/default.jpg",,1,1
3696,3696,"https://iiif.micr.io/OEPCF/full/^300,/0/default.jpg",,1,1
3697,3697,"https://iiif.micr.io/pGZCZ/full/^300,/0/default.jpg",,1,1
3698,3698,"https://iiif.micr.io/MHvvy/full/^300,/0/default.jpg",,1,1
3699,3699,"https://iiif.micr.io/PeBuh/full/^300,/0/default.jpg",,1,1
3700,3700,"https://iiif.micr.io/mlMKB/full/^300,/0/default.jpg",,1,1
3701,3701,"https://iiif.micr.io/sskqT/full/^300,/0/default.jpg",,1,1
3702,3702,"https://iiif.micr.io/ZgKkf/full/^300,/0/default.jpg",,1,1
3703,3703,"https://iiif.micr.io/KuQKp/full/^300,/0/default.jpg",,1,1
3704,3704,"https://iiif.micr.io/JpHlc/full/^300,/0/default.jpg",,1,1
3705,3705,"https://iiif.micr.io/qMHhP/full/^300,/0/default.jpg",,1,1
3706,3706,"https://iiif.micr.io/oEGdf/full/^300,/0/default.jpg",,1,1
3707,3707,"https://iiif.micr.io/Ooecr/full/^300,/0/default.jpg",,1,1
3708,3708,"https://iiif.micr.io/LdviG/full/^300,/0/default.jpg",,1,1
3709,3709,"https://iiif.micr.io/tcCSr/full/^300,/0/default.jpg",,1,1
3710,3710,"https://iiif.micr.io/fkqjx/full/^300,/0/default.jpg",,1,1
3711,3711,"https://iiif.micr.io/UZsYU/full/^300,/0/default.jpg",,1,1
3712,3712,"https://iiif.micr.io/hSuJY/full/^300,/0/default.jpg",,1,1
3713,3713,"https://iiif.micr.io/UQJZy/full/^300,/0/default.jpg",,1,1
3714,3714,"https://iiif.micr.io/Tivlk/full/^300,/0/default.jpg",,1,1
3715,3715,"https://iiif.micr.io/UrhJL/full/^300,/0/default.jpg",,1,1
3716,3716,"https://iiif.micr.io/SVSps/full/^300,/0/default.jpg",,1,1
3717,3717,"https://iiif.micr.io/ZYTKp/full/^300,/0/default.jpg",,1,1
3718,3718,"https://iiif.micr.io/PMuZf/full/^300,/0/default.jpg",,1,1
3719,3719,"https://iiif.micr.io/BLegY/full/^300,/0/default.jpg",,1,1
3720,3720,"https://iiif.micr.io/ukuOw/full/^300,/0/default.jpg",,1,1
3721,3721,"https://iiif.micr.io/cIsZd/full/^300,/0/default.jpg",,1,1
3722,3722,"https://iiif.micr.io/IuIjG/full/^300,/0/default.jpg",,1,1
3723,3723,"https://iiif.micr.io/ZVnTE/full/^300,/0/default.jpg",,1,1
3724,3724,"https://iiif.micr.io/LnUuh/full/^300,/0/default.jpg",,1,1
3725,3725,"https://iiif.micr.io/qcCza/full/^300,/0/default.jpg",,1,1
3726,3726,"https://iiif.micr.io/bYRMT/full/^300,/0/default.jpg",,1,1
3727,3727,"https://iiif.micr.io/sKUCO/full/^300,/0/default.jpg",,1,1
3728,3728,"https://iiif.micr.io/ZbDMv/full/^300,/0/default.jpg",,1,1
3729,3729,"https://iiif.micr.io/BBUtz/full/^300,/0/default.jpg",,1,1
3730,3730,"https://iiif.micr.io/tCYHN/full/^300,/0/default.jpg",,1,1
3731,3731,"https://iiif.micr.io/YyLvr/full/^300,/0/default.jpg",,1,1
3732,3732,"https://iiif.micr.io/ZOkFV/full/^300,/0/default.jpg",,1,1
3733,3733,"https://iiif.micr.io/oafVE/full/^300,/0/default.jpg",,1,1
3734,3734,"https://iiif.micr.io/HcjlR/full/^300,/0/default.jpg",,1,1
3735,3735,"https://iiif.micr.io/aJVqV/full/^300,/0/default.jpg",,1,1
3736,3736,"https://iiif.micr.io/clDrH/full/^300,/0/default.jpg",,1,1
3737,3737,"https://iiif.micr.io/azWSB/full/^300,/0/default.jpg",,1,1
3738,3738,"https://iiif.micr.io/AIiGk/full/^300,/0/default.jpg",,1,1
3739,3739,"https://iiif.micr.io/owQwg/full/^300,/0/default.jpg",,1,1
3740,3740,"https://iiif.micr.io/ZGZZg/full/^300,/0/default.jpg",,1,1
3741,3741,"https://iiif.micr.io/OlWSS/full/^300,/0/default.jpg",,1,1
3742,3742,"https://iiif.micr.io/GKNxj/full/^300,/0/default.jpg",,1,1
3743,3743,"https://iiif.micr.io/DGbqk/full/^300,/0/default.jpg",,1,1
3744,3744,"https://iiif.micr.io/uwlvA/full/^300,/0/default.jpg",,1,1
3745,3745,"https://iiif.micr.io/RCKAl/full/^300,/0/default.jpg",,1,1
3746,3746,"https://iiif.micr.io/UecwV/full/^300,/0/default.jpg",,1,1
3747,3747,"https://iiif.micr.io/xPpME/full/^300,/0/default.jpg",,1,1
3748,3748,"https://iiif.micr.io/xJbhC/full/^300,/0/default.jpg",,1,1
3749,3749,"https://iiif.micr.io/zkIIK/full/^300,/0/default.jpg",,1,1
3750,3750,"https://iiif.micr.io/NfJrq/full/^300,/0/default.jpg",,1,1
3751,3751,"https://iiif.micr.io/ozmgw/full/^300,/0/default.jpg",,1,1
3752,3752,"https://iiif.micr.io/ufsRB/full/^300,/0/default.jpg",,1,1
3753,3753,"https://iiif.micr.io/nHQmb/full/^300,/0/default.jpg",,1,1
3754,3754,"https://iiif.micr.io/IUGGK/full/^300,/0/default.jpg",,1,1
3755,3755,"https://iiif.micr.io/WRGqw/full/^300,/0/default.jpg",,1,1
3756,3756,"https://iiif.micr.io/AMDyQ/full/^300,/0/default.jpg",,1,1
3757,3757,"https://iiif.micr.io/GLOjt/full/^300,/0/default.jpg",,1,1
3758,3758,"https://iiif.micr.io/oDUkK/full/^300,/0/default.jpg",,1,1
3759,3759,"https://iiif.micr.io/PWkXo/full/^300,/0/default.jpg",,1,1
3760,3760,"https://iiif.micr.io/wANks/full/^300,/0/default.jpg",,1,1
3761,3761,"https://iiif.micr.io/MJqZC/full/^300,/0/default.jpg",,1,1
3762,3762,"https://iiif.micr.io/xVsqx/full/^300,/0/default.jpg",,1,1
3763,3763,"https://iiif.micr.io/nuaEu/full/^300,/0/default.jpg",,1,1
3764,3764,"https://iiif.micr.io/ByHIq/full/^300,/0/default.jpg",,1,1
3765,3765,"https://iiif.micr.io/GcQuI/full/^300,/0/default.jpg",,1,1
3766,3766,"https://iiif.micr.io/pXvaV/full/^300,/0/default.jpg",,1,1
3767,3767,"https://iiif.micr.io/cIYxw/full/^300,/0/default.jpg",,1,1
3768,3768,"https://iiif.micr.io/tUnRY/full/^300,/0/default.jpg",,1,1
3769,3769,"https://iiif.micr.io/DZMym/full/^300,/0/default.jpg",,1,1
3770,3770,"https://iiif.micr.io/yagSj/full/^300,/0/default.jpg",,1,1
3771,3771,"https://iiif.micr.io/ymEiK/full/^300,/0/default.jpg",,1,1
3772,3772,"https://iiif.micr.io/bRCbc/full/^300,/0/default.jpg",,1,1
3773,3773,"https://iiif.micr.io/zYINM/full/^300,/0/default.jpg",,1,1
3774,3774,"https://iiif.micr.io/HdZdW/full/^300,/0/default.jpg",,1,1
3775,3775,"https://iiif.micr.io/RmquP/full/^300,/0/default.jpg",,1,1
3776,3776,"https://iiif.micr.io/svenM/full/^300,/0/default.jpg",,1,1
3777,3777,"https://iiif.micr.io/kSyMk/full/^300,/0/default.jpg",,1,1
3778,3778,"https://iiif.micr.io/tjPJW/full/^300,/0/default.jpg",,1,1
3779,3779,"https://iiif.micr.io/TEBky/full/^300,/0/default.jpg",,1,1
3780,3780,"https://iiif.micr.io/RgJOE/full/^300,/0/default.jpg",,1,1
3781,3781,"https://iiif.micr.io/QYCBj/full/^300,/0/default.jpg",,1,1
3782,3782,"https://iiif.micr.io/OeaJo/full/^300,/0/default.jpg",,1,1
3783,3783,"https://iiif.micr.io/vERAS/full/^300,/0/default.jpg",,1,1
3784,3784,"https://iiif.micr.io/SBgjq/full/^300,/0/default.jpg",,1,1
3785,3785,"https://iiif.micr.io/hNQZq/full/^300,/0/default.jpg",,1,1
3786,3786,"https://iiif.micr.io/epSkU/full/^300,/0/default.jpg",,1,1
3787,3787,"https://iiif.micr.io/pfWYl/full/^300,/0/default.jpg",,1,1
3788,3788,"https://iiif.micr.io/nWEsz/full/^300,/0/default.jpg",,1,1
3789,3789,"https://iiif.micr.io/DkMLg/full/^300,/0/default.jpg",,1,1
3790,3790,"https://iiif.micr.io/kctmZ/full/^300,/0/default.jpg",,1,1
3791,3791,"https://iiif.micr.io/aggpp/full/^300,/0/default.jpg",,1,1
3792,3792,"https://iiif.micr.io/ckLNE/full/^300,/0/default.jpg",,1,1
3793,3793,"https://iiif.micr.io/NmZcS/full/^300,/0/default.jpg",,1,1
3794,3794,"https://iiif.micr.io/gvbug/full/^300,/0/default.jpg",,1,1
3795,3795,"https://iiif.micr.io/MvKsL/full/^300,/0/default.jpg",,1,1
3796,3796,"https://iiif.micr.io/jzOxO/full/^300,/0/default.jpg",,1,1
3797,3797,"https://iiif.micr.io/jHone/full/^300,/0/default.jpg",,1,1
3798,3798,"https://iiif.micr.io/EkTET/full/^300,/0/default.jpg",,1,1
3799,3799,"https://iiif.micr.io/GhQMc/full/^300,/0/default.jpg",,1,1
3800,3800,"https://iiif.micr.io/LUBnU/full/^300,/0/default.jpg",,1,1
3801,3801,"https://iiif.micr.io/LZYIW/full/^300,/0/default.jpg",,1,1
3802,3802,"https://iiif.micr.io/flqLG/full/^300,/0/default.jpg",,1,1
3803,3803,"https://iiif.micr.io/Xhikf/full/^300,/0/default.jpg",,1,1
3804,3804,"https://iiif.micr.io/JAmDo/full/^300,/0/default.jpg",,1,1
3805,3805,"https://iiif.micr.io/ABCcl/full/^300,/0/default.jpg",,1,1
3806,3806,"https://iiif.micr.io/SpXvH/full/^300,/0/default.jpg",,1,1
3807,3807,"https://iiif.micr.io/JQhYj/full/^300,/0/default.jpg",,1,1
3808,3808,"https://iiif.micr.io/uDTHi/full/^300,/0/default.jpg",,1,1
3809,3809,"https://iiif.micr.io/wenSJ/full/^300,/0/default.jpg",,1,1
3810,3810,"https://iiif.micr.io/IVnBn/full/^300,/0/default.jpg",,1,1
3811,3811,"https://iiif.micr.io/mkmXv/full/^300,/0/default.jpg",,1,1
3812,3812,"https://iiif.micr.io/Swojg/full/^300,/0/default.jpg",,1,1
3813,3813,"https://iiif.micr.io/OWNkS/full/^300,/0/default.jpg",,1,1
3814,3814,"https://iiif.micr.io/MBPQi/full/^300,/0/default.jpg",,1,1
3815,3815,"https://iiif.micr.io/wRhQq/full/^300,/0/default.jpg",,1,1
3816,3816,"https://iiif.micr.io/xLsvX/full/^300,/0/default.jpg",,1,1
3817,3817,"https://iiif.micr.io/pCnZW/full/^300,/0/default.jpg",,1,1
3818,3818,"https://iiif.micr.io/npoLu/full/^300,/0/default.jpg",,1,1
3819,3819,"https://iiif.micr.io/fnQwO/full/^300,/0/default.jpg",,1,1
3820,3820,"https://iiif.micr.io/KNnbw/full/^300,/0/default.jpg",,1,1
3821,3821,"https://iiif.micr.io/KiEfk/full/^300,/0/default.jpg",,1,1
3822,3822,"https://iiif.micr.io/ZegRD/full/^300,/0/default.jpg",,1,1
3823,3823,"https://iiif.micr.io/MvQaQ/full/^300,/0/default.jpg",,1,1
3824,3824,"https://iiif.micr.io/TIdcD/full/^300,/0/default.jpg",,1,1
3825,3825,"https://iiif.micr.io/gchqN/full/^300,/0/default.jpg",,1,1
3826,3826,"https://iiif.micr.io/pbgSc/full/^300,/0/default.jpg",,1,1
3827,3827,"https://iiif.micr.io/ZdkNl/full/^300,/0/default.jpg",,1,1
3828,3828,"https://iiif.micr.io/sbxaq/full/^300,/0/default.jpg",,1,1
3829,3829,"https://iiif.micr.io/IMVQa/full/^300,/0/default.jpg",,1,1
3830,3830,"https://iiif.micr.io/qFbeJ/full/^300,/0/default.jpg",,1,1
3831,3831,"https://iiif.micr.io/KGZFu/full/^300,/0/default.jpg",,1,1
3832,3832,"https://iiif.micr.io/QmbIt/full/^300,/0/default.jpg",,1,1
3833,3833,"https://iiif.micr.io/wYVwf/full/^300,/0/default.jpg",,1,1
3834,3834,"https://iiif.micr.io/yfTxf/full/^300,/0/default.jpg",,1,1
3835,3835,"https://iiif.micr.io/hInCa/full/^300,/0/default.jpg",,1,1
3836,3836,"https://iiif.micr.io/vxsPK/full/^300,/0/default.jpg",,1,1
3837,3837,"https://iiif.micr.io/LCnKG/full/^300,/0/default.jpg",,1,1
3838,3838,"https://iiif.micr.io/AloCS/full/^300,/0/default.jpg",,1,1
3839,3839,"https://iiif.micr.io/mqsXQ/full/^300,/0/default.jpg",,1,1
3840,3840,"https://iiif.micr.io/RJcky/full/^300,/0/default.jpg",,1,1
3841,3841,"https://iiif.micr.io/rxPKw/full/^300,/0/default.jpg",,1,1
3842,3842,"https://iiif.micr.io/VwIER/full/^300,/0/default.jpg",,1,1
3843,3843,"https://iiif.micr.io/orNmJ/full/^300,/0/default.jpg",,1,1
3844,3844,"https://iiif.micr.io/fEDUu/full/^300,/0/default.jpg",,1,1
3845,3845,"https://iiif.micr.io/pMDeV/full/^300,/0/default.jpg",,1,1
3846,3846,"https://iiif.micr.io/gWeCR/full/^300,/0/default.jpg",,1,1
3847,3847,"https://iiif.micr.io/ShLbV/full/^300,/0/default.jpg",,1,1
3848,3848,"https://iiif.micr.io/zqKbo/full/^300,/0/default.jpg",,1,1
3849,3849,"https://iiif.micr.io/BSgVj/full/^300,/0/default.jpg",,1,1
3850,3850,"https://iiif.micr.io/gnUck/full/^300,/0/default.jpg",,1,1
3851,3851,"https://iiif.micr.io/xJLlM/full/^300,/0/default.jpg",,1,1
3852,3852,"https://iiif.micr.io/FNWtX/full/^300,/0/default.jpg",,1,1
3853,3853,"https://iiif.micr.io/wrbrO/full/^300,/0/default.jpg",,1,1
3854,3854,"https://iiif.micr.io/pyzmR/full/^300,/0/default.jpg",,1,1
3855,3855,"https://iiif.micr.io/Hizxm/full/^300,/0/default.jpg",,1,1
3856,3856,"https://iiif.micr.io/mhnKt/full/^300,/0/default.jpg",,1,1
3857,3857,"https://iiif.micr.io/FyYxy/full/^300,/0/default.jpg",,1,1
3858,3858,"https://iiif.micr.io/PLFeW/full/^300,/0/default.jpg",,1,1
3859,3859,"https://iiif.micr.io/TMmqi/full/^300,/0/default.jpg",,1,1
3860,3860,"https://iiif.micr.io/PifBf/full/^300,/0/default.jpg",,1,1
3861,3861,"https://iiif.micr.io/ZTscq/full/^300,/0/default.jpg",,1,1
3862,3862,"https://iiif.micr.io/cJjiO/full/^300,/0/default.jpg",,1,1
3863,3863,"https://iiif.micr.io/cKtAl/full/^300,/0/default.jpg",,1,1
3864,3864,"https://iiif.micr.io/uqLtY/full/^300,/0/default.jpg",,1,1
3865,3865,"https://iiif.micr.io/EGDjJ/full/^300,/0/default.jpg",,1,1
3866,3866,"https://iiif.micr.io/vkgMf/full/^300,/0/default.jpg",,1,1
3867,3867,"https://iiif.micr.io/QmByq/full/^300,/0/default.jpg",,1,1
3868,3868,"https://iiif.micr.io/IYPkp/full/^300,/0/default.jpg",,1,1
3869,3869,"https://iiif.micr.io/RTcla/full/^300,/0/default.jpg",,1,1
3870,3870,"https://iiif.micr.io/qpSTt/full/^300,/0/default.jpg",,1,1
3871,3871,"https://iiif.micr.io/CpLQn/full/^300,/0/default.jpg",,1,1
3872,3872,"https://iiif.micr.io/vjKbv/full/^300,/0/default.jpg",,1,1
3873,3873,"https://iiif.micr.io/tynVe/full/^300,/0/default.jpg",,1,1
3874,3874,"https://iiif.micr.io/ewevw/full/^300,/0/default.jpg",,1,1
3875,3875,"https://iiif.micr.io/BGZnx/full/^300,/0/default.jpg",,1,1
3876,3876,"https://iiif.micr.io/hInqr/full/^300,/0/default.jpg",,1,1
3877,3877,"https://iiif.micr.io/gcoEO/full/^300,/0/default.jpg",,1,1
3878,3878,"https://iiif.micr.io/bgSTF/full/^300,/0/default.jpg",,1,1
3879,3879,"https://iiif.micr.io/QXqGf/full/^300,/0/default.jpg",,1,1
3880,3880,"https://iiif.micr.io/drRSg/full/^300,/0/default.jpg",,1,1
3881,3881,"https://iiif.micr.io/pSmIc/full/^300,/0/default.jpg",,1,1
3882,3882,"https://iiif.micr.io/Oafql/full/^300,/0/default.jpg",,1,1
3883,3883,"https://iiif.micr.io/fOrZM/full/^300,/0/default.jpg",,1,1
3884,3884,"https://iiif.micr.io/kIPuY/full/^300,/0/default.jpg",,1,1
3885,3885,"https://iiif.micr.io/ZgQxw/full/^300,/0/default.jpg",,1,1
3886,3886,"https://iiif.micr.io/tjjyy/full/^300,/0/default.jpg",,1,1
3887,3887,"https://iiif.micr.io/rBOJa/full/^300,/0/default.jpg",,1,1
3888,3888,"https://iiif.micr.io/Yjyle/full/^300,/0/default.jpg",,1,1
3889,3889,"https://iiif.micr.io/vpEVI/full/^300,/0/default.jpg",,1,1
3890,3890,"https://iiif.micr.io/EyLuh/full/^300,/0/default.jpg",,1,1
3891,3891,"https://iiif.micr.io/IfFTL/full/^300,/0/default.jpg",,1,1
3892,3892,"https://iiif.micr.io/QETVa/full/^300,/0/default.jpg",,1,1
3893,3893,"https://iiif.micr.io/WXBqs/full/^300,/0/default.jpg",,1,1
3894,3894,"https://iiif.micr.io/JbDvk/full/^300,/0/default.jpg",,1,1
3895,3895,"https://iiif.micr.io/IIEOP/full/^300,/0/default.jpg",,1,1
3896,3896,"https://iiif.micr.io/ywpBf/full/^300,/0/default.jpg",,1,1
3897,3897,"https://iiif.micr.io/fQpwb/full/^300,/0/default.jpg",,1,1
3898,3898,"https://iiif.micr.io/WMWdG/full/^300,/0/default.jpg",,1,1
3899,3899,"https://iiif.micr.io/MIpxG/full/^300,/0/default.jpg",,1,1
3900,3900,"https://iiif.micr.io/vUiKv/full/^300,/0/default.jpg",,1,1
3901,3901,"https://iiif.micr.io/NLqmK/full/^300,/0/default.jpg",,1,1
3902,3902,"https://iiif.micr.io/xAQNn/full/^300,/0/default.jpg",,1,1
3903,3903,"https://iiif.micr.io/ToYpi/full/^300,/0/default.jpg",,1,1
3904,3904,"https://iiif.micr.io/ksnyQ/full/^300,/0/default.jpg",,1,1
3905,3905,"https://iiif.micr.io/ZKMbM/full/^300,/0/default.jpg",,1,1
3906,3906,"https://iiif.micr.io/UMKgh/full/^300,/0/default.jpg",,1,1
3907,3907,"https://iiif.micr.io/ubNik/full/^300,/0/default.jpg",,1,1
3908,3908,"https://iiif.micr.io/SZSHd/full/^300,/0/default.jpg",,1,1
3909,3909,"https://iiif.micr.io/rzXzW/full/^300,/0/default.jpg",,1,1
3910,3910,"https://iiif.micr.io/gJyjc/full/^300,/0/default.jpg",,1,1
3911,3911,"https://iiif.micr.io/CFTrT/full/^300,/0/default.jpg",,1,1
3912,3912,"https://iiif.micr.io/cJGVH/full/^300,/0/default.jpg",,1,1
3913,3913,"https://iiif.micr.io/xenFG/full/^300,/0/default.jpg",,1,1
3914,3914,"https://iiif.micr.io/rqYvh/full/^300,/0/default.jpg",,1,1
3915,3915,"https://iiif.micr.io/IYnPJ/full/^300,/0/default.jpg",,1,1
3916,3916,"https://iiif.micr.io/RVUzR/full/^300,/0/default.jpg",,1,1
3917,3917,"https://iiif.micr.io/wkiQh/full/^300,/0/default.jpg",,1,1
3918,3918,"https://iiif.micr.io/AjhHi/full/^300,/0/default.jpg",,1,1
3919,3919,"https://iiif.micr.io/siefv/full/^300,/0/default.jpg",,1,1
3920,3920,"https://iiif.micr.io/kYYaM/full/^300,/0/default.jpg",,1,1
3921,3921,"https://iiif.micr.io/jpRcz/full/^300,/0/default.jpg",,1,1
3922,3922,"https://iiif.micr.io/yOuCy/full/^300,/0/default.jpg",,1,1
3923,3923,"https://iiif.micr.io/giJeJ/full/^300,/0/default.jpg",,1,1
3924,3924,"https://iiif.micr.io/pelUf/full/^300,/0/default.jpg",,1,1
3925,3925,"https://iiif.micr.io/CneNs/full/^300,/0/default.jpg",,1,1
3926,3926,"https://iiif.micr.io/jzmpQ/full/^300,/0/default.jpg",,1,1
3927,3927,"https://iiif.micr.io/xEiaX/full/^300,/0/default.jpg",,1,1
3928,3928,"https://iiif.micr.io/vRlWt/full/^300,/0/default.jpg",,1,1
3929,3929,"https://iiif.micr.io/dBgHr/full/^300,/0/default.jpg",,1,1
3930,3930,"https://iiif.micr.io/BdJdB/full/^300,/0/default.jpg",,1,1
3931,3931,"https://iiif.micr.io/SdoAB/full/^300,/0/default.jpg",,1,1
3932,3932,"https://iiif.micr.io/KdCpH/full/^300,/0/default.jpg",,1,1
3933,3933,"https://iiif.micr.io/DYFCo/full/^300,/0/default.jpg",,1,1
3934,3934,"https://iiif.micr.io/QJQkO/full/^300,/0/default.jpg",,1,1
3935,3935,"https://iiif.micr.io/eLwpD/full/^300,/0/default.jpg",,1,1
3936,3936,"https://iiif.micr.io/lNMoD/full/^300,/0/default.jpg",,1,1
3937,3937,"https://iiif.micr.io/MqYPc/full/^300,/0/default.jpg",,1,1
3938,3938,"https://iiif.micr.io/oifsE/full/^300,/0/default.jpg",,1,1
3939,3939,"https://iiif.micr.io/apmhA/full/^300,/0/default.jpg",,1,1
3940,3940,"https://iiif.micr.io/ekvpN/full/^300,/0/default.jpg",,1,1
3941,3941,"https://iiif.micr.io/BaMCm/full/^300,/0/default.jpg",,1,1
3942,3942,"https://iiif.micr.io/gNBdB/full/^300,/0/default.jpg",,1,1
3943,3943,"https://iiif.micr.io/ztBwA/full/^300,/0/default.jpg",,1,1
3944,3944,"https://iiif.micr.io/LJcNa/full/^300,/0/default.jpg",,1,1
3945,3945,"https://iiif.micr.io/omAkk/full/^300,/0/default.jpg",,1,1
3946,3946,"https://iiif.micr.io/cAJih/full/^300,/0/default.jpg",,1,1
3947,3947,"https://iiif.micr.io/ZCYFs/full/^300,/0/default.jpg",,1,1
3948,3948,"https://iiif.micr.io/lsLVe/full/^300,/0/default.jpg",,1,1
3949,3949,"https://iiif.micr.io/tlrRH/full/^300,/0/default.jpg",,1,1
3950,3950,"https://iiif.micr.io/XKlaW/full/^300,/0/default.jpg",,1,1
3951,3951,"https://iiif.micr.io/uineL/full/^300,/0/default.jpg",,1,1
3952,3952,"https://iiif.micr.io/CJtiP/full/^300,/0/default.jpg",,1,1
3953,3953,"https://iiif.micr.io/ftflZ/full/^300,/0/default.jpg",,1,1
3954,3954,"https://iiif.micr.io/uyqbf/full/^300,/0/default.jpg",,1,1
3955,3955,"https://iiif.micr.io/qsbNM/full/^300,/0/default.jpg",,1,1
3956,3956,"https://iiif.micr.io/YKTSl/full/^300,/0/default.jpg",,1,1
3957,3957,"https://iiif.micr.io/WNVLX/full/^300,/0/default.jpg",,1,1
3958,3958,"https://iiif.micr.io/kTASy/full/^300,/0/default.jpg",,1,1
3959,3959,"https://iiif.micr.io/juCqu/full/^300,/0/default.jpg",,1,1
3960,3960,"https://iiif.micr.io/uAcsi/full/^300,/0/default.jpg",,1,1
3961,3961,"https://iiif.micr.io/jFZhL/full/^300,/0/default.jpg",,1,1
3962,3962,"https://iiif.micr.io/eCVkH/full/^300,/0/default.jpg",,1,1
3963,3963,"https://iiif.micr.io/YGfxc/full/^300,/0/default.jpg",,1,1
3964,3964,"https://iiif.micr.io/DacXD/full/^300,/0/default.jpg",,1,1
3965,3965,"https://iiif.micr.io/pvrCi/full/^300,/0/default.jpg",,1,1
3966,3966,"https://iiif.micr.io/QWKuc/full/^300,/0/default.jpg",,1,1
3967,3967,"https://iiif.micr.io/YPjob/full/^300,/0/default.jpg",,1,1
3968,3968,"https://iiif.micr.io/YkFXb/full/^300,/0/default.jpg",,1,1
3969,3969,"https://iiif.micr.io/vZyVf/full/^300,/0/default.jpg",,1,1
3970,3970,"https://iiif.micr.io/geJOZ/full/^300,/0/default.jpg",,1,1
3971,3971,"https://iiif.micr.io/UWgPz/full/^300,/0/default.jpg",,1,1
3972,3972,"https://iiif.micr.io/DcSjL/full/^300,/0/default.jpg",,1,1
3973,3973,"https://iiif.micr.io/SxfTl/full/^300,/0/default.jpg",,1,1
3974,3974,"https://iiif.micr.io/LrtMN/full/^300,/0/default.jpg",,1,1
3975,3975,"https://iiif.micr.io/jjmCA/full/^300,/0/default.jpg",,1,1
3976,3976,"https://iiif.micr.io/bZSNd/full/^300,/0/default.jpg",,1,1
3977,3977,"https://iiif.micr.io/vnNqW/full/^300,/0/default.jpg",,1,1
3978,3978,"https://iiif.micr.io/DkbIO/full/^300,/0/default.jpg",,1,1
3979,3979,"https://iiif.micr.io/TeWKm/full/^300,/0/default.jpg",,1,1
3980,3980,"https://iiif.micr.io/sbFUr/full/^300,/0/default.jpg",,1,1
3981,3981,"https://iiif.micr.io/GEQyf/full/^300,/0/default.jpg",,1,1
3982,3982,"https://iiif.micr.io/fdDCb/full/^300,/0/default.jpg",,1,1
3983,3983,"https://iiif.micr.io/YRHhc/full/^300,/0/default.jpg",,1,1
3984,3984,"https://iiif.micr.io/PpmDb/full/^300,/0/default.jpg",,1,1
3985,3985,"https://iiif.micr.io/DWQVv/full/^300,/0/default.jpg",,1,1
3986,3986,"https://iiif.micr.io/mUKHi/full/^300,/0/default.jpg",,1,1
3987,3987,"https://iiif.micr.io/HkhjE/full/^300,/0/default.jpg",,1,1
3988,3988,"https://iiif.micr.io/nIhVo/full/^300,/0/default.jpg",,1,1
3989,3989,"https://iiif.micr.io/XMzCG/full/^300,/0/default.jpg",,1,1
3990,3990,"https://iiif.micr.io/gXIQe/full/^300,/0/default.jpg",,1,1
3991,3991,"https://iiif.micr.io/DNUyM/full/^300,/0/default.jpg",,1,1
3992,3992,"https://iiif.micr.io/wfwWk/full/^300,/0/default.jpg",,1,1
3993,3993,"https://iiif.micr.io/osIlj/full/^300,/0/default.jpg",,1,1
3994,3994,"https://iiif.micr.io/EcqQe/full/^300,/0/default.jpg",,1,1
3995,3995,"https://iiif.micr.io/Xzskc/full/^300,/0/default.jpg",,1,1
3996,3996,"https://iiif.micr.io/sqaiY/full/^300,/0/default.jpg",,1,1
3997,3997,"https://iiif.micr.io/RVMzG/full/^300,/0/default.jpg",,1,1
3998,3998,"https://iiif.micr.io/wiYRV/full/^300,/0/default.jpg",,1,1
3999,3999,"https://iiif.micr.io/cFhJE/full/^300,/0/default.jpg",,1,1
4000,4000,"https://iiif.micr.io/RAguF/full/^300,/0/default.jpg",,1,1
4001,4001,"https://iiif.micr.io/mpYmn/full/^300,/0/default.jpg",,1,1
4002,4002,"https://iiif.micr.io/xwQtZ/full/^300,/0/default.jpg",,1,1
4003,4003,"https://iiif.micr.io/vgmGe/full/^300,/0/default.jpg",,1,1
4004,4004,"https://iiif.micr.io/XCtOI/full/^300,/0/default.jpg",,1,1
4005,4005,"https://iiif.micr.io/rigtd/full/^300,/0/default.jpg",,1,1
4006,4006,"https://iiif.micr.io/NauVW/full/^300,/0/default.jpg",,1,1
4007,4007,"https://iiif.micr.io/ebzgg/full/^300,/0/default.jpg",,1,1
4008,4008,"https://iiif.micr.io/OoLIz/full/^300,/0/default.jpg",,1,1
4009,4009,"https://iiif.micr.io/EoLdq/full/^300,/0/default.jpg",,1,1
4010,4010,"https://iiif.micr.io/RsIbI/full/^300,/0/default.jpg",,1,1
4011,4011,"https://iiif.micr.io/odHSs/full/^300,/0/default.jpg",,1,1
4012,4012,"https://iiif.micr.io/VkjVY/full/^300,/0/default.jpg",,1,1
4013,4013,"https://iiif.micr.io/axXAj/full/^300,/0/default.jpg",,1,1
4014,4014,"https://iiif.micr.io/qRKYh/full/^300,/0/default.jpg",,1,1
4015,4015,"https://iiif.micr.io/zfCJY/full/^300,/0/default.jpg",,1,1
4016,4016,"https://iiif.micr.io/nGlzL/full/^300,/0/default.jpg",,1,1
4017,4017,"https://iiif.micr.io/CBsXF/full/^300,/0/default.jpg",,1,1
4018,4018,"https://iiif.micr.io/BuaMn/full/^300,/0/default.jpg",,1,1
4019,4019,"https://iiif.micr.io/mcdgh/full/^300,/0/default.jpg",,1,1
4020,4020,"https://iiif.micr.io/TsOlS/full/^300,/0/default.jpg",,1,1
4021,4021,"https://iiif.micr.io/BsEGH/full/^300,/0/default.jpg",,1,1
4022,4022,"https://iiif.micr.io/Tkqrb/full/^300,/0/default.jpg",,1,1
4023,4023,"https://iiif.micr.io/jySAJ/full/^300,/0/default.jpg",,1,1
4024,4024,"https://iiif.micr.io/cWOzg/full/^300,/0/default.jpg",,1,1
4025,4025,"https://iiif.micr.io/miWxt/full/^300,/0/default.jpg",,1,1
4026,4026,"https://iiif.micr.io/isRRN/full/^300,/0/default.jpg",,1,1
4027,4027,"https://iiif.micr.io/zMfxQ/full/^300,/0/default.jpg",,1,1
4028,4028,"https://iiif.micr.io/uhicw/full/^300,/0/default.jpg",,1,1
4029,4029,"https://iiif.micr.io/vocgy/full/^300,/0/default.jpg",,1,1
4030,4030,"https://iiif.micr.io/uyBPS/full/^300,/0/default.jpg",,1,1
4031,4031,"https://iiif.micr.io/WEtvP/full/^300,/0/default.jpg",,1,1
4032,4032,"https://iiif.micr.io/EYRDw/full/^300,/0/default.jpg",,1,1
4033,4033,"https://iiif.micr.io/pcgyp/full/^300,/0/default.jpg",,1,1
4034,4034,"https://iiif.micr.io/oXQDP/full/^300,/0/default.jpg",,1,1
4035,4035,"https://iiif.micr.io/bsDWU/full/^300,/0/default.jpg",,1,1
4036,4036,"https://iiif.micr.io/FNtrQ/full/^300,/0/default.jpg",,1,1
4037,4037,"https://iiif.micr.io/LFIds/full/^300,/0/default.jpg",,1,1
4038,4038,"https://iiif.micr.io/WtoNZ/full/^300,/0/default.jpg",,1,1
4039,4039,"https://iiif.micr.io/SSZxC/full/^300,/0/default.jpg",,1,1
4040,4040,"https://iiif.micr.io/oXGfK/full/^300,/0/default.jpg",,1,1
4041,4041,"https://iiif.micr.io/ZDHEs/full/^300,/0/default.jpg",,1,1
4042,4042,"https://iiif.micr.io/NPQyH/full/^300,/0/default.jpg",,1,1
4043,4043,"https://iiif.micr.io/kEUKQ/full/^300,/0/default.jpg",,1,1
4044,4044,"https://iiif.micr.io/VGUdX/full/^300,/0/default.jpg",,1,1
4045,4045,"https://iiif.micr.io/kvEtV/full/^300,/0/default.jpg",,1,1
4046,4046,"https://iiif.micr.io/urXsh/full/^300,/0/default.jpg",,1,1
4047,4047,"https://iiif.micr.io/LJXsX/full/^300,/0/default.jpg",,1,1
4048,4048,"https://iiif.micr.io/bMARn/full/^300,/0/default.jpg",,1,1
4049,4049,"https://iiif.micr.io/LupQe/full/^300,/0/default.jpg",,1,1
4050,4050,"https://iiif.micr.io/LxGBy/full/^300,/0/default.jpg",,1,1
4051,4051,"https://iiif.micr.io/jGlyp/full/^300,/0/default.jpg",,1,1
4052,4052,"https://iiif.micr.io/TNQvy/full/^300,/0/default.jpg",,1,1
4053,4053,"https://iiif.micr.io/zNiKj/full/^300,/0/default.jpg",,1,1
4054,4054,"https://iiif.micr.io/CYXOC/full/^300,/0/default.jpg",,1,1
4055,4055,"https://iiif.micr.io/BIDwz/full/^300,/0/default.jpg",,1,1
4056,4056,"https://iiif.micr.io/YqjBB/full/^300,/0/default.jpg",,1,1
4057,4057,"https://iiif.micr.io/WSwCg/full/^300,/0/default.jpg",,1,1
4058,4058,"https://iiif.micr.io/SASaa/full/^300,/0/default.jpg",,1,1
4059,4059,"https://iiif.micr.io/EzeKW/full/^300,/0/default.jpg",,1,1
4060,4060,"https://iiif.micr.io/OCviG/full/^300,/0/default.jpg",,1,1
4061,4061,"https://iiif.micr.io/VAloF/full/^300,/0/default.jpg",,1,1
4062,4062,"https://iiif.micr.io/mNRZi/full/^300,/0/default.jpg",,1,1
4063,4063,"https://iiif.micr.io/tnBBs/full/^300,/0/default.jpg",,1,1
4064,4064,"https://iiif.micr.io/iIlNh/full/^300,/0/default.jpg",,1,1
4065,4065,"https://iiif.micr.io/vkXrX/full/^300,/0/default.jpg",,1,1
4066,4066,"https://iiif.micr.io/hHNnZ/full/^300,/0/default.jpg",,1,1
4067,4067,"https://iiif.micr.io/reEQk/full/^300,/0/default.jpg",,1,1
4068,4068,"https://iiif.micr.io/zSDfe/full/^300,/0/default.jpg",,1,1
4069,4069,"https://iiif.micr.io/IvtUZ/full/^300,/0/default.jpg",,1,1
4070,4070,"https://iiif.micr.io/SkDvm/full/^300,/0/default.jpg",,1,1
4071,4071,"https://iiif.micr.io/TkBdh/full/^300,/0/default.jpg",,1,1
4072,4072,"https://iiif.micr.io/hLqbm/full/^300,/0/default.jpg",,1,1
4073,4073,"https://iiif.micr.io/qLNUJ/full/^300,/0/default.jpg",,1,1
4074,4074,"https://iiif.micr.io/RHdLR/full/^300,/0/default.jpg",,1,1
4075,4075,"https://iiif.micr.io/qSvJi/full/^300,/0/default.jpg",,1,1
4076,4076,"https://iiif.micr.io/Sxlhk/full/^300,/0/default.jpg",,1,1
4077,4077,"https://iiif.micr.io/SZcRN/full/^300,/0/default.jpg",,1,1
4078,4078,"https://iiif.micr.io/aBFDU/full/^300,/0/default.jpg",,1,1
4079,4079,"https://iiif.micr.io/lMTUt/full/^300,/0/default.jpg",,1,1
4080,4080,"https://iiif.micr.io/GTUUB/full/^300,/0/default.jpg",,1,1
4081,4081,"https://iiif.micr.io/eXMCY/full/^300,/0/default.jpg",,1,1
4082,4082,"https://iiif.micr.io/OdUnA/full/^300,/0/default.jpg",,1,1
4083,4083,"https://iiif.micr.io/ilqjw/full/^300,/0/default.jpg",,1,1
4084,4084,"https://iiif.micr.io/NqlkR/full/^300,/0/default.jpg",,1,1
4085,4085,"https://iiif.micr.io/jBuFE/full/^300,/0/default.jpg",,1,1
4086,4086,"https://iiif.micr.io/WaAKo/full/^300,/0/default.jpg",,1,1
4087,4087,"https://iiif.micr.io/hYHXB/full/^300,/0/default.jpg",,1,1
4088,4088,"https://iiif.micr.io/RWOrt/full/^300,/0/default.jpg",,1,1
4089,4089,"https://iiif.micr.io/jrFzJ/full/^300,/0/default.jpg",,1,1
4090,4090,"https://iiif.micr.io/XqYOS/full/^300,/0/default.jpg",,1,1
4091,4091,"https://iiif.micr.io/LYuPc/full/^300,/0/default.jpg",,1,1
4092,4092,"https://iiif.micr.io/QaqIr/full/^300,/0/default.jpg",,1,1
4093,4093,"https://iiif.micr.io/IsUba/full/^300,/0/default.jpg",,1,1
4094,4094,"https://iiif.micr.io/hErVp/full/^300,/0/default.jpg",,1,1
4095,4095,"https://iiif.micr.io/LucRr/full/^300,/0/default.jpg",,1,1
4096,4096,"https://iiif.micr.io/lDWkm/full/^300,/0/default.jpg",,1,1
4097,4097,"https://iiif.micr.io/Aekak/full/^300,/0/default.jpg",,1,1
4098,4098,"https://iiif.micr.io/pbhJN/full/^300,/0/default.jpg",,1,1
4099,4099,"https://iiif.micr.io/fRzIZ/full/^300,/0/default.jpg",,1,1
4100,4100,"https://iiif.micr.io/BmJXh/full/^300,/0/default.jpg",,1,1
4101,4101,"https://iiif.micr.io/CwkUy/full/^300,/0/default.jpg",,1,1
4102,4102,"https://iiif.micr.io/DKKyU/full/^300,/0/default.jpg",,1,1
4103,4103,"https://iiif.micr.io/ZUMwG/full/^300,/0/default.jpg",,1,1
4104,4104,"https://iiif.micr.io/pXCWK/full/^300,/0/default.jpg",,1,1
4105,4105,"https://iiif.micr.io/yHASX/full/^300,/0/default.jpg",,1,1
4106,4106,"https://iiif.micr.io/RFvTy/full/^300,/0/default.jpg",,1,1
4107,4107,"https://iiif.micr.io/FcSXp/full/^300,/0/default.jpg",,1,1
4108,4108,"https://iiif.micr.io/vUkBw/full/^300,/0/default.jpg",,1,1
4109,4109,"https://iiif.micr.io/sMRFJ/full/^300,/0/default.jpg",,1,1
4110,4110,"https://iiif.micr.io/HsuZC/full/^300,/0/default.jpg",,1,1
4111,4111,"https://iiif.micr.io/lnzlp/full/^300,/0/default.jpg",,1,1
4112,4112,"https://iiif.micr.io/bAFWl/full/^300,/0/default.jpg",,1,1
4113,4113,"https://iiif.micr.io/EapIj/full/^300,/0/default.jpg",,1,1
4114,4114,"https://iiif.micr.io/FcYHL/full/^300,/0/default.jpg",,1,1
4115,4115,"https://iiif.micr.io/fCeyr/full/^300,/0/default.jpg",,1,1
4116,4116,"https://iiif.micr.io/OXfgE/full/^300,/0/default.jpg",,1,1
4117,4117,"https://iiif.micr.io/uVPBA/full/^300,/0/default.jpg",,1,1
4118,4118,"https://iiif.micr.io/ZhPIt/full/^300,/0/default.jpg",,1,1
4119,4119,"https://iiif.micr.io/nwPra/full/^300,/0/default.jpg",,1,1
4120,4120,"https://iiif.micr.io/XKkUY/full/^300,/0/default.jpg",,1,1
4121,4121,"https://iiif.micr.io/mXPme/full/^300,/0/default.jpg",,1,1
4122,4122,"https://iiif.micr.io/sggGG/full/^300,/0/default.jpg",,1,1
4123,4123,"https://iiif.micr.io/qTbcu/full/^300,/0/default.jpg",,1,1
4124,4124,"https://iiif.micr.io/cMICY/full/^300,/0/default.jpg",,1,1
4125,4125,"https://iiif.micr.io/CqqPt/full/^300,/0/default.jpg",,1,1
4126,4126,"https://iiif.micr.io/YQCNy/full/^300,/0/default.jpg",,1,1
4127,4127,"https://iiif.micr.io/ASjeV/full/^300,/0/default.jpg",,1,1
4128,4128,"https://iiif.micr.io/ioXhL/full/^300,/0/default.jpg",,1,1
4129,4129,"https://iiif.micr.io/RhmZj/full/^300,/0/default.jpg",,1,1
4130,4130,"https://iiif.micr.io/nxPct/full/^300,/0/default.jpg",,1,1
4131,4131,"https://iiif.micr.io/QnTFp/full/^300,/0/default.jpg",,1,1
4132,4132,"https://iiif.micr.io/wkoNn/full/^300,/0/default.jpg",,1,1
4133,4133,"https://iiif.micr.io/GRfgi/full/^300,/0/default.jpg",,1,1
4134,4134,"https://iiif.micr.io/JXkBq/full/^300,/0/default.jpg",,1,1
4135,4135,"https://iiif.micr.io/TCZjg/full/^300,/0/default.jpg",,1,1
4136,4136,"https://iiif.micr.io/TqHhA/full/^300,/0/default.jpg",,1,1
4137,4137,"https://iiif.micr.io/Rrnyc/full/^300,/0/default.jpg",,1,1
4138,4138,"https://iiif.micr.io/esBIH/full/^300,/0/default.jpg",,1,1
4139,4139,"https://iiif.micr.io/crttv/full/^300,/0/default.jpg",,1,1
4140,4140,"https://iiif.micr.io/NruRR/full/^300,/0/default.jpg",,1,1
4141,4141,"https://iiif.micr.io/CTwuA/full/^300,/0/default.jpg",,1,1
4142,4142,"https://iiif.micr.io/wpwbS/full/^300,/0/default.jpg",,1,1
4143,4143,"https://iiif.micr.io/UJcbg/full/^300,/0/default.jpg",,1,1
4144,4144,"https://iiif.micr.io/ECPro/full/^300,/0/default.jpg",,1,1
4145,4145,"https://iiif.micr.io/ZWWsj/full/^300,/0/default.jpg",,1,1
4146,4146,"https://iiif.micr.io/TDLTW/full/^300,/0/default.jpg",,1,1
4147,4147,"https://iiif.micr.io/vYLlL/full/^300,/0/default.jpg",,1,1
4148,4148,"https://iiif.micr.io/HPhXn/full/^300,/0/default.jpg",,1,1
4149,4149,"https://iiif.micr.io/PkYoD/full/^300,/0/default.jpg",,1,1
4150,4150,"https://iiif.micr.io/mnzNR/full/^300,/0/default.jpg",,1,1
4151,4151,"https://iiif.micr.io/EcWfl/full/^300,/0/default.jpg",,1,1
4152,4152,"https://iiif.micr.io/bwPGd/full/^300,/0/default.jpg",,1,1
4153,4153,"https://iiif.micr.io/LXipP/full/^300,/0/default.jpg",,1,1
4154,4154,"https://iiif.micr.io/TxqNz/full/^300,/0/default.jpg",,1,1
4155,4155,"https://iiif.micr.io/eRhUF/full/^300,/0/default.jpg",,1,1
4156,4156,"https://iiif.micr.io/pATUZ/full/^300,/0/default.jpg",,1,1
4157,4157,"https://iiif.micr.io/pyMCu/full/^300,/0/default.jpg",,1,1
4158,4158,"https://iiif.micr.io/Zpdil/full/^300,/0/default.jpg",,1,1
4159,4159,"https://iiif.micr.io/TZDhL/full/^300,/0/default.jpg",,1,1
4160,4160,"https://iiif.micr.io/YLAnJ/full/^300,/0/default.jpg",,1,1
4161,4161,"https://iiif.micr.io/PZmkR/full/^300,/0/default.jpg",,1,1
4162,4162,"https://iiif.micr.io/UopnG/full/^300,/0/default.jpg",,1,1
4163,4163,"https://iiif.micr.io/sfcfh/full/^300,/0/default.jpg",,1,1
4164,4164,"https://iiif.micr.io/PcSWr/full/^300,/0/default.jpg",,1,1
4165,4165,"https://iiif.micr.io/lkYaX/full/^300,/0/default.jpg",,1,1
4166,4166,"https://iiif.micr.io/BiOOI/full/^300,/0/default.jpg",,1,1
4167,4167,"https://iiif.micr.io/pxFZq/full/^300,/0/default.jpg",,1,1
4168,4168,"https://iiif.micr.io/LUnhr/full/^300,/0/default.jpg",,1,1
4169,4169,"https://iiif.micr.io/FJfMg/full/^300,/0/default.jpg",,1,1
4170,4170,"https://iiif.micr.io/RhmbA/full/^300,/0/default.jpg",,1,1
4171,4171,"https://iiif.micr.io/LkChM/full/^300,/0/default.jpg",,1,1
4172,4172,"https://iiif.micr.io/IgQHA/full/^300,/0/default.jpg",,1,1
4173,4173,"https://iiif.micr.io/IHEBK/full/^300,/0/default.jpg",,1,1
4174,4174,"https://iiif.micr.io/VIOsX/full/^300,/0/default.jpg",,1,1
4175,4175,"https://iiif.micr.io/LYkyz/full/^300,/0/default.jpg",,1,1
4176,4176,"https://iiif.micr.io/UOriZ/full/^300,/0/default.jpg",,1,1
4177,4177,"https://iiif.micr.io/TvwxW/full/^300,/0/default.jpg",,1,1
4178,4178,"https://iiif.micr.io/tXdjo/full/^300,/0/default.jpg",,1,1
4179,4179,"https://iiif.micr.io/tZXvJ/full/^300,/0/default.jpg",,1,1
4180,4180,"https://iiif.micr.io/xnTbC/full/^300,/0/default.jpg",,1,1
4181,4181,"https://iiif.micr.io/bTMxP/full/^300,/0/default.jpg",,1,1
4182,4182,"https://iiif.micr.io/hiUfA/full/^300,/0/default.jpg",,1,1
4183,4183,"https://iiif.micr.io/nOBSh/full/^300,/0/default.jpg",,1,1
4184,4184,"https://iiif.micr.io/LcIUj/full/^300,/0/default.jpg",,1,1
4185,4185,"https://iiif.micr.io/qYqMj/full/^300,/0/default.jpg",,1,1
4186,4186,"https://iiif.micr.io/qMrKB/full/^300,/0/default.jpg",,1,1
4187,4187,"https://iiif.micr.io/rCjbt/full/^300,/0/default.jpg",,1,1
4188,4188,"https://iiif.micr.io/fPbQx/full/^300,/0/default.jpg",,1,1
4189,4189,"https://iiif.micr.io/VZGSh/full/^300,/0/default.jpg",,1,1
4190,4190,"https://iiif.micr.io/RgTIl/full/^300,/0/default.jpg",,1,1
4191,4191,"https://iiif.micr.io/DneJc/full/^300,/0/default.jpg",,1,1
4192,4192,"https://iiif.micr.io/PBdZw/full/^300,/0/default.jpg",,1,1
4193,4193,"https://iiif.micr.io/yzZnV/full/^300,/0/default.jpg",,1,1
4194,4194,"https://iiif.micr.io/IetXh/full/^300,/0/default.jpg",,1,1
4195,4195,"https://iiif.micr.io/sMmjj/full/^300,/0/default.jpg",,1,1
4196,4196,"https://iiif.micr.io/UIIuN/full/^300,/0/default.jpg",,1,1
4197,4197,"https://iiif.micr.io/WIiSE/full/^300,/0/default.jpg",,1,1
4198,4198,"https://iiif.micr.io/QwWgM/full/^300,/0/default.jpg",,1,1
4199,4199,"https://iiif.micr.io/oWKaS/full/^300,/0/default.jpg",,1,1
4200,4200,"https://iiif.micr.io/Ihzjh/full/^300,/0/default.jpg",,1,1
4201,4201,"https://iiif.micr.io/jclXe/full/^300,/0/default.jpg",,1,1
4202,4202,"https://iiif.micr.io/NxiXG/full/^300,/0/default.jpg",,1,1
4203,4203,"https://iiif.micr.io/NNhnH/full/^300,/0/default.jpg",,1,1
4204,4204,"https://iiif.micr.io/thnDs/full/^300,/0/default.jpg",,1,1
4205,4205,"https://iiif.micr.io/Dxpzq/full/^300,/0/default.jpg",,1,1
4206,4206,"https://iiif.micr.io/DwXpV/full/^300,/0/default.jpg",,1,1
4207,4207,"https://iiif.micr.io/azjXY/full/^300,/0/default.jpg",,1,1
4208,4208,"https://iiif.micr.io/vEzvp/full/^300,/0/default.jpg",,1,1
4209,4209,"https://iiif.micr.io/pmmkp/full/^300,/0/default.jpg",,1,1
4210,4210,"https://iiif.micr.io/QKJbB/full/^300,/0/default.jpg",,1,1
4211,4211,"https://iiif.micr.io/Azqdb/full/^300,/0/default.jpg",,1,1
4212,4212,"https://iiif.micr.io/Vlpcf/full/^300,/0/default.jpg",,1,1
4213,4213,"https://iiif.micr.io/vhsUs/full/^300,/0/default.jpg",,1,1
4214,4214,"https://iiif.micr.io/RVhzJ/full/^300,/0/default.jpg",,1,1
4215,4215,"https://iiif.micr.io/SSqCZ/full/^300,/0/default.jpg",,1,1
4216,4216,"https://iiif.micr.io/JCCOK/full/^300,/0/default.jpg",,1,1
4217,4217,"https://iiif.micr.io/oEnGn/full/^300,/0/default.jpg",,1,1
4218,4218,"https://iiif.micr.io/jvFSU/full/^300,/0/default.jpg",,1,1
4219,4219,"https://iiif.micr.io/RlAZP/full/^300,/0/default.jpg",,1,1
4220,4220,"https://iiif.micr.io/FysUK/full/^300,/0/default.jpg",,1,1
4221,4221,"https://iiif.micr.io/sOvse/full/^300,/0/default.jpg",,1,1
4222,4222,"https://iiif.micr.io/AKXPa/full/^300,/0/default.jpg",,1,1
4223,4223,"https://iiif.micr.io/oeOBj/full/^300,/0/default.jpg",,1,1
4224,4224,"https://iiif.micr.io/sogiE/full/^300,/0/default.jpg",,1,1
4225,4225,"https://iiif.micr.io/jlKek/full/^300,/0/default.jpg",,1,1
4226,4226,"https://iiif.micr.io/ahCHd/full/^300,/0/default.jpg",,1,1
4227,4227,"https://iiif.micr.io/ErMJf/full/^300,/0/default.jpg",,1,1
4228,4228,"https://iiif.micr.io/XgSCv/full/^300,/0/default.jpg",,1,1
4229,4229,"https://iiif.micr.io/XYqEw/full/^300,/0/default.jpg",,1,1
4230,4230,"https://iiif.micr.io/TjgYQ/full/^300,/0/default.jpg",,1,1
4231,4231,"https://iiif.micr.io/mdwmb/full/^300,/0/default.jpg",,1,1
4232,4232,"https://iiif.micr.io/wtPko/full/^300,/0/default.jpg",,1,1
4233,4233,"https://iiif.micr.io/RieWE/full/^300,/0/default.jpg",,1,1
4234,4234,"https://iiif.micr.io/BgzON/full/^300,/0/default.jpg",,1,1
4235,4235,"https://iiif.micr.io/PoILv/full/^300,/0/default.jpg",,1,1
4236,4236,"https://iiif.micr.io/XwZXt/full/^300,/0/default.jpg",,1,1
4237,4237,"https://iiif.micr.io/qFzIb/full/^300,/0/default.jpg",,1,1
4238,4238,"https://iiif.micr.io/dgBgJ/full/^300,/0/default.jpg",,1,1
4239,4239,"https://iiif.micr.io/IhPLn/full/^300,/0/default.jpg",,1,1
4240,4240,"https://iiif.micr.io/QUhAr/full/^300,/0/default.jpg",,1,1
4241,4241,"https://iiif.micr.io/dTjFm/full/^300,/0/default.jpg",,1,1
4242,4242,"https://iiif.micr.io/eEgzw/full/^300,/0/default.jpg",,1,1
4243,4243,"https://iiif.micr.io/rlido/full/^300,/0/default.jpg",,1,1
4244,4244,"https://iiif.micr.io/rdUcD/full/^300,/0/default.jpg",,1,1
4245,4245,"https://iiif.micr.io/akmPN/full/^300,/0/default.jpg",,1,1
4246,4246,"https://iiif.micr.io/GqVMT/full/^300,/0/default.jpg",,1,1
4247,4247,"https://iiif.micr.io/FCxlz/full/^300,/0/default.jpg",,1,1
4248,4248,"https://iiif.micr.io/eXZBa/full/^300,/0/default.jpg",,1,1
4249,4249,"https://iiif.micr.io/DbQGO/full/^300,/0/default.jpg",,1,1
4250,4250,"https://iiif.micr.io/aDSeP/full/^300,/0/default.jpg",,1,1
4251,4251,"https://iiif.micr.io/RQaaG/full/^300,/0/default.jpg",,1,1
4252,4252,"https://iiif.micr.io/KNUkB/full/^300,/0/default.jpg",,1,1
4253,4253,"https://iiif.micr.io/kEJMU/full/^300,/0/default.jpg",,1,1
4254,4254,"https://iiif.micr.io/HHfor/full/^300,/0/default.jpg",,1,1
4255,4255,"https://iiif.micr.io/pQOXe/full/^300,/0/default.jpg",,1,1
4256,4256,"https://iiif.micr.io/eknKo/full/^300,/0/default.jpg",,1,1
4257,4257,"https://iiif.micr.io/DDuPx/full/^300,/0/default.jpg",,1,1
4258,4258,"https://iiif.micr.io/FuMYZ/full/^300,/0/default.jpg",,1,1
4259,4259,"https://iiif.micr.io/ujzVK/full/^300,/0/default.jpg",,1,1
4260,4260,"https://iiif.micr.io/fwnGr/full/^300,/0/default.jpg",,1,1
4261,4261,"https://iiif.micr.io/qzqlM/full/^300,/0/default.jpg",,1,1
4262,4262,"https://iiif.micr.io/wdQKE/full/^300,/0/default.jpg",,1,1
4263,4263,"https://iiif.micr.io/OLRwn/full/^300,/0/default.jpg",,1,1
4264,4264,"https://iiif.micr.io/trXuh/full/^300,/0/default.jpg",,1,1
4265,4265,"https://iiif.micr.io/hQDgk/full/^300,/0/default.jpg",,1,1
4266,4266,"https://iiif.micr.io/cgWlS/full/^300,/0/default.jpg",,1,1
4267,4267,"https://iiif.micr.io/aAfvz/full/^300,/0/default.jpg",,1,1
4268,4268,"https://iiif.micr.io/rWwrl/full/^300,/0/default.jpg",,1,1
4269,4269,"https://iiif.micr.io/CvhsK/full/^300,/0/default.jpg",,1,1
4270,4270,"https://iiif.micr.io/lRASV/full/^300,/0/default.jpg",,1,1
4271,4271,"https://iiif.micr.io/Fvefg/full/^300,/0/default.jpg",,1,1
4272,4272,"https://iiif.micr.io/WguLu/full/^300,/0/default.jpg",,1,1
4273,4273,"https://iiif.micr.io/efTFp/full/^300,/0/default.jpg",,1,1
4274,4274,"https://iiif.micr.io/jbAeB/full/^300,/0/default.jpg",,1,1
4275,4275,"https://iiif.micr.io/HaYam/full/^300,/0/default.jpg",,1,1
4276,4276,"https://iiif.micr.io/TzEfh/full/^300,/0/default.jpg",,1,1
4277,4277,"https://iiif.micr.io/TQNEE/full/^300,/0/default.jpg",,1,1
4278,4278,"https://iiif.micr.io/rtdTx/full/^300,/0/default.jpg",,1,1
4279,4279,"https://iiif.micr.io/UjvbM/full/^300,/0/default.jpg",,1,1
4280,4280,"https://iiif.micr.io/krAOi/full/^300,/0/default.jpg",,1,1
4281,4281,"https://iiif.micr.io/ZfxBR/full/^300,/0/default.jpg",,1,1
4282,4282,"https://iiif.micr.io/CTweP/full/^300,/0/default.jpg",,1,1
4283,4283,"https://iiif.micr.io/PzznC/full/^300,/0/default.jpg",,1,1
4284,4284,"https://iiif.micr.io/ELOPJ/full/^300,/0/default.jpg",,1,1
4285,4285,"https://iiif.micr.io/aLuXm/full/^300,/0/default.jpg",,1,1
4286,4286,"https://iiif.micr.io/JiRpP/full/^300,/0/default.jpg",,1,1
4287,4287,"https://iiif.micr.io/MUVzd/full/^300,/0/default.jpg",,1,1
4288,4288,"https://iiif.micr.io/bJyRA/full/^300,/0/default.jpg",,1,1
4289,4289,"https://iiif.micr.io/CbDDp/full/^300,/0/default.jpg",,1,1
4290,4290,"https://iiif.micr.io/KJZYL/full/^300,/0/default.jpg",,1,1
4291,4291,"https://iiif.micr.io/AwdIR/full/^300,/0/default.jpg",,1,1
4292,4292,"https://iiif.micr.io/wRlFR/full/^300,/0/default.jpg",,1,1
4293,4293,"https://iiif.micr.io/AgEls/full/^300,/0/default.jpg",,1,1
4294,4294,"https://iiif.micr.io/wkODM/full/^300,/0/default.jpg",,1,1
4295,4295,"https://iiif.micr.io/WdWgc/full/^300,/0/default.jpg",,1,1
4296,4296,"https://iiif.micr.io/aDiAq/full/^300,/0/default.jpg",,1,1
4297,4297,"https://iiif.micr.io/zLpEI/full/^300,/0/default.jpg",,1,1
4298,4298,"https://iiif.micr.io/pKZXt/full/^300,/0/default.jpg",,1,1
4299,4299,"https://iiif.micr.io/ukels/full/^300,/0/default.jpg",,1,1
4300,4300,"https://iiif.micr.io/HUXcB/full/^300,/0/default.jpg",,1,1
4301,4301,"https://iiif.micr.io/rQEdz/full/^300,/0/default.jpg",,1,1
4302,4302,"https://iiif.micr.io/amaAe/full/^300,/0/default.jpg",,1,1
4303,4303,"https://iiif.micr.io/chLuG/full/^300,/0/default.jpg",,1,1
4304,4304,"https://iiif.micr.io/xGmBU/full/^300,/0/default.jpg",,1,1
4305,4305,"https://iiif.micr.io/xMtEe/full/^300,/0/default.jpg",,1,1
4306,4306,"https://iiif.micr.io/XYxfu/full/^300,/0/default.jpg",,1,1
4307,4307,"https://iiif.micr.io/cViQJ/full/^300,/0/default.jpg",,1,1
4308,4308,"https://iiif.micr.io/XkkQG/full/^300,/0/default.jpg",,1,1
4309,4309,"https://iiif.micr.io/admOF/full/^300,/0/default.jpg",,1,1
4310,4310,"https://iiif.micr.io/zcnXy/full/^300,/0/default.jpg",,1,1
4311,4311,"https://iiif.micr.io/cichW/full/^300,/0/default.jpg",,1,1
4312,4312,"https://iiif.micr.io/beKYB/full/^300,/0/default.jpg",,1,1
4313,4313,"https://iiif.micr.io/iRdCy/full/^300,/0/default.jpg",,1,1
4314,4314,"https://iiif.micr.io/lZOBM/full/^300,/0/default.jpg",,1,1
4315,4315,"https://iiif.micr.io/Jcvpd/full/^300,/0/default.jpg",,1,1
4316,4316,"https://iiif.micr.io/MILBG/full/^300,/0/default.jpg",,1,1
4317,4317,"https://iiif.micr.io/PLHBQ/full/^300,/0/default.jpg",,1,1
4318,4318,"https://iiif.micr.io/NjNMw/full/^300,/0/default.jpg",,1,1
4319,4319,"https://iiif.micr.io/IrVgF/full/^300,/0/default.jpg",,1,1
4320,4320,"https://iiif.micr.io/ATrZB/full/^300,/0/default.jpg",,1,1
4321,4321,"https://iiif.micr.io/qatsV/full/^300,/0/default.jpg",,1,1
4322,4322,"https://iiif.micr.io/VKXJO/full/^300,/0/default.jpg",,1,1
4323,4323,"https://iiif.micr.io/yvdqH/full/^300,/0/default.jpg",,1,1
4324,4324,"https://iiif.micr.io/NlRIJ/full/^300,/0/default.jpg",,1,1
4325,4325,"https://iiif.micr.io/GXvyD/full/^300,/0/default.jpg",,1,1
4326,4326,"https://iiif.micr.io/bjkpU/full/^300,/0/default.jpg",,1,1
4327,4327,"https://iiif.micr.io/WxFWe/full/^300,/0/default.jpg",,1,1
4328,4328,"https://iiif.micr.io/GSsPj/full/^300,/0/default.jpg",,1,1
4329,4329,"https://iiif.micr.io/EzHjt/full/^300,/0/default.jpg",,1,1
4330,4330,"https://iiif.micr.io/aZhzG/full/^300,/0/default.jpg",,1,1
4331,4331,"https://iiif.micr.io/oNOYd/full/^300,/0/default.jpg",,1,1
4332,4332,"https://iiif.micr.io/FMdgB/full/^300,/0/default.jpg",,1,1
4333,4333,"https://iiif.micr.io/DdzBW/full/^300,/0/default.jpg",,1,1
4334,4334,"https://iiif.micr.io/PESGI/full/^300,/0/default.jpg",,1,1
4335,4335,"https://iiif.micr.io/wFHXK/full/^300,/0/default.jpg",,1,1
4336,4336,"https://iiif.micr.io/sEENo/full/^300,/0/default.jpg",,1,1
4337,4337,"https://iiif.micr.io/tLQov/full/^300,/0/default.jpg",,1,1
4338,4338,"https://iiif.micr.io/kYaTg/full/^300,/0/default.jpg",,1,1
4339,4339,"https://iiif.micr.io/BGOxW/full/^300,/0/default.jpg",,1,1
4340,4340,"https://iiif.micr.io/bmNKq/full/^300,/0/default.jpg",,1,1
4341,4341,"https://iiif.micr.io/gTnpA/full/^300,/0/default.jpg",,1,1
4342,4342,"https://iiif.micr.io/cJdTW/full/^300,/0/default.jpg",,1,1
4343,4343,"https://iiif.micr.io/AwFtP/full/^300,/0/default.jpg",,1,1
4344,4344,"https://iiif.micr.io/svMgc/full/^300,/0/default.jpg",,1,1
4345,4345,"https://iiif.micr.io/OPofE/full/^300,/0/default.jpg",,1,1
4346,4346,"https://iiif.micr.io/NEqUr/full/^300,/0/default.jpg",,1,1
4347,4347,"https://iiif.micr.io/CKLuk/full/^300,/0/default.jpg",,1,1
4348,4348,"https://iiif.micr.io/VNzpU/full/^300,/0/default.jpg",,1,1
4349,4349,"https://iiif.micr.io/yDMUK/full/^300,/0/default.jpg",,1,1
4350,4350,"https://iiif.micr.io/QEEFd/full/^300,/0/default.jpg",,1,1
4351,4351,"https://iiif.micr.io/JSWFP/full/^300,/0/default.jpg",,1,1
4352,4352,"https://iiif.micr.io/FmLWA/full/^300,/0/default.jpg",,1,1
4353,4353,"https://iiif.micr.io/yiyYd/full/^300,/0/default.jpg",,1,1
4354,4354,"https://iiif.micr.io/yEQnv/full/^300,/0/default.jpg",,1,1
4355,4355,"https://iiif.micr.io/pvqFb/full/^300,/0/default.jpg",,1,1
4356,4356,"https://iiif.micr.io/IPuWb/full/^300,/0/default.jpg",,1,1
4357,4357,"https://iiif.micr.io/UCNJu/full/^300,/0/default.jpg",,1,1
4358,4358,"https://iiif.micr.io/cnMhb/full/^300,/0/default.jpg",,1,1
4359,4359,"https://iiif.micr.io/shJDn/full/^300,/0/default.jpg",,1,1
4360,4360,"https://iiif.micr.io/uWXXA/full/^300,/0/default.jpg",,1,1
4361,4361,"https://iiif.micr.io/sjXPS/full/^300,/0/default.jpg",,1,1
4362,4362,"https://iiif.micr.io/diAcm/full/^300,/0/default.jpg",,1,1
4363,4363,"https://iiif.micr.io/KysgV/full/^300,/0/default.jpg",,1,1
4364,4364,"https://iiif.micr.io/RESbz/full/^300,/0/default.jpg",,1,1
4365,4365,"https://iiif.micr.io/nBPar/full/^300,/0/default.jpg",,1,1
4366,4366,"https://iiif.micr.io/ekavy/full/^300,/0/default.jpg",,1,1
4367,4367,"https://iiif.micr.io/QzzVU/full/^300,/0/default.jpg",,1,1
4368,4368,"https://iiif.micr.io/EEvyC/full/^300,/0/default.jpg",,1,1
4369,4369,"https://iiif.micr.io/Mvaac/full/^300,/0/default.jpg",,1,1
4370,4370,"https://iiif.micr.io/fTqDx/full/^300,/0/default.jpg",,1,1
4371,4371,"https://iiif.micr.io/sGsOG/full/^300,/0/default.jpg",,1,1
4372,4372,"https://iiif.micr.io/aWgDe/full/^300,/0/default.jpg",,1,1
4373,4373,"https://iiif.micr.io/lPFvI/full/^300,/0/default.jpg",,1,1
4374,4374,"https://iiif.micr.io/tbCDe/full/^300,/0/default.jpg",,1,1
4375,4375,"https://iiif.micr.io/mpZcG/full/^300,/0/default.jpg",,1,1
4376,4376,"https://iiif.micr.io/DycOs/full/^300,/0/default.jpg",,1,1
4377,4377,"https://iiif.micr.io/sXFSt/full/^300,/0/default.jpg",,1,1
4378,4378,"https://iiif.micr.io/WPisg/full/^300,/0/default.jpg",,1,1
4379,4379,"https://iiif.micr.io/xDADP/full/^300,/0/default.jpg",,1,1
4380,4380,"https://iiif.micr.io/BOgpg/full/^300,/0/default.jpg",,1,1
4381,4381,"https://iiif.micr.io/CxbUV/full/^300,/0/default.jpg",,1,1
4382,4382,"https://iiif.micr.io/VXQnu/full/^300,/0/default.jpg",,1,1
4383,4383,"https://iiif.micr.io/gWRSW/full/^300,/0/default.jpg",,1,1
4384,4384,"https://iiif.micr.io/pxVKA/full/^300,/0/default.jpg",,1,1
4385,4385,"https://iiif.micr.io/yyjwf/full/^300,/0/default.jpg",,1,1
4386,4386,"https://iiif.micr.io/rSlNj/full/^300,/0/default.jpg",,1,1
4387,4387,"https://iiif.micr.io/cTJJL/full/^300,/0/default.jpg",,1,1
4388,4388,"https://iiif.micr.io/ntMHJ/full/^300,/0/default.jpg",,1,1
4389,4389,"https://iiif.micr.io/poSRK/full/^300,/0/default.jpg",,1,1
4390,4390,"https://iiif.micr.io/EQqml/full/^300,/0/default.jpg",,1,1
4391,4391,"https://iiif.micr.io/ocAHq/full/^300,/0/default.jpg",,1,1
4392,4392,"https://iiif.micr.io/hqqnL/full/^300,/0/default.jpg",,1,1
4393,4393,"https://iiif.micr.io/NEfKI/full/^300,/0/default.jpg",,1,1
4394,4394,"https://iiif.micr.io/QLkbv/full/^300,/0/default.jpg",,1,1
4395,4395,"https://iiif.micr.io/IgBqn/full/^300,/0/default.jpg",,1,1
4396,4396,"https://iiif.micr.io/Hnsel/full/^300,/0/default.jpg",,1,1
4397,4397,"https://iiif.micr.io/JUsHI/full/^300,/0/default.jpg",,1,1
4398,4398,"https://iiif.micr.io/ssyeP/full/^300,/0/default.jpg",,1,1
4399,4399,"https://iiif.micr.io/SXKYN/full/^300,/0/default.jpg",,1,1
4400,4400,"https://iiif.micr.io/nHixb/full/^300,/0/default.jpg",,1,1
4401,4401,"https://iiif.micr.io/ASAMW/full/^300,/0/default.jpg",,1,1
4402,4402,"https://iiif.micr.io/VEimx/full/^300,/0/default.jpg",,1,1
4403,4403,"https://iiif.micr.io/fGZQT/full/^300,/0/default.jpg",,1,1
4404,4404,"https://iiif.micr.io/eNdyi/full/^300,/0/default.jpg",,1,1
4405,4405,"https://iiif.micr.io/IeTug/full/^300,/0/default.jpg",,1,1
4406,4406,"https://iiif.micr.io/zxGQc/full/^300,/0/default.jpg",,1,1
4407,4407,"https://iiif.micr.io/HMIth/full/^300,/0/default.jpg",,1,1
4408,4408,"https://iiif.micr.io/pWABB/full/^300,/0/default.jpg",,1,1
4409,4409,"https://iiif.micr.io/FDXfz/full/^300,/0/default.jpg",,1,1
4410,4410,"https://iiif.micr.io/YbBwD/full/^300,/0/default.jpg",,1,1
4411,4411,"https://iiif.micr.io/yQwtQ/full/^300,/0/default.jpg",,1,1
4412,4412,"https://iiif.micr.io/DhqBs/full/^300,/0/default.jpg",,1,1
4413,4413,"https://iiif.micr.io/UFSSg/full/^300,/0/default.jpg",,1,1
4414,4414,"https://iiif.micr.io/pVFmo/full/^300,/0/default.jpg",,1,1
4415,4415,"https://iiif.micr.io/WDzZU/full/^300,/0/default.jpg",,1,1
4416,4416,"https://iiif.micr.io/FKWMj/full/^300,/0/default.jpg",,1,1
4417,4417,"https://iiif.micr.io/gTzwk/full/^300,/0/default.jpg",,1,1
4418,4418,"https://iiif.micr.io/CnVKr/full/^300,/0/default.jpg",,1,1
4419,4419,"https://iiif.micr.io/RyzKR/full/^300,/0/default.jpg",,1,1
4420,4420,"https://iiif.micr.io/bcKZg/full/^300,/0/default.jpg",,1,1
4421,4421,"https://iiif.micr.io/llAZV/full/^300,/0/default.jpg",,1,1
4422,4422,"https://iiif.micr.io/jdaGW/full/^300,/0/default.jpg",,1,1
4423,4423,"https://iiif.micr.io/oNggE/full/^300,/0/default.jpg",,1,1
4424,4424,"https://iiif.micr.io/VjqPV/full/^300,/0/default.jpg",,1,1
4425,4425,"https://iiif.micr.io/bYrUH/full/^300,/0/default.jpg",,1,1
4426,4426,"https://iiif.micr.io/uEOVk/full/^300,/0/default.jpg",,1,1
4427,4427,"https://iiif.micr.io/TNGua/full/^300,/0/default.jpg",,1,1
4428,4428,"https://iiif.micr.io/Dadhn/full/^300,/0/default.jpg",,1,1
4429,4429,"https://iiif.micr.io/CscMv/full/^300,/0/default.jpg",,1,1
4430,4430,"https://iiif.micr.io/qqNhx/full/^300,/0/default.jpg",,1,1
4431,4431,"https://iiif.micr.io/wTYwP/full/^300,/0/default.jpg",,1,1
4432,4432,"https://iiif.micr.io/HYbNv/full/^300,/0/default.jpg",,1,1
4433,4433,"https://iiif.micr.io/HfxzR/full/^300,/0/default.jpg",,1,1
4434,4434,"https://iiif.micr.io/cMvek/full/^300,/0/default.jpg",,1,1
4435,4435,"https://iiif.micr.io/aMENu/full/^300,/0/default.jpg",,1,1
4436,4436,"https://iiif.micr.io/ckQYs/full/^300,/0/default.jpg",,1,1
4437,4437,"https://iiif.micr.io/tJlMN/full/^300,/0/default.jpg",,1,1
4438,4438,"https://iiif.micr.io/ECMqo/full/^300,/0/default.jpg",,1,1
4439,4439,"https://iiif.micr.io/JxZxd/full/^300,/0/default.jpg",,1,1
4440,4440,"https://iiif.micr.io/XBbbL/full/^300,/0/default.jpg",,1,1
4441,4441,"https://iiif.micr.io/KQtcJ/full/^300,/0/default.jpg",,1,1
4442,4442,"https://iiif.micr.io/erINZ/full/^300,/0/default.jpg",,1,1
4443,4443,"https://iiif.micr.io/asPWx/full/^300,/0/default.jpg",,1,1
4444,4444,"https://iiif.micr.io/svYku/full/^300,/0/default.jpg",,1,1
4445,4445,"https://iiif.micr.io/FdwBa/full/^300,/0/default.jpg",,1,1
4446,4446,"https://iiif.micr.io/lRLRY/full/^300,/0/default.jpg",,1,1
4447,4447,"https://iiif.micr.io/VKZxz/full/^300,/0/default.jpg",,1,1
4448,4448,"https://iiif.micr.io/HIiax/full/^300,/0/default.jpg",,1,1
4449,4449,"https://iiif.micr.io/TntHU/full/^300,/0/default.jpg",,1,1
4450,4450,"https://iiif.micr.io/gsXsc/full/^300,/0/default.jpg",,1,1
4451,4451,"https://iiif.micr.io/gmvHz/full/^300,/0/default.jpg",,1,1
4452,4452,"https://iiif.micr.io/kQfxz/full/^300,/0/default.jpg",,1,1
4453,4453,"https://iiif.micr.io/uuBty/full/^300,/0/default.jpg",,1,1
4454,4454,"https://iiif.micr.io/fNVYH/full/^300,/0/default.jpg",,1,1
4455,4455,"https://iiif.micr.io/otnou/full/^300,/0/default.jpg",,1,1
4456,4456,"https://iiif.micr.io/krhQJ/full/^300,/0/default.jpg",,1,1
4457,4457,"https://iiif.micr.io/GCeHE/full/^300,/0/default.jpg",,1,1
4458,4458,"https://iiif.micr.io/bOVbP/full/^300,/0/default.jpg",,1,1
4459,4459,"https://iiif.micr.io/skalp/full/^300,/0/default.jpg",,1,1
4460,4460,"https://iiif.micr.io/CigRV/full/^300,/0/default.jpg",,1,1
4461,4461,"https://iiif.micr.io/ScPad/full/^300,/0/default.jpg",,1,1
4462,4462,"https://iiif.micr.io/ViefY/full/^300,/0/default.jpg",,1,1
4463,4463,"https://iiif.micr.io/QLhYk/full/^300,/0/default.jpg",,1,1
4464,4464,"https://iiif.micr.io/heqEx/full/^300,/0/default.jpg",,1,1
4465,4465,"https://iiif.micr.io/JGwUX/full/^300,/0/default.jpg",,1,1
4466,4466,"https://iiif.micr.io/xKnBP/full/^300,/0/default.jpg",,1,1
4467,4467,"https://iiif.micr.io/ccXpV/full/^300,/0/default.jpg",,1,1
4468,4468,"https://iiif.micr.io/wVMYs/full/^300,/0/default.jpg",,1,1
4469,4469,"https://iiif.micr.io/dqRST/full/^300,/0/default.jpg",,1,1
4470,4470,"https://iiif.micr.io/VyUMp/full/^300,/0/default.jpg",,1,1
4471,4471,"https://iiif.micr.io/wXgcT/full/^300,/0/default.jpg",,1,1
4472,4472,"https://iiif.micr.io/cbRmI/full/^300,/0/default.jpg",,1,1
4473,4473,"https://iiif.micr.io/Rstje/full/^300,/0/default.jpg",,1,1
4474,4474,"https://iiif.micr.io/ypGmI/full/^300,/0/default.jpg",,1,1
4475,4475,"https://iiif.micr.io/IWPbp/full/^300,/0/default.jpg",,1,1
4476,4476,"https://iiif.micr.io/ZtVzL/full/^300,/0/default.jpg",,1,1
4477,4477,"https://iiif.micr.io/gPjzc/full/^300,/0/default.jpg",,1,1
4478,4478,"https://iiif.micr.io/XxRim/full/^300,/0/default.jpg",,1,1
4479,4479,"https://iiif.micr.io/ACtJX/full/^300,/0/default.jpg",,1,1
4480,4480,"https://iiif.micr.io/ZmmgW/full/^300,/0/default.jpg",,1,1
4481,4481,"https://iiif.micr.io/xBHYw/full/^300,/0/default.jpg",,1,1
4482,4482,"https://iiif.micr.io/pBaiX/full/^300,/0/default.jpg",,1,1
4483,4483,"https://iiif.micr.io/JrGWk/full/^300,/0/default.jpg",,1,1
4484,4484,"https://iiif.micr.io/dpcDp/full/^300,/0/default.jpg",,1,1
4485,4485,"https://iiif.micr.io/FIAAh/full/^300,/0/default.jpg",,1,1
4486,4486,"https://iiif.micr.io/AkwsT/full/^300,/0/default.jpg",,1,1
4487,4487,"https://iiif.micr.io/CPjWZ/full/^300,/0/default.jpg",,1,1
4488,4488,"https://iiif.micr.io/SxZHp/full/^300,/0/default.jpg",,1,1
4489,4489,"https://iiif.micr.io/WZDUJ/full/^300,/0/default.jpg",,1,1
4490,4490,"https://iiif.micr.io/EqChq/full/^300,/0/default.jpg",,1,1
4491,4491,"https://iiif.micr.io/jvNow/full/^300,/0/default.jpg",,1,1
4492,4492,"https://iiif.micr.io/JhHAk/full/^300,/0/default.jpg",,1,1
4493,4493,"https://iiif.micr.io/IkHre/full/^300,/0/default.jpg",,1,1
4494,4494,"https://iiif.micr.io/cZYTu/full/^300,/0/default.jpg",,1,1
4495,4495,"https://iiif.micr.io/pAohW/full/^300,/0/default.jpg",,1,1
4496,4496,"https://iiif.micr.io/pRccG/full/^300,/0/default.jpg",,1,1
4497,4497,"https://iiif.micr.io/nvVkR/full/^300,/0/default.jpg",,1,1
4498,4498,"https://iiif.micr.io/Qlbfb/full/^300,/0/default.jpg",,1,1
4499,4499,"https://iiif.micr.io/qZsRW/full/^300,/0/default.jpg",,1,1
4500,4500,"https://iiif.micr.io/gJuhE/full/^300,/0/default.jpg",,1,1
4501,4501,"https://iiif.micr.io/Tkmvo/full/^300,/0/default.jpg",,1,1
4502,4502,"https://iiif.micr.io/nGxPP/full/^300,/0/default.jpg",,1,1
4503,4503,"https://iiif.micr.io/MVIuK/full/^300,/0/default.jpg",,1,1
4504,4504,"https://iiif.micr.io/PpfTw/full/^300,/0/default.jpg",,1,1
4505,4505,"https://iiif.micr.io/ONlva/full/^300,/0/default.jpg",,1,1
4506,4506,"https://iiif.micr.io/vmcbj/full/^300,/0/default.jpg",,1,1
4507,4507,"https://iiif.micr.io/iLwWK/full/^300,/0/default.jpg",,1,1
4508,4508,"https://iiif.micr.io/fMEyJ/full/^300,/0/default.jpg",,1,1
4509,4509,"https://iiif.micr.io/QKjvp/full/^300,/0/default.jpg",,1,1
4510,4510,"https://iiif.micr.io/zdzTc/full/^300,/0/default.jpg",,1,1
4511,4511,"https://iiif.micr.io/ShQCc/full/^300,/0/default.jpg",,1,1
4512,4512,"https://iiif.micr.io/xAESw/full/^300,/0/default.jpg",,1,1
4513,4513,"https://iiif.micr.io/wYCQw/full/^300,/0/default.jpg",,1,1
4514,4514,"https://iiif.micr.io/sduPt/full/^300,/0/default.jpg",,1,1
4515,4515,"https://iiif.micr.io/tAZdl/full/^300,/0/default.jpg",,1,1
4516,4516,"https://iiif.micr.io/hTDhi/full/^300,/0/default.jpg",,1,1
4517,4517,"https://iiif.micr.io/pDCzh/full/^300,/0/default.jpg",,1,1
4518,4518,"https://iiif.micr.io/NkzuR/full/^300,/0/default.jpg",,1,1
4519,4519,"https://iiif.micr.io/GylKT/full/^300,/0/default.jpg",,1,1
4520,4520,"https://iiif.micr.io/kIpIY/full/^300,/0/default.jpg",,1,1
4521,4521,"https://iiif.micr.io/GBulW/full/^300,/0/default.jpg",,1,1
4522,4522,"https://iiif.micr.io/RjvQn/full/^300,/0/default.jpg",,1,1
4523,4523,"https://iiif.micr.io/tLTcf/full/^300,/0/default.jpg",,1,1
4524,4524,"https://iiif.micr.io/VrLMK/full/^300,/0/default.jpg",,1,1
4525,4525,"https://iiif.micr.io/GlkAT/full/^300,/0/default.jpg",,1,1
4526,4526,"https://iiif.micr.io/WnvRL/full/^300,/0/default.jpg",,1,1
4527,4527,"https://iiif.micr.io/szkiD/full/^300,/0/default.jpg",,1,1
4528,4528,"https://iiif.micr.io/yKcXe/full/^300,/0/default.jpg",,1,1
4529,4529,"https://iiif.micr.io/IRYBn/full/^300,/0/default.jpg",,1,1
4530,4530,"https://iiif.micr.io/nmEDo/full/^300,/0/default.jpg",,1,1
4531,4531,"https://iiif.micr.io/ZSXjO/full/^300,/0/default.jpg",,1,1
4532,4532,"https://iiif.micr.io/YGVAH/full/^300,/0/default.jpg",,1,1
4533,4533,"https://iiif.micr.io/swbOT/full/^300,/0/default.jpg",,1,1
4534,4534,"https://iiif.micr.io/dpBPA/full/^300,/0/default.jpg",,1,1
4535,4535,"https://iiif.micr.io/fIUgm/full/^300,/0/default.jpg",,1,1
4536,4536,"https://iiif.micr.io/QmHFD/full/^300,/0/default.jpg",,1,1
4537,4537,"https://iiif.micr.io/hVkVY/full/^300,/0/default.jpg",,1,1
4538,4538,"https://iiif.micr.io/yLnkd/full/^300,/0/default.jpg",,1,1
4539,4539,"https://iiif.micr.io/hLQTd/full/^300,/0/default.jpg",,1,1
4540,4540,"https://iiif.micr.io/bBmMf/full/^300,/0/default.jpg",,1,1
4541,4541,"https://iiif.micr.io/bnIit/full/^300,/0/default.jpg",,1,1
4542,4542,"https://iiif.micr.io/CTwSb/full/^300,/0/default.jpg",,1,1
4543,4543,"https://iiif.micr.io/YWsta/full/^300,/0/default.jpg",,1,1
4544,4544,"https://iiif.micr.io/UzeGp/full/^300,/0/default.jpg",,1,1
4545,4545,"https://iiif.micr.io/gKlfr/full/^300,/0/default.jpg",,1,1
4546,4546,"https://iiif.micr.io/BmBxo/full/^300,/0/default.jpg",,1,1
4547,4547,"https://iiif.micr.io/ddnpY/full/^300,/0/default.jpg",,1,1
4548,4548,"https://iiif.micr.io/ZLoOF/full/^300,/0/default.jpg",,1,1
4549,4549,"https://iiif.micr.io/dEdJd/full/^300,/0/default.jpg",,1,1
4550,4550,"https://iiif.micr.io/kEohQ/full/^300,/0/default.jpg",,1,1
4551,4551,"https://iiif.micr.io/iYQPU/full/^300,/0/default.jpg",,1,1
4552,4552,"https://iiif.micr.io/sACho/full/^300,/0/default.jpg",,1,1
4553,4553,"https://iiif.micr.io/TSwAy/full/^300,/0/default.jpg",,1,1
4554,4554,"https://iiif.micr.io/vVClY/full/^300,/0/default.jpg",,1,1
4555,4555,"https://iiif.micr.io/KQtfR/full/^300,/0/default.jpg",,1,1
4556,4556,"https://iiif.micr.io/FnlXR/full/^300,/0/default.jpg",,1,1
4557,4557,"https://iiif.micr.io/sjjgi/full/^300,/0/default.jpg",,1,1
4558,4558,"https://iiif.micr.io/MEQVJ/full/^300,/0/default.jpg",,1,1
4559,4559,"https://iiif.micr.io/rIsGs/full/^300,/0/default.jpg",,1,1
4560,4560,"https://iiif.micr.io/trLas/full/^300,/0/default.jpg",,1,1
4561,4561,"https://iiif.micr.io/GDEhR/full/^300,/0/default.jpg",,1,1
4562,4562,"https://iiif.micr.io/kLhIO/full/^300,/0/default.jpg",,1,1
4563,4563,"https://iiif.micr.io/xidij/full/^300,/0/default.jpg",,1,1
4564,4564,"https://iiif.micr.io/Npuji/full/^300,/0/default.jpg",,1,1
4565,4565,"https://iiif.micr.io/QCwHu/full/^300,/0/default.jpg",,1,1
4566,4566,"https://iiif.micr.io/jCLWR/full/^300,/0/default.jpg",,1,1
4567,4567,"https://iiif.micr.io/GtqFi/full/^300,/0/default.jpg",,1,1
4568,4568,"https://iiif.micr.io/vZMNJ/full/^300,/0/default.jpg",,1,1
4569,4569,"https://iiif.micr.io/BUTGi/full/^300,/0/default.jpg",,1,1
4570,4570,"https://iiif.micr.io/kfLpM/full/^300,/0/default.jpg",,1,1
4571,4571,"https://iiif.micr.io/tfFKp/full/^300,/0/default.jpg",,1,1
4572,4572,"https://iiif.micr.io/LbcFv/full/^300,/0/default.jpg",,1,1
4573,4573,"https://iiif.micr.io/IEtTT/full/^300,/0/default.jpg",,1,1
4574,4574,"https://iiif.micr.io/mkqvm/full/^300,/0/default.jpg",,1,1
4575,4575,"https://iiif.micr.io/iPtlo/full/^300,/0/default.jpg",,1,1
4576,4576,"https://iiif.micr.io/TEuPx/full/^300,/0/default.jpg",,1,1
4577,4577,"https://iiif.micr.io/CbFiU/full/^300,/0/default.jpg",,1,1
4578,4578,"https://iiif.micr.io/XLGqT/full/^300,/0/default.jpg",,1,1
4579,4579,"https://iiif.micr.io/YjHfT/full/^300,/0/default.jpg",,1,1
4580,4580,"https://iiif.micr.io/cDfQw/full/^300,/0/default.jpg",,1,1
4581,4581,"https://iiif.micr.io/VmwMv/full/^300,/0/default.jpg",,1,1
4582,4582,"https://iiif.micr.io/uBlzT/full/^300,/0/default.jpg",,1,1
4583,4583,"https://iiif.micr.io/vJGMp/full/^300,/0/default.jpg",,1,1
4584,4584,"https://iiif.micr.io/wzcka/full/^300,/0/default.jpg",,1,1
4585,4585,"https://iiif.micr.io/qCtOY/full/^300,/0/default.jpg",,1,1
4586,4586,"https://iiif.micr.io/fkllH/full/^300,/0/default.jpg",,1,1
4587,4587,"https://iiif.micr.io/gnlbo/full/^300,/0/default.jpg",,1,1
4588,4588,"https://iiif.micr.io/QwlrP/full/^300,/0/default.jpg",,1,1
4589,4589,"https://iiif.micr.io/QMcIS/full/^300,/0/default.jpg",,1,1
4590,4590,"https://iiif.micr.io/LdVfw/full/^300,/0/default.jpg",,1,1
4591,4591,"https://iiif.micr.io/UNhGY/full/^300,/0/default.jpg",,1,1
4592,4592,"https://iiif.micr.io/aVicu/full/^300,/0/default.jpg",,1,1
4593,4593,"https://iiif.micr.io/AHWFb/full/^300,/0/default.jpg",,1,1
4594,4594,"https://iiif.micr.io/riHkQ/full/^300,/0/default.jpg",,1,1
4595,4595,"https://iiif.micr.io/XsXnS/full/^300,/0/default.jpg",,1,1
4596,4596,"https://iiif.micr.io/TKfeV/full/^300,/0/default.jpg",,1,1
4597,4597,"https://iiif.micr.io/dAueH/full/^300,/0/default.jpg",,1,1
4598,4598,"https://iiif.micr.io/Dcbqn/full/^300,/0/default.jpg",,1,1
4599,4599,"https://iiif.micr.io/mcdTG/full/^300,/0/default.jpg",,1,1
4600,4600,"https://iiif.micr.io/WxEFl/full/^300,/0/default.jpg",,1,1
4601,4601,"https://iiif.micr.io/VTOui/full/^300,/0/default.jpg",,1,1
4602,4602,"https://iiif.micr.io/yaAtI/full/^300,/0/default.jpg",,1,1
4603,4603,"https://iiif.micr.io/EAwDC/full/^300,/0/default.jpg",,1,1
4604,4604,"https://iiif.micr.io/uwgnK/full/^300,/0/default.jpg",,1,1
4605,4605,"https://iiif.micr.io/zybNw/full/^300,/0/default.jpg",,1,1
4606,4606,"https://iiif.micr.io/xIwdY/full/^300,/0/default.jpg",,1,1
4607,4607,"https://iiif.micr.io/wjqCD/full/^300,/0/default.jpg",,1,1
4608,4608,"https://iiif.micr.io/LJYmw/full/^300,/0/default.jpg",,1,1
4609,4609,"https://iiif.micr.io/SOkRK/full/^300,/0/default.jpg",,1,1
4610,4610,"https://iiif.micr.io/sQcoB/full/^300,/0/default.jpg",,1,1
4611,4611,"https://iiif.micr.io/UPGsj/full/^300,/0/default.jpg",,1,1
4612,4612,"https://iiif.micr.io/YgqXn/full/^300,/0/default.jpg",,1,1
4613,4613,"https://iiif.micr.io/VgGTz/full/^300,/0/default.jpg",,1,1
4614,4614,"https://iiif.micr.io/civgV/full/^300,/0/default.jpg",,1,1
4615,4615,"https://iiif.micr.io/heyAt/full/^300,/0/default.jpg",,1,1
4616,4616,"https://iiif.micr.io/dsJgF/full/^300,/0/default.jpg",,1,1
4617,4617,"https://iiif.micr.io/cOVeZ/full/^300,/0/default.jpg",,1,1
4618,4618,"https://iiif.micr.io/LAZpU/full/^300,/0/default.jpg",,1,1
4619,4619,"https://iiif.micr.io/WYpfR/full/^300,/0/default.jpg",,1,1
4620,4620,"https://iiif.micr.io/SXMLH/full/^300,/0/default.jpg",,1,1
4621,4621,"https://iiif.micr.io/ultQL/full/^300,/0/default.jpg",,1,1
4622,4622,"https://iiif.micr.io/FdhkW/full/^300,/0/default.jpg",,1,1
4623,4623,"https://iiif.micr.io/tQibE/full/^300,/0/default.jpg",,1,1
4624,4624,"https://iiif.micr.io/tcBMW/full/^300,/0/default.jpg",,1,1
4625,4625,"https://iiif.micr.io/BxyuN/full/^300,/0/default.jpg",,1,1
4626,4626,"https://iiif.micr.io/PAfgA/full/^300,/0/default.jpg",,1,1
4627,4627,"https://iiif.micr.io/qcOUV/full/^300,/0/default.jpg",,1,1
4628,4628,"https://iiif.micr.io/VWLBj/full/^300,/0/default.jpg",,1,1
4629,4629,"https://iiif.micr.io/LcEJG/full/^300,/0/default.jpg",,1,1
4630,4630,"https://iiif.micr.io/TGdCV/full/^300,/0/default.jpg",,1,1
4631,4631,"https://iiif.micr.io/oosDd/full/^300,/0/default.jpg",,1,1
4632,4632,"https://iiif.micr.io/VKFnQ/full/^300,/0/default.jpg",,1,1
4633,4633,"https://iiif.micr.io/Ktxlr/full/^300,/0/default.jpg",,1,1
4634,4634,"https://iiif.micr.io/uPvww/full/^300,/0/default.jpg",,1,1
4635,4635,"https://iiif.micr.io/qapZT/full/^300,/0/default.jpg",,1,1
4636,4636,"https://iiif.micr.io/HWMTw/full/^300,/0/default.jpg",,1,1
4637,4637,"https://iiif.micr.io/LvIsw/full/^300,/0/default.jpg",,1,1
4638,4638,"https://iiif.micr.io/OHAFq/full/^300,/0/default.jpg",,1,1
4639,4639,"https://iiif.micr.io/VnBRw/full/^300,/0/default.jpg",,1,1
4640,4640,"https://iiif.micr.io/sSdHT/full/^300,/0/default.jpg",,1,1
4641,4641,"https://iiif.micr.io/WUOEB/full/^300,/0/default.jpg",,1,1
4642,4642,"https://iiif.micr.io/TImfV/full/^300,/0/default.jpg",,1,1
4643,4643,"https://iiif.micr.io/BOTdi/full/^300,/0/default.jpg",,1,1
4644,4644,"https://iiif.micr.io/TvwvM/full/^300,/0/default.jpg",,1,1
4645,4645,"https://iiif.micr.io/qFjUH/full/^300,/0/default.jpg",,1,1
4646,4646,"https://iiif.micr.io/eqqRF/full/^300,/0/default.jpg",,1,1
4647,4647,"https://iiif.micr.io/kXjCX/full/^300,/0/default.jpg",,1,1
4648,4648,"https://iiif.micr.io/tpHEs/full/^300,/0/default.jpg",,1,1
4649,4649,"https://iiif.micr.io/pZlEz/full/^300,/0/default.jpg",,1,1
4650,4650,"https://iiif.micr.io/tfIJW/full/^300,/0/default.jpg",,1,1
4651,4651,"https://iiif.micr.io/rODKZ/full/^300,/0/default.jpg",,1,1
4652,4652,"https://iiif.micr.io/cLtJw/full/^300,/0/default.jpg",,1,1
4653,4653,"https://iiif.micr.io/FsxzB/full/^300,/0/default.jpg",,1,1
4654,4654,"https://iiif.micr.io/eramo/full/^300,/0/default.jpg",,1,1
4655,4655,"https://iiif.micr.io/dPWRn/full/^300,/0/default.jpg",,1,1
4656,4656,"https://iiif.micr.io/JLrMR/full/^300,/0/default.jpg",,1,1
4657,4657,"https://iiif.micr.io/HWvZZ/full/^300,/0/default.jpg",,1,1
4658,4658,"https://iiif.micr.io/TmLuP/full/^300,/0/default.jpg",,1,1
4659,4659,"https://iiif.micr.io/ESjop/full/^300,/0/default.jpg",,1,1
4660,4660,"https://iiif.micr.io/UvOQd/full/^300,/0/default.jpg",,1,1
4661,4661,"https://iiif.micr.io/DGjng/full/^300,/0/default.jpg",,1,1
4662,4662,"https://iiif.micr.io/LZgbK/full/^300,/0/default.jpg",,1,1
4663,4663,"https://iiif.micr.io/WmaVM/full/^300,/0/default.jpg",,1,1
4664,4664,"https://iiif.micr.io/lsPMd/full/^300,/0/default.jpg",,1,1
4665,4665,"https://iiif.micr.io/UEUJT/full/^300,/0/default.jpg",,1,1
4666,4666,"https://iiif.micr.io/sdsYQ/full/^300,/0/default.jpg",,1,1
4667,4667,"https://iiif.micr.io/Jnjev/full/^300,/0/default.jpg",,1,1
4668,4668,"https://iiif.micr.io/OUolT/full/^300,/0/default.jpg",,1,1
4669,4669,"https://iiif.micr.io/wOYRR/full/^300,/0/default.jpg",,1,1
4670,4670,"https://iiif.micr.io/Przqq/full/^300,/0/default.jpg",,1,1
4671,4671,"https://iiif.micr.io/xlieV/full/^300,/0/default.jpg",,1,1
4672,4672,"https://iiif.micr.io/QbWgF/full/^300,/0/default.jpg",,1,1
4673,4673,"https://iiif.micr.io/ixSjx/full/^300,/0/default.jpg",,1,1
4674,4674,"https://iiif.micr.io/oshRP/full/^300,/0/default.jpg",,1,1
4675,4675,"https://iiif.micr.io/Ozyjg/full/^300,/0/default.jpg",,1,1
4676,4676,"https://iiif.micr.io/TqAWc/full/^300,/0/default.jpg",,1,1
4677,4677,"https://iiif.micr.io/ZEaog/full/^300,/0/default.jpg",,1,1
4678,4678,"https://iiif.micr.io/DJrBM/full/^300,/0/default.jpg",,1,1
4679,4679,"https://iiif.micr.io/ZlCbk/full/^300,/0/default.jpg",,1,1
4680,4680,"https://iiif.micr.io/HGaYM/full/^300,/0/default.jpg",,1,1
4681,4681,"https://iiif.micr.io/yaTvo/full/^300,/0/default.jpg",,1,1
4682,4682,"https://iiif.micr.io/FBlmF/full/^300,/0/default.jpg",,1,1
4683,4683,"https://iiif.micr.io/Makeh/full/^300,/0/default.jpg",,1,1
4684,4684,"https://iiif.micr.io/gDysF/full/^300,/0/default.jpg",,1,1
4685,4685,"https://iiif.micr.io/iRwgO/full/^300,/0/default.jpg",,1,1
4686,4686,"https://iiif.micr.io/xIzdl/full/^300,/0/default.jpg",,1,1
4687,4687,"https://iiif.micr.io/Nqsoq/full/^300,/0/default.jpg",,1,1
4688,4688,"https://iiif.micr.io/xkJPO/full/^300,/0/default.jpg",,1,1
4689,4689,"https://iiif.micr.io/PDZvx/full/^300,/0/default.jpg",,1,1
4690,4690,"https://iiif.micr.io/fjRsO/full/^300,/0/default.jpg",,1,1
4691,4691,"https://iiif.micr.io/EXyCn/full/^300,/0/default.jpg",,1,1
4692,4692,"https://iiif.micr.io/oRtTB/full/^300,/0/default.jpg",,1,1
4693,4693,"https://iiif.micr.io/oOAzO/full/^300,/0/default.jpg",,1,1
4694,4694,"https://iiif.micr.io/rYiNg/full/^300,/0/default.jpg",,1,1
4695,4695,"https://iiif.micr.io/MptLu/full/^300,/0/default.jpg",,1,1
4696,4696,"https://iiif.micr.io/mWzLb/full/^300,/0/default.jpg",,1,1
4697,4697,"https://iiif.micr.io/jVrkq/full/^300,/0/default.jpg",,1,1
4698,4698,"https://iiif.micr.io/CvvPi/full/^300,/0/default.jpg",,1,1
4699,4699,"https://iiif.micr.io/EZlij/full/^300,/0/default.jpg",,1,1
4700,4700,"https://iiif.micr.io/yziUA/full/^300,/0/default.jpg",,1,1
4701,4701,"https://iiif.micr.io/rEMnu/full/^300,/0/default.jpg",,1,1
4702,4702,"https://iiif.micr.io/hBxqV/full/^300,/0/default.jpg",,1,1
4703,4703,"https://iiif.micr.io/LCSgS/full/^300,/0/default.jpg",,1,1
4704,4704,"https://iiif.micr.io/NxEgq/full/^300,/0/default.jpg",,1,1
4705,4705,"https://iiif.micr.io/uGkqN/full/^300,/0/default.jpg",,1,1
4706,4706,"https://iiif.micr.io/QZIsS/full/^300,/0/default.jpg",,1,1
4707,4707,"https://iiif.micr.io/QYTYQ/full/^300,/0/default.jpg",,1,1
4708,4708,"https://iiif.micr.io/LUdBq/full/^300,/0/default.jpg",,1,1
4709,4709,"https://iiif.micr.io/HyRQe/full/^300,/0/default.jpg",,1,1
4710,4710,"https://iiif.micr.io/Rxqcn/full/^300,/0/default.jpg",,1,1
4711,4711,"https://iiif.micr.io/StswH/full/^300,/0/default.jpg",,1,1
4712,4712,"https://iiif.micr.io/uNafb/full/^300,/0/default.jpg",,1,1
4713,4713,"https://iiif.micr.io/TWufO/full/^300,/0/default.jpg",,1,1
4714,4714,"https://iiif.micr.io/Zhdds/full/^300,/0/default.jpg",,1,1
4715,4715,"https://iiif.micr.io/JdLif/full/^300,/0/default.jpg",,1,1
4716,4716,"https://iiif.micr.io/PONJv/full/^300,/0/default.jpg",,1,1
4717,4717,"https://iiif.micr.io/pOzhY/full/^300,/0/default.jpg",,1,1
4718,4718,"https://iiif.micr.io/rhRXx/full/^300,/0/default.jpg",,1,1
4719,4719,"https://iiif.micr.io/wgMJU/full/^300,/0/default.jpg",,1,1
4720,4720,"https://iiif.micr.io/BDoQj/full/^300,/0/default.jpg",,1,1
4721,4721,"https://iiif.micr.io/tItor/full/^300,/0/default.jpg",,1,1
4722,4722,"https://iiif.micr.io/ZhwsJ/full/^300,/0/default.jpg",,1,1
4723,4723,"https://iiif.micr.io/CSzmY/full/^300,/0/default.jpg",,1,1
4724,4724,"https://iiif.micr.io/jSUex/full/^300,/0/default.jpg",,1,1
4725,4725,"https://iiif.micr.io/XvrVz/full/^300,/0/default.jpg",,1,1
4726,4726,"https://iiif.micr.io/szhMO/full/^300,/0/default.jpg",,1,1
4727,4727,"https://iiif.micr.io/MkDIT/full/^300,/0/default.jpg",,1,1
4728,4728,"https://iiif.micr.io/evCfO/full/^300,/0/default.jpg",,1,1
4729,4729,"https://iiif.micr.io/wuWkO/full/^300,/0/default.jpg",,1,1
4730,4730,"https://iiif.micr.io/MNyzd/full/^300,/0/default.jpg",,1,1
4731,4731,"https://iiif.micr.io/vZzTb/full/^300,/0/default.jpg",,1,1
4732,4732,"https://iiif.micr.io/Rjlir/full/^300,/0/default.jpg",,1,1
4733,4733,"https://iiif.micr.io/yfusF/full/^300,/0/default.jpg",,1,1
4734,4734,"https://iiif.micr.io/IiwPN/full/^300,/0/default.jpg",,1,1
4735,4735,"https://iiif.micr.io/desvX/full/^300,/0/default.jpg",,1,1
4736,4736,"https://iiif.micr.io/Ehdpe/full/^300,/0/default.jpg",,1,1
4737,4737,"https://iiif.micr.io/ZlJZu/full/^300,/0/default.jpg",,1,1
4738,4738,"https://iiif.micr.io/PLsAc/full/^300,/0/default.jpg",,1,1
4739,4739,"https://iiif.micr.io/itxMS/full/^300,/0/default.jpg",,1,1
4740,4740,"https://iiif.micr.io/HjSWv/full/^300,/0/default.jpg",,1,1
4741,4741,"https://iiif.micr.io/JSadx/full/^300,/0/default.jpg",,1,1
4742,4742,"https://iiif.micr.io/TwxED/full/^300,/0/default.jpg",,1,1
4743,4743,"https://iiif.micr.io/UbWBT/full/^300,/0/default.jpg",,1,1
4744,4744,"https://iiif.micr.io/KFxnj/full/^300,/0/default.jpg",,1,1
4745,4745,"https://iiif.micr.io/ARgkz/full/^300,/0/default.jpg",,1,1
4746,4746,"https://iiif.micr.io/TGvnH/full/^300,/0/default.jpg",,1,1
4747,4747,"https://iiif.micr.io/XzjBB/full/^300,/0/default.jpg",,1,1
4748,4748,"https://iiif.micr.io/sqJCU/full/^300,/0/default.jpg",,1,1
4749,4749,"https://iiif.micr.io/NaMIB/full/^300,/0/default.jpg",,1,1
4750,4750,"https://iiif.micr.io/tgxFQ/full/^300,/0/default.jpg",,1,1
4751,4751,"https://iiif.micr.io/ztJfi/full/^300,/0/default.jpg",,1,1
4752,4752,"https://iiif.micr.io/ABBII/full/^300,/0/default.jpg",,1,1
4753,4753,"https://iiif.micr.io/OMCUl/full/^300,/0/default.jpg",,1,1
4754,4754,"https://iiif.micr.io/Ggklz/full/^300,/0/default.jpg",,1,1
4755,4755,"https://iiif.micr.io/FyClx/full/^300,/0/default.jpg",,1,1
4756,4756,"https://iiif.micr.io/rtkiU/full/^300,/0/default.jpg",,1,1
4757,4757,"https://iiif.micr.io/VsZQG/full/^300,/0/default.jpg",,1,1
4758,4758,"https://iiif.micr.io/CuUSC/full/^300,/0/default.jpg",,1,1
4759,4759,"https://iiif.micr.io/XZzte/full/^300,/0/default.jpg",,1,1
4760,4760,"https://iiif.micr.io/KLhBZ/full/^300,/0/default.jpg",,1,1
4761,4761,"https://iiif.micr.io/EwWaB/full/^300,/0/default.jpg",,1,1
4762,4762,"https://iiif.micr.io/humkc/full/^300,/0/default.jpg",,1,1
4763,4763,"https://iiif.micr.io/hJuuj/full/^300,/0/default.jpg",,1,1
4764,4764,"https://iiif.micr.io/EtjMo/full/^300,/0/default.jpg",,1,1
4765,4765,"https://iiif.micr.io/mfjiP/full/^300,/0/default.jpg",,1,1
4766,4766,"https://iiif.micr.io/TAbEA/full/^300,/0/default.jpg",,1,1
4767,4767,"https://iiif.micr.io/sJmAz/full/^300,/0/default.jpg",,1,1
4768,4768,"https://iiif.micr.io/RNURX/full/^300,/0/default.jpg",,1,1
4769,4769,"https://iiif.micr.io/UagPn/full/^300,/0/default.jpg",,1,1
4770,4770,"https://iiif.micr.io/lngOk/full/^300,/0/default.jpg",,1,1
4771,4771,"https://iiif.micr.io/cbgoD/full/^300,/0/default.jpg",,1,1
4772,4772,"https://iiif.micr.io/usimn/full/^300,/0/default.jpg",,1,1
4773,4773,"https://iiif.micr.io/uVPrR/full/^300,/0/default.jpg",,1,1
4774,4774,"https://iiif.micr.io/CVrBX/full/^300,/0/default.jpg",,1,1
4775,4775,"https://iiif.micr.io/lfuwq/full/^300,/0/default.jpg",,1,1
4776,4776,"https://iiif.micr.io/wacSN/full/^300,/0/default.jpg",,1,1
4777,4777,"https://iiif.micr.io/VlTrR/full/^300,/0/default.jpg",,1,1
4778,4778,"https://iiif.micr.io/eAAJh/full/^300,/0/default.jpg",,1,1
4779,4779,"https://iiif.micr.io/UZAkW/full/^300,/0/default.jpg",,1,1
4780,4780,"https://iiif.micr.io/CkDXV/full/^300,/0/default.jpg",,1,1
4781,4781,"https://iiif.micr.io/pnxsj/full/^300,/0/default.jpg",,1,1
4782,4782,"https://iiif.micr.io/WKeGL/full/^300,/0/default.jpg",,1,1
4783,4783,"https://iiif.micr.io/zSiNo/full/^300,/0/default.jpg",,1,1
4784,4784,"https://iiif.micr.io/OixQS/full/^300,/0/default.jpg",,1,1
4785,4785,"https://iiif.micr.io/zcIgf/full/^300,/0/default.jpg",,1,1
4786,4786,"https://iiif.micr.io/uJgiU/full/^300,/0/default.jpg",,1,1
4787,4787,"https://iiif.micr.io/oinGN/full/^300,/0/default.jpg",,1,1
4788,4788,"https://iiif.micr.io/ZBsHN/full/^300,/0/default.jpg",,1,1
4789,4789,"https://iiif.micr.io/LlgER/full/^300,/0/default.jpg",,1,1
4790,4790,"https://iiif.micr.io/nijmJ/full/^300,/0/default.jpg",,1,1
4791,4791,"https://iiif.micr.io/YxJuD/full/^300,/0/default.jpg",,1,1
4792,4792,"https://iiif.micr.io/bmngZ/full/^300,/0/default.jpg",,1,1
4793,4793,"https://iiif.micr.io/AvzXz/full/^300,/0/default.jpg",,1,1
4794,4794,"https://iiif.micr.io/paMQn/full/^300,/0/default.jpg",,1,1
4795,4795,"https://iiif.micr.io/CVtHr/full/^300,/0/default.jpg",,1,1
4796,4796,"https://iiif.micr.io/eAsBW/full/^300,/0/default.jpg",,1,1
4797,4797,"https://iiif.micr.io/vLzMV/full/^300,/0/default.jpg",,1,1
4798,4798,"https://iiif.micr.io/EEbmN/full/^300,/0/default.jpg",,1,1
4799,4799,"https://iiif.micr.io/icAUt/full/^300,/0/default.jpg",,1,1
4800,4800,"https://iiif.micr.io/Bscjc/full/^300,/0/default.jpg",,1,1
4801,4801,"https://iiif.micr.io/DmdxI/full/^300,/0/default.jpg",,1,1
4802,4802,"https://iiif.micr.io/ZrZTt/full/^300,/0/default.jpg",,1,1
4803,4803,"https://iiif.micr.io/VVPUB/full/^300,/0/default.jpg",,1,1
4804,4804,"https://iiif.micr.io/FJNsK/full/^300,/0/default.jpg",,1,1
4805,4805,"https://iiif.micr.io/TEfMj/full/^300,/0/default.jpg",,1,1
4806,4806,"https://iiif.micr.io/WpXEY/full/^300,/0/default.jpg",,1,1
4807,4807,"https://iiif.micr.io/xdPZr/full/^300,/0/default.jpg",,1,1
4808,4808,"https://iiif.micr.io/PaKby/full/^300,/0/default.jpg",,1,1
4809,4809,"https://iiif.micr.io/wkgcQ/full/^300,/0/default.jpg",,1,1
4810,4810,"https://iiif.micr.io/rbciy/full/^300,/0/default.jpg",,1,1
4811,4811,"https://iiif.micr.io/oUHAX/full/^300,/0/default.jpg",,1,1
4812,4812,"https://iiif.micr.io/JUoSw/full/^300,/0/default.jpg",,1,1
4813,4813,"https://iiif.micr.io/VYabw/full/^300,/0/default.jpg",,1,1
4814,4814,"https://iiif.micr.io/VQiie/full/^300,/0/default.jpg",,1,1
4815,4815,"https://iiif.micr.io/WPKQr/full/^300,/0/default.jpg",,1,1
4816,4816,"https://iiif.micr.io/SeQSy/full/^300,/0/default.jpg",,1,1
4817,4817,"https://iiif.micr.io/pEsgW/full/^300,/0/default.jpg",,1,1
4818,4818,"https://iiif.micr.io/gGziB/full/^300,/0/default.jpg",,1,1
4819,4819,"https://iiif.micr.io/HNmaV/full/^300,/0/default.jpg",,1,1
4820,4820,"https://iiif.micr.io/jzXYy/full/^300,/0/default.jpg",,1,1
4821,4821,"https://iiif.micr.io/mPusq/full/^300,/0/default.jpg",,1,1
4822,4822,"https://iiif.micr.io/bVnAh/full/^300,/0/default.jpg",,1,1
4823,4823,"https://iiif.micr.io/GRFZW/full/^300,/0/default.jpg",,1,1
4824,4824,"https://iiif.micr.io/ROvJN/full/^300,/0/default.jpg",,1,1
4825,4825,"https://iiif.micr.io/PIxNw/full/^300,/0/default.jpg",,1,1
4826,4826,"https://iiif.micr.io/Bkuqj/full/^300,/0/default.jpg",,1,1
4827,4827,"https://iiif.micr.io/gBkvK/full/^300,/0/default.jpg",,1,1
4828,4828,"https://iiif.micr.io/vZUlB/full/^300,/0/default.jpg",,1,1
4829,4829,"https://iiif.micr.io/iIvuU/full/^300,/0/default.jpg",,1,1
4830,4830,"https://iiif.micr.io/IDSkq/full/^300,/0/default.jpg",,1,1
4831,4831,"https://iiif.micr.io/irTYM/full/^300,/0/default.jpg",,1,1
4832,4832,"https://iiif.micr.io/GuBEI/full/^300,/0/default.jpg",,1,1
4833,4833,"https://iiif.micr.io/tFlGT/full/^300,/0/default.jpg",,1,1
4834,4834,"https://iiif.micr.io/dHQPG/full/^300,/0/default.jpg",,1,1
4835,4835,"https://iiif.micr.io/Rufuy/full/^300,/0/default.jpg",,1,1
4836,4836,"https://iiif.micr.io/zSPTC/full/^300,/0/default.jpg",,1,1
4837,4837,"https://iiif.micr.io/fRgpD/full/^300,/0/default.jpg",,1,1
4838,4838,"https://iiif.micr.io/xKLEs/full/^300,/0/default.jpg",,1,1
4839,4839,"https://iiif.micr.io/IprDQ/full/^300,/0/default.jpg",,1,1
4840,4840,"https://iiif.micr.io/FVZjg/full/^300,/0/default.jpg",,1,1
4841,4841,"https://iiif.micr.io/Dqmep/full/^300,/0/default.jpg",,1,1
4842,4842,"https://iiif.micr.io/cFGiU/full/^300,/0/default.jpg",,1,1
4843,4843,"https://iiif.micr.io/HQXvO/full/^300,/0/default.jpg",,1,1
4844,4844,"https://iiif.micr.io/HQpRC/full/^300,/0/default.jpg",,1,1
4845,4845,"https://iiif.micr.io/epKrP/full/^300,/0/default.jpg",,1,1
4846,4846,"https://iiif.micr.io/WiNKB/full/^300,/0/default.jpg",,1,1
4847,4847,"https://iiif.micr.io/oWuIC/full/^300,/0/default.jpg",,1,1
4848,4848,"https://iiif.micr.io/FHJey/full/^300,/0/default.jpg",,1,1
4849,4849,"https://iiif.micr.io/VCtuW/full/^300,/0/default.jpg",,1,1
4850,4850,"https://iiif.micr.io/dHOPO/full/^300,/0/default.jpg",,1,1
4851,4851,"https://iiif.micr.io/AVjRM/full/^300,/0/default.jpg",,1,1
4852,4852,"https://iiif.micr.io/uSxIu/full/^300,/0/default.jpg",,1,1
4853,4853,"https://iiif.micr.io/EgtHA/full/^300,/0/default.jpg",,1,1
4854,4854,"https://iiif.micr.io/CcUbs/full/^300,/0/default.jpg",,1,1
4855,4855,"https://iiif.micr.io/hxEVA/full/^300,/0/default.jpg",,1,1
4856,4856,"https://iiif.micr.io/GewKm/full/^300,/0/default.jpg",,1,1
4857,4857,"https://iiif.micr.io/hidPG/full/^300,/0/default.jpg",,1,1
4858,4858,"https://iiif.micr.io/FDVLP/full/^300,/0/default.jpg",,1,1
4859,4859,"https://iiif.micr.io/BYnbX/full/^300,/0/default.jpg",,1,1
4860,4860,"https://iiif.micr.io/lcJDO/full/^300,/0/default.jpg",,1,1
4861,4861,"https://iiif.micr.io/vFZgx/full/^300,/0/default.jpg",,1,1
4862,4862,"https://iiif.micr.io/yxCjx/full/^300,/0/default.jpg",,1,1
4863,4863,"https://iiif.micr.io/ppzyA/full/^300,/0/default.jpg",,1,1
4864,4864,"https://iiif.micr.io/CpVwm/full/^300,/0/default.jpg",,1,1
4865,4865,"https://iiif.micr.io/UvKWH/full/^300,/0/default.jpg",,1,1
4866,4866,"https://iiif.micr.io/eJVyi/full/^300,/0/default.jpg",,1,1
4867,4867,"https://iiif.micr.io/Pauuh/full/^300,/0/default.jpg",,1,1
4868,4868,"https://iiif.micr.io/wLpQO/full/^300,/0/default.jpg",,1,1
4869,4869,"https://iiif.micr.io/KIJgG/full/^300,/0/default.jpg",,1,1
4870,4870,"https://iiif.micr.io/hAmFI/full/^300,/0/default.jpg",,1,1
4871,4871,"https://iiif.micr.io/fwkOS/full/^300,/0/default.jpg",,1,1
4872,4872,"https://iiif.micr.io/YzDJS/full/^300,/0/default.jpg",,1,1
4873,4873,"https://iiif.micr.io/CvPdL/full/^300,/0/default.jpg",,1,1
4874,4874,"https://iiif.micr.io/QVcSa/full/^300,/0/default.jpg",,1,1
4875,4875,"https://iiif.micr.io/aEbIX/full/^300,/0/default.jpg",,1,1
4876,4876,"https://iiif.micr.io/PhVcJ/full/^300,/0/default.jpg",,1,1
4877,4877,"https://iiif.micr.io/QdAIz/full/^300,/0/default.jpg",,1,1
4878,4878,"https://iiif.micr.io/GeMcl/full/^300,/0/default.jpg",,1,1
4879,4879,"https://iiif.micr.io/BLDQC/full/^300,/0/default.jpg",,1,1
4880,4880,"https://iiif.micr.io/sxmUU/full/^300,/0/default.jpg",,1,1
4881,4881,"https://iiif.micr.io/YxVFn/full/^300,/0/default.jpg",,1,1
4882,4882,"https://iiif.micr.io/ZAnzY/full/^300,/0/default.jpg",,1,1
4883,4883,"https://iiif.micr.io/IAhEH/full/^300,/0/default.jpg",,1,1
4884,4884,"https://iiif.micr.io/coZIx/full/^300,/0/default.jpg",,1,1
4885,4885,"https://iiif.micr.io/AxCUe/full/^300,/0/default.jpg",,1,1
4886,4886,"https://iiif.micr.io/Epsso/full/^300,/0/default.jpg",,1,1
4887,4887,"https://iiif.micr.io/XsfPX/full/^300,/0/default.jpg",,1,1
4888,4888,"https://iiif.micr.io/ORQbJ/full/^300,/0/default.jpg",,1,1
4889,4889,"https://iiif.micr.io/xgskP/full/^300,/0/default.jpg",,1,1
4890,4890,"https://iiif.micr.io/UdykC/full/^300,/0/default.jpg",,1,1
4891,4891,"https://iiif.micr.io/nWVWZ/full/^300,/0/default.jpg",,1,1
4892,4892,"https://iiif.micr.io/Piggs/full/^300,/0/default.jpg",,1,1
4893,4893,"https://iiif.micr.io/ioOrf/full/^300,/0/default.jpg",,1,1
4894,4894,"https://iiif.micr.io/AXgjZ/full/^300,/0/default.jpg",,1,1
4895,4895,"https://iiif.micr.io/UdTXq/full/^300,/0/default.jpg",,1,1
4896,4896,"https://iiif.micr.io/uABCW/full/^300,/0/default.jpg",,1,1
4897,4897,"https://iiif.micr.io/Dtjcz/full/^300,/0/default.jpg",,1,1
4898,4898,"https://iiif.micr.io/qenNf/full/^300,/0/default.jpg",,1,1
4899,4899,"https://iiif.micr.io/GjQfa/full/^300,/0/default.jpg",,1,1
4900,4900,"https://iiif.micr.io/ANfal/full/^300,/0/default.jpg",,1,1
4901,4901,"https://iiif.micr.io/YZzTh/full/^300,/0/default.jpg",,1,1
4902,4902,"https://iiif.micr.io/atVlj/full/^300,/0/default.jpg",,1,1
4903,4903,"https://iiif.micr.io/NTeuW/full/^300,/0/default.jpg",,1,1
4904,4904,"https://iiif.micr.io/mqdPI/full/^300,/0/default.jpg",,1,1
4905,4905,"https://iiif.micr.io/yISbQ/full/^300,/0/default.jpg",,1,1
4906,4906,"https://iiif.micr.io/tyZDb/full/^300,/0/default.jpg",,1,1
4907,4907,"https://iiif.micr.io/FJhad/full/^300,/0/default.jpg",,1,1
4908,4908,"https://iiif.micr.io/OVvWI/full/^300,/0/default.jpg",,1,1
4909,4909,"https://iiif.micr.io/CCBdM/full/^300,/0/default.jpg",,1,1
4910,4910,"https://iiif.micr.io/gnvBS/full/^300,/0/default.jpg",,1,1
4911,4911,"https://iiif.micr.io/mxtZR/full/^300,/0/default.jpg",,1,1
4912,4912,"https://iiif.micr.io/CFxUD/full/^300,/0/default.jpg",,1,1
4913,4913,"https://iiif.micr.io/gYeSH/full/^300,/0/default.jpg",,1,1
4914,4914,"https://iiif.micr.io/XVHRZ/full/^300,/0/default.jpg",,1,1
4915,4915,"https://iiif.micr.io/JwHoH/full/^300,/0/default.jpg",,1,1
4916,4916,"https://iiif.micr.io/RstBR/full/^300,/0/default.jpg",,1,1
4917,4917,"https://iiif.micr.io/DrOpE/full/^300,/0/default.jpg",,1,1
4918,4918,"https://iiif.micr.io/wEJnz/full/^300,/0/default.jpg",,1,1
4919,4919,"https://iiif.micr.io/mbsZL/full/^300,/0/default.jpg",,1,1
4920,4920,"https://iiif.micr.io/QvuRv/full/^300,/0/default.jpg",,1,1
4921,4921,"https://iiif.micr.io/SZHOp/full/^300,/0/default.jpg",,1,1
4922,4922,"https://iiif.micr.io/KIYnF/full/^300,/0/default.jpg",,1,1
4923,4923,"https://iiif.micr.io/eIkiA/full/^300,/0/default.jpg",,1,1
4924,4924,"https://iiif.micr.io/ziHtY/full/^300,/0/default.jpg",,1,1
4925,4925,"https://iiif.micr.io/wVIVO/full/^300,/0/default.jpg",,1,1
4926,4926,"https://iiif.micr.io/gWvub/full/^300,/0/default.jpg",,1,1
4927,4927,"https://iiif.micr.io/jBQNx/full/^300,/0/default.jpg",,1,1
4928,4928,"https://iiif.micr.io/cUiwb/full/^300,/0/default.jpg",,1,1
4929,4929,"https://iiif.micr.io/csndq/full/^300,/0/default.jpg",,1,1
4930,4930,"https://iiif.micr.io/lYIAs/full/^300,/0/default.jpg",,1,1
4931,4931,"https://iiif.micr.io/kiFoq/full/^300,/0/default.jpg",,1,1
4932,4932,"https://iiif.micr.io/CCeAF/full/^300,/0/default.jpg",,1,1
4933,4933,"https://iiif.micr.io/adOxx/full/^300,/0/default.jpg",,1,1
4934,4934,"https://iiif.micr.io/wCtTT/full/^300,/0/default.jpg",,1,1
4935,4935,"https://iiif.micr.io/bFEbh/full/^300,/0/default.jpg",,1,1
4936,4936,"https://iiif.micr.io/fLiZZ/full/^300,/0/default.jpg",,1,1
4937,4937,"https://iiif.micr.io/PMSpB/full/^300,/0/default.jpg",,1,1
4938,4938,"https://iiif.micr.io/EjdKj/full/^300,/0/default.jpg",,1,1
4939,4939,"https://iiif.micr.io/wrAVO/full/^300,/0/default.jpg",,1,1
4940,4940,"https://iiif.micr.io/JOVvw/full/^300,/0/default.jpg",,1,1
4941,4941,"https://iiif.micr.io/Xignc/full/^300,/0/default.jpg",,1,1
4942,4942,"https://iiif.micr.io/ukEDE/full/^300,/0/default.jpg",,1,1
4943,4943,"https://iiif.micr.io/OeICT/full/^300,/0/default.jpg",,1,1
4944,4944,"https://iiif.micr.io/kyrRZ/full/^300,/0/default.jpg",,1,1
4945,4945,"https://iiif.micr.io/rpNLN/full/^300,/0/default.jpg",,1,1
4946,4946,"https://iiif.micr.io/JJZvw/full/^300,/0/default.jpg",,1,1
4947,4947,"https://iiif.micr.io/vjwkx/full/^300,/0/default.jpg",,1,1
4948,4948,"https://iiif.micr.io/gBlTH/full/^300,/0/default.jpg",,1,1
4949,4949,"https://iiif.micr.io/cVNMc/full/^300,/0/default.jpg",,1,1
4950,4950,"https://iiif.micr.io/edrMc/full/^300,/0/default.jpg",,1,1
4951,4951,"https://iiif.micr.io/qfJkt/full/^300,/0/default.jpg",,1,1
4952,4952,"https://iiif.micr.io/yvUbR/full/^300,/0/default.jpg",,1,1
4953,4953,"https://iiif.micr.io/JHYnN/full/^300,/0/default.jpg",,1,1
4954,4954,"https://iiif.micr.io/uJnKo/full/^300,/0/default.jpg",,1,1
4955,4955,"https://iiif.micr.io/Dgdeb/full/^300,/0/default.jpg",,1,1
4956,4956,"https://iiif.micr.io/qqHfn/full/^300,/0/default.jpg",,1,1
4957,4957,"https://iiif.micr.io/miBqw/full/^300,/0/default.jpg",,1,1
4958,4958,"https://iiif.micr.io/WTikr/full/^300,/0/default.jpg",,1,1
4959,4959,"https://iiif.micr.io/xqxRx/full/^300,/0/default.jpg",,1,1
4960,4960,"https://iiif.micr.io/oAEHB/full/^300,/0/default.jpg",,1,1
4961,4961,"https://iiif.micr.io/CKchC/full/^300,/0/default.jpg",,1,1
4962,4962,"https://iiif.micr.io/DYztF/full/^300,/0/default.jpg",,1,1
4963,4963,"https://iiif.micr.io/bMBKw/full/^300,/0/default.jpg",,1,1
4964,4964,"https://iiif.micr.io/TseKF/full/^300,/0/default.jpg",,1,1
4965,4965,"https://iiif.micr.io/MpxCW/full/^300,/0/default.jpg",,1,1
4966,4966,"https://iiif.micr.io/NVhHa/full/^300,/0/default.jpg",,1,1
4967,4967,"https://iiif.micr.io/wLDeO/full/^300,/0/default.jpg",,1,1
4968,4968,"https://iiif.micr.io/GsAwq/full/^300,/0/default.jpg",,1,1
4969,4969,"https://iiif.micr.io/FHZvl/full/^300,/0/default.jpg",,1,1
4970,4970,"https://iiif.micr.io/FRdSQ/full/^300,/0/default.jpg",,1,1
4971,4971,"https://iiif.micr.io/aaixg/full/^300,/0/default.jpg",,1,1
4972,4972,"https://iiif.micr.io/XXRIP/full/^300,/0/default.jpg",,1,1
4973,4973,"https://iiif.micr.io/boQCu/full/^300,/0/default.jpg",,1,1
4974,4974,"https://iiif.micr.io/DVAGx/full/^300,/0/default.jpg",,1,1
4975,4975,"https://iiif.micr.io/MMpRO/full/^300,/0/default.jpg",,1,1
4976,4976,"https://iiif.micr.io/LUzIa/full/^300,/0/default.jpg",,1,1
4977,4977,"https://iiif.micr.io/DVzsh/full/^300,/0/default.jpg",,1,1
4978,4978,"https://iiif.micr.io/zryFQ/full/^300,/0/default.jpg",,1,1
4979,4979,"https://iiif.micr.io/lDEaK/full/^300,/0/default.jpg",,1,1
4980,4980,"https://iiif.micr.io/OBeSS/full/^300,/0/default.jpg",,1,1
4981,4981,"https://iiif.micr.io/uegaw/full/^300,/0/default.jpg",,1,1
4982,4982,"https://iiif.micr.io/eyApv/full/^300,/0/default.jpg",,1,1
4983,4983,"https://iiif.micr.io/uUhGX/full/^300,/0/default.jpg",,1,1
4984,4984,"https://iiif.micr.io/sOdvz/full/^300,/0/default.jpg",,1,1
4985,4985,"https://iiif.micr.io/CUiKU/full/^300,/0/default.jpg",,1,1
4986,4986,"https://iiif.micr.io/AIevn/full/^300,/0/default.jpg",,1,1
4987,4987,"https://iiif.micr.io/NNFDI/full/^300,/0/default.jpg",,1,1
4988,4988,"https://iiif.micr.io/ACkbM/full/^300,/0/default.jpg",,1,1
4989,4989,"https://iiif.micr.io/cRiAt/full/^300,/0/default.jpg",,1,1
4990,4990,"https://iiif.micr.io/sVUJZ/full/^300,/0/default.jpg",,1,1
4991,4991,"https://iiif.micr.io/wyEMW/full/^300,/0/default.jpg",,1,1
4992,4992,"https://iiif.micr.io/nDUbF/full/^300,/0/default.jpg",,1,1
4993,4993,"https://iiif.micr.io/CSZKe/full/^300,/0/default.jpg",,1,1
4994,4994,"https://iiif.micr.io/MnOMZ/full/^300,/0/default.jpg",,1,1
4995,4995,"https://iiif.micr.io/ydeuZ/full/^300,/0/default.jpg",,1,1
4996,4996,"https://iiif.micr.io/TNXlN/full/^300,/0/default.jpg",,1,1
4997,4997,"https://iiif.micr.io/xgtgf/full/^300,/0/default.jpg",,1,1
4998,4998,"https://iiif.micr.io/URDqR/full/^300,/0/default.jpg",,1,1
4999,4999,"https://iiif.micr.io/FbzUK/full/^300,/0/default.jpg",,1,1
5000,5000,"https://iiif.micr.io/QDVAO/full/^300,/0/default.jpg",,1,1
5001,5001,"https://iiif.micr.io/CjrkV/full/^300,/0/default.jpg",,1,1
5002,5002,"https://iiif.micr.io/yIrzz/full/^300,/0/default.jpg",,1,1
5003,5003,"https://iiif.micr.io/TyYyX/full/^300,/0/default.jpg",,1,1
5004,5004,"https://iiif.micr.io/cnqdm/full/^300,/0/default.jpg",,1,1
5005,5005,"https://iiif.micr.io/qeHvN/full/^300,/0/default.jpg",,1,1
5006,5006,"https://iiif.micr.io/ZGEdh/full/^300,/0/default.jpg",,1,1
5007,5007,"https://iiif.micr.io/ZMgIe/full/^300,/0/default.jpg",,1,1
5008,5008,"https://iiif.micr.io/KvYSv/full/^300,/0/default.jpg",,1,1
5009,5009,"https://iiif.micr.io/sftVU/full/^300,/0/default.jpg",,1,1
5010,5010,"https://iiif.micr.io/zeHwJ/full/^300,/0/default.jpg",,1,1
5011,5011,"https://iiif.micr.io/iaoYf/full/^300,/0/default.jpg",,1,1
5012,5012,"https://iiif.micr.io/gIzAd/full/^300,/0/default.jpg",,1,1
5013,5013,"https://iiif.micr.io/vbfrK/full/^300,/0/default.jpg",,1,1
5014,5014,"https://iiif.micr.io/puFIQ/full/^300,/0/default.jpg",,1,1
5015,5015,"https://iiif.micr.io/qJxZK/full/^300,/0/default.jpg",,1,1
5016,5016,"https://iiif.micr.io/MYUMk/full/^300,/0/default.jpg",,1,1
5017,5017,"https://iiif.micr.io/Mgint/full/^300,/0/default.jpg",,1,1
5018,5018,"https://iiif.micr.io/Pwvlz/full/^300,/0/default.jpg",,1,1
5019,5019,"https://iiif.micr.io/vAuxZ/full/^300,/0/default.jpg",,1,1
5020,5020,"https://iiif.micr.io/WITSy/full/^300,/0/default.jpg",,1,1
5021,5021,"https://iiif.micr.io/lgpvu/full/^300,/0/default.jpg",,1,1
5022,5022,"https://iiif.micr.io/LFdaI/full/^300,/0/default.jpg",,1,1
5023,5023,"https://iiif.micr.io/qwtBc/full/^300,/0/default.jpg",,1,1
5024,5024,"https://iiif.micr.io/pLkXu/full/^300,/0/default.jpg",,1,1
5025,5025,"https://iiif.micr.io/MHvIh/full/^300,/0/default.jpg",,1,1
5026,5026,"https://iiif.micr.io/HpjCF/full/^300,/0/default.jpg",,1,1
5027,5027,"https://iiif.micr.io/qklzv/full/^300,/0/default.jpg",,1,1
5028,5028,"https://iiif.micr.io/HpDvJ/full/^300,/0/default.jpg",,1,1
5029,5029,"https://iiif.micr.io/laKiO/full/^300,/0/default.jpg",,1,1
5030,5030,"https://iiif.micr.io/WOKpD/full/^300,/0/default.jpg",,1,1
5031,5031,"https://iiif.micr.io/WCbCp/full/^300,/0/default.jpg",,1,1
5032,5032,"https://iiif.micr.io/UkeEu/full/^300,/0/default.jpg",,1,1
5033,5033,"https://iiif.micr.io/CrpOE/full/^300,/0/default.jpg",,1,1
5034,5034,"https://iiif.micr.io/vwnXp/full/^300,/0/default.jpg",,1,1
5035,5035,"https://iiif.micr.io/LXBUx/full/^300,/0/default.jpg",,1,1
5036,5036,"https://iiif.micr.io/RCpOZ/full/^300,/0/default.jpg",,1,1
5037,5037,"https://iiif.micr.io/fcazs/full/^300,/0/default.jpg",,1,1
5038,5038,"https://iiif.micr.io/bJyti/full/^300,/0/default.jpg",,1,1
5039,5039,"https://iiif.micr.io/oGPej/full/^300,/0/default.jpg",,1,1
5040,5040,"https://iiif.micr.io/niSQw/full/^300,/0/default.jpg",,1,1
5041,5041,"https://iiif.micr.io/AyMvJ/full/^300,/0/default.jpg",,1,1
5042,5042,"https://iiif.micr.io/EdkND/full/^300,/0/default.jpg",,1,1
5043,5043,"https://iiif.micr.io/EANLe/full/^300,/0/default.jpg",,1,1
5044,5044,"https://iiif.micr.io/RCLNj/full/^300,/0/default.jpg",,1,1
5045,5045,"https://iiif.micr.io/ovAYO/full/^300,/0/default.jpg",,1,1
5046,5046,"https://iiif.micr.io/ISamR/full/^300,/0/default.jpg",,1,1
5047,5047,"https://iiif.micr.io/QaYid/full/^300,/0/default.jpg",,1,1
5048,5048,"https://iiif.micr.io/ngZsa/full/^300,/0/default.jpg",,1,1
5049,5049,"https://iiif.micr.io/UASyb/full/^300,/0/default.jpg",,1,1
5050,5050,"https://iiif.micr.io/iiFnn/full/^300,/0/default.jpg",,1,1
5051,5051,"https://iiif.micr.io/pCieI/full/^300,/0/default.jpg",,1,1
5052,5052,"https://iiif.micr.io/VoAYP/full/^300,/0/default.jpg",,1,1
5053,5053,"https://iiif.micr.io/znYmR/full/^300,/0/default.jpg",,1,1
5054,5054,"https://iiif.micr.io/sZIti/full/^300,/0/default.jpg",,1,1
5055,5055,"https://iiif.micr.io/WHvoQ/full/^300,/0/default.jpg",,1,1
5056,5056,"https://iiif.micr.io/EFmGC/full/^300,/0/default.jpg",,1,1
5057,5057,"https://iiif.micr.io/LBKMC/full/^300,/0/default.jpg",,1,1
5058,5058,"https://iiif.micr.io/bAbLo/full/^300,/0/default.jpg",,1,1
5059,5059,"https://iiif.micr.io/xEOAd/full/^300,/0/default.jpg",,1,1
5060,5060,"https://iiif.micr.io/GhWfU/full/^300,/0/default.jpg",,1,1
5061,5061,"https://iiif.micr.io/mSjwc/full/^300,/0/default.jpg",,1,1
5062,5062,"https://iiif.micr.io/uOnhL/full/^300,/0/default.jpg",,1,1
5063,5063,"https://iiif.micr.io/DjFwO/full/^300,/0/default.jpg",,1,1
5064,5064,"https://iiif.micr.io/CTHqB/full/^300,/0/default.jpg",,1,1
5065,5065,"https://iiif.micr.io/BYmyD/full/^300,/0/default.jpg",,1,1
5066,5066,"https://iiif.micr.io/MiXDM/full/^300,/0/default.jpg",,1,1
5067,5067,"https://iiif.micr.io/ecKmX/full/^300,/0/default.jpg",,1,1
5068,5068,"https://iiif.micr.io/jwQnd/full/^300,/0/default.jpg",,1,1
5069,5069,"https://iiif.micr.io/TfVxI/full/^300,/0/default.jpg",,1,1
5070,5070,"https://iiif.micr.io/qjmFE/full/^300,/0/default.jpg",,1,1
5071,5071,"https://iiif.micr.io/VvOMn/full/^300,/0/default.jpg",,1,1
5072,5072,"https://iiif.micr.io/qXnou/full/^300,/0/default.jpg",,1,1
5073,5073,"https://iiif.micr.io/UfAyF/full/^300,/0/default.jpg",,1,1
5074,5074,"https://iiif.micr.io/tQDtx/full/^300,/0/default.jpg",,1,1
5075,5075,"https://iiif.micr.io/bMjlO/full/^300,/0/default.jpg",,1,1
5076,5076,"https://iiif.micr.io/xkjDR/full/^300,/0/default.jpg",,1,1
5077,5077,"https://iiif.micr.io/csuWZ/full/^300,/0/default.jpg",,1,1
5078,5078,"https://iiif.micr.io/GZBoM/full/^300,/0/default.jpg",,1,1
5079,5079,"https://iiif.micr.io/klCuN/full/^300,/0/default.jpg",,1,1
5080,5080,"https://iiif.micr.io/PHlxs/full/^300,/0/default.jpg",,1,1
5081,5081,"https://iiif.micr.io/VZOEZ/full/^300,/0/default.jpg",,1,1
5082,5082,"https://iiif.micr.io/gFHDc/full/^300,/0/default.jpg",,1,1
5083,5083,"https://iiif.micr.io/DCPaS/full/^300,/0/default.jpg",,1,1
5084,5084,"https://iiif.micr.io/wlOCJ/full/^300,/0/default.jpg",,1,1
5085,5085,"https://iiif.micr.io/NcDMM/full/^300,/0/default.jpg",,1,1
5086,5086,"https://iiif.micr.io/SGEqQ/full/^300,/0/default.jpg",,1,1
5087,5087,"https://iiif.micr.io/NgFsL/full/^300,/0/default.jpg",,1,1
5088,5088,"https://iiif.micr.io/wLLPk/full/^300,/0/default.jpg",,1,1
5089,5089,"https://iiif.micr.io/MCveM/full/^300,/0/default.jpg",,1,1
5090,5090,"https://iiif.micr.io/ohcgc/full/^300,/0/default.jpg",,1,1
5091,5091,"https://iiif.micr.io/tDSTD/full/^300,/0/default.jpg",,1,1
5092,5092,"https://iiif.micr.io/aUteB/full/^300,/0/default.jpg",,1,1
5093,5093,"https://iiif.micr.io/mVayP/full/^300,/0/default.jpg",,1,1
5094,5094,"https://iiif.micr.io/XUkmm/full/^300,/0/default.jpg",,1,1
5095,5095,"https://iiif.micr.io/BuRHw/full/^300,/0/default.jpg",,1,1
5096,5096,"https://iiif.micr.io/gTXub/full/^300,/0/default.jpg",,1,1
5097,5097,"https://iiif.micr.io/PxBul/full/^300,/0/default.jpg",,1,1
5098,5098,"https://iiif.micr.io/jLvgH/full/^300,/0/default.jpg",,1,1
5099,5099,"https://iiif.micr.io/wWuTx/full/^300,/0/default.jpg",,1,1
5100,5100,"https://iiif.micr.io/LwwvP/full/^300,/0/default.jpg",,1,1
5101,5101,"https://iiif.micr.io/lxRaE/full/^300,/0/default.jpg",,1,1
5102,5102,"https://iiif.micr.io/WYRRU/full/^300,/0/default.jpg",,1,1
5103,5103,"https://iiif.micr.io/TBTCA/full/^300,/0/default.jpg",,1,1
5104,5104,"https://iiif.micr.io/egXXa/full/^300,/0/default.jpg",,1,1
5105,5105,"https://iiif.micr.io/YMawN/full/^300,/0/default.jpg",,1,1
5106,5106,"https://iiif.micr.io/oJoBx/full/^300,/0/default.jpg",,1,1
5107,5107,"https://iiif.micr.io/eUYsX/full/^300,/0/default.jpg",,1,1
5108,5108,"https://iiif.micr.io/HOtir/full/^300,/0/default.jpg",,1,1
5109,5109,"https://iiif.micr.io/BmZXj/full/^300,/0/default.jpg",,1,1
5110,5110,"https://iiif.micr.io/RaCVf/full/^300,/0/default.jpg",,1,1
5111,5111,"https://iiif.micr.io/exIwJ/full/^300,/0/default.jpg",,1,1
5112,5112,"https://iiif.micr.io/gfVQJ/full/^300,/0/default.jpg",,1,1
5113,5113,"https://iiif.micr.io/HHtbh/full/^300,/0/default.jpg",,1,1
5114,5114,"https://iiif.micr.io/MjGsa/full/^300,/0/default.jpg",,1,1
5115,5115,"https://iiif.micr.io/sxJzE/full/^300,/0/default.jpg",,1,1
5116,5116,"https://iiif.micr.io/vFdes/full/^300,/0/default.jpg",,1,1
5117,5117,"https://iiif.micr.io/QcDAM/full/^300,/0/default.jpg",,1,1
5118,5118,"https://iiif.micr.io/AdOUW/full/^300,/0/default.jpg",,1,1
5119,5119,"https://iiif.micr.io/iLIlX/full/^300,/0/default.jpg",,1,1
5120,5120,"https://iiif.micr.io/TcTsY/full/^300,/0/default.jpg",,1,1
5121,5121,"https://iiif.micr.io/LFFhm/full/^300,/0/default.jpg",,1,1
5122,5122,"https://iiif.micr.io/unQbD/full/^300,/0/default.jpg",,1,1
5123,5123,"https://iiif.micr.io/APOdy/full/^300,/0/default.jpg",,1,1
5124,5124,"https://iiif.micr.io/IVAWv/full/^300,/0/default.jpg",,1,1
5125,5125,"https://iiif.micr.io/vRizg/full/^300,/0/default.jpg",,1,1
5126,5126,"https://iiif.micr.io/Obfkw/full/^300,/0/default.jpg",,1,1
5127,5127,"https://iiif.micr.io/lQsNU/full/^300,/0/default.jpg",,1,1
5128,5128,"https://iiif.micr.io/qDcLY/full/^300,/0/default.jpg",,1,1
5129,5129,"https://iiif.micr.io/qjyjO/full/^300,/0/default.jpg",,1,1
5130,5130,"https://iiif.micr.io/wixEK/full/^300,/0/default.jpg",,1,1
5131,5131,"https://iiif.micr.io/AZvCd/full/^300,/0/default.jpg",,1,1
5132,5132,"https://iiif.micr.io/Bdtke/full/^300,/0/default.jpg",,1,1
5133,5133,"https://iiif.micr.io/LmWkH/full/^300,/0/default.jpg",,1,1
5134,5134,"https://iiif.micr.io/nIhQS/full/^300,/0/default.jpg",,1,1
5135,5135,"https://iiif.micr.io/uwtAE/full/^300,/0/default.jpg",,1,1
5136,5136,"https://iiif.micr.io/TEdOU/full/^300,/0/default.jpg",,1,1
5137,5137,"https://iiif.micr.io/vznth/full/^300,/0/default.jpg",,1,1
5138,5138,"https://iiif.micr.io/roaZa/full/^300,/0/default.jpg",,1,1
5139,5139,"https://iiif.micr.io/hDWhg/full/^300,/0/default.jpg",,1,1
5140,5140,"https://iiif.micr.io/cmPSu/full/^300,/0/default.jpg",,1,1
5141,5141,"https://iiif.micr.io/QtFaD/full/^300,/0/default.jpg",,1,1
5142,5142,"https://iiif.micr.io/NhDSJ/full/^300,/0/default.jpg",,1,1
5143,5143,"https://iiif.micr.io/RATFG/full/^300,/0/default.jpg",,1,1
5144,5144,"https://iiif.micr.io/JeQFZ/full/^300,/0/default.jpg",,1,1
5145,5145,"https://iiif.micr.io/rfBnL/full/^300,/0/default.jpg",,1,1
5146,5146,"https://iiif.micr.io/IiGeH/full/^300,/0/default.jpg",,1,1
5147,5147,"https://iiif.micr.io/RTyMk/full/^300,/0/default.jpg",,1,1
5148,5148,"https://iiif.micr.io/gqdvZ/full/^300,/0/default.jpg",,1,1
5149,5149,"https://iiif.micr.io/mcMse/full/^300,/0/default.jpg",,1,1
5150,5150,"https://iiif.micr.io/bOmCA/full/^300,/0/default.jpg",,1,1
5151,5151,"https://iiif.micr.io/XHvfP/full/^300,/0/default.jpg",,1,1
5152,5152,"https://iiif.micr.io/xsLQm/full/^300,/0/default.jpg",,1,1
5153,5153,"https://iiif.micr.io/sssoM/full/^300,/0/default.jpg",,1,1
5154,5154,"https://iiif.micr.io/xvHkf/full/^300,/0/default.jpg",,1,1
5155,5155,"https://iiif.micr.io/glQYw/full/^300,/0/default.jpg",,1,1
5156,5156,"https://iiif.micr.io/XuHrD/full/^300,/0/default.jpg",,1,1
5157,5157,"https://iiif.micr.io/rKhqZ/full/^300,/0/default.jpg",,1,1
5158,5158,"https://iiif.micr.io/WfexJ/full/^300,/0/default.jpg",,1,1
5159,5159,"https://iiif.micr.io/sFdCw/full/^300,/0/default.jpg",,1,1
5160,5160,"https://iiif.micr.io/WXEKi/full/^300,/0/default.jpg",,1,1
5161,5161,"https://iiif.micr.io/zcCnM/full/^300,/0/default.jpg",,1,1
5162,5162,"https://iiif.micr.io/PdfQl/full/^300,/0/default.jpg",,1,1
5163,5163,"https://iiif.micr.io/JNNDy/full/^300,/0/default.jpg",,1,1
5164,5164,"https://iiif.micr.io/dcpth/full/^300,/0/default.jpg",,1,1
5165,5165,"https://iiif.micr.io/xDQDJ/full/^300,/0/default.jpg",,1,1
5166,5166,"https://iiif.micr.io/OCbLi/full/^300,/0/default.jpg",,1,1
5167,5167,"https://iiif.micr.io/TYVRU/full/^300,/0/default.jpg",,1,1
5168,5168,"https://iiif.micr.io/DSlwa/full/^300,/0/default.jpg",,1,1
5169,5169,"https://iiif.micr.io/jxKTS/full/^300,/0/default.jpg",,1,1
5170,5170,"https://iiif.micr.io/BRLvc/full/^300,/0/default.jpg",,1,1
5171,5171,"https://iiif.micr.io/QMBlP/full/^300,/0/default.jpg",,1,1
5172,5172,"https://iiif.micr.io/wnkuE/full/^300,/0/default.jpg",,1,1
5173,5173,"https://iiif.micr.io/hexeW/full/^300,/0/default.jpg",,1,1
5174,5174,"https://iiif.micr.io/zYbFa/full/^300,/0/default.jpg",,1,1
5175,5175,"https://iiif.micr.io/bnPEZ/full/^300,/0/default.jpg",,1,1
5176,5176,"https://iiif.micr.io/mAWcH/full/^300,/0/default.jpg",,1,1
5177,5177,"https://iiif.micr.io/hMaki/full/^300,/0/default.jpg",,1,1
5178,5178,"https://iiif.micr.io/pPzxe/full/^300,/0/default.jpg",,1,1
5179,5179,"https://iiif.micr.io/RBsGl/full/^300,/0/default.jpg",,1,1
5180,5180,"https://iiif.micr.io/yVuhM/full/^300,/0/default.jpg",,1,1
5181,5181,"https://iiif.micr.io/zWbxI/full/^300,/0/default.jpg",,1,1
5182,5182,"https://iiif.micr.io/eYyxQ/full/^300,/0/default.jpg",,1,1
5183,5183,"https://iiif.micr.io/ZhDoF/full/^300,/0/default.jpg",,1,1
5184,5184,"https://iiif.micr.io/eMyaL/full/^300,/0/default.jpg",,1,1
5185,5185,"https://iiif.micr.io/EGGfd/full/^300,/0/default.jpg",,1,1
5186,5186,"https://iiif.micr.io/rgDWd/full/^300,/0/default.jpg",,1,1
5187,5187,"https://iiif.micr.io/RqTpm/full/^300,/0/default.jpg",,1,1
5188,5188,"https://iiif.micr.io/zGJSa/full/^300,/0/default.jpg",,1,1
5189,5189,"https://iiif.micr.io/Hxukp/full/^300,/0/default.jpg",,1,1
5190,5190,"https://iiif.micr.io/hsgBf/full/^300,/0/default.jpg",,1,1
5191,5191,"https://iiif.micr.io/AGhzc/full/^300,/0/default.jpg",,1,1
5192,5192,"https://iiif.micr.io/XMVFU/full/^300,/0/default.jpg",,1,1
5193,5193,"https://iiif.micr.io/kqtWq/full/^300,/0/default.jpg",,1,1
5194,5194,"https://iiif.micr.io/QwxCz/full/^300,/0/default.jpg",,1,1
5195,5195,"https://iiif.micr.io/yuTKL/full/^300,/0/default.jpg",,1,1
5196,5196,"https://iiif.micr.io/abGHi/full/^300,/0/default.jpg",,1,1
5197,5197,"https://iiif.micr.io/BVowY/full/^300,/0/default.jpg",,1,1
5198,5198,"https://iiif.micr.io/ksmDu/full/^300,/0/default.jpg",,1,1
5199,5199,"https://iiif.micr.io/Ltgwv/full/^300,/0/default.jpg",,1,1
5200,5200,"https://iiif.micr.io/BLhGb/full/^300,/0/default.jpg",,1,1
5201,5201,"https://iiif.micr.io/zkwvR/full/^300,/0/default.jpg",,1,1
5202,5202,"https://iiif.micr.io/ZBYtA/full/^300,/0/default.jpg",,1,1
5203,5203,"https://iiif.micr.io/AbwTw/full/^300,/0/default.jpg",,1,1
5204,5204,"https://iiif.micr.io/ertDb/full/^300,/0/default.jpg",,1,1
5205,5205,"https://iiif.micr.io/YSFiV/full/^300,/0/default.jpg",,1,1
5206,5206,"https://iiif.micr.io/YSxjp/full/^300,/0/default.jpg",,1,1
5207,5207,"https://iiif.micr.io/nbDNy/full/^300,/0/default.jpg",,1,1
5208,5208,"https://iiif.micr.io/MMeso/full/^300,/0/default.jpg",,1,1
5209,5209,"https://iiif.micr.io/NXyKh/full/^300,/0/default.jpg",,1,1
5210,5210,"https://iiif.micr.io/BbppI/full/^300,/0/default.jpg",,1,1
5211,5211,"https://iiif.micr.io/KneCV/full/^300,/0/default.jpg",,1,1
5212,5212,"https://iiif.micr.io/hjyuW/full/^300,/0/default.jpg",,1,1
5213,5213,"https://iiif.micr.io/ZPLCE/full/^300,/0/default.jpg",,1,1
5214,5214,"https://iiif.micr.io/jPKaK/full/^300,/0/default.jpg",,1,1
5215,5215,"https://iiif.micr.io/WwNez/full/^300,/0/default.jpg",,1,1
5216,5216,"https://iiif.micr.io/HZeZf/full/^300,/0/default.jpg",,1,1
5217,5217,"https://iiif.micr.io/CqilQ/full/^300,/0/default.jpg",,1,1
5218,5218,"https://iiif.micr.io/gyjYW/full/^300,/0/default.jpg",,1,1
5219,5219,"https://iiif.micr.io/YObLr/full/^300,/0/default.jpg",,1,1
5220,5220,"https://iiif.micr.io/iOneh/full/^300,/0/default.jpg",,1,1
5221,5221,"https://iiif.micr.io/cvcAw/full/^300,/0/default.jpg",,1,1
5222,5222,"https://iiif.micr.io/ZdiuQ/full/^300,/0/default.jpg",,1,1
5223,5223,"https://iiif.micr.io/cowfg/full/^300,/0/default.jpg",,1,1
5224,5224,"https://iiif.micr.io/qaeTr/full/^300,/0/default.jpg",,1,1
5225,5225,"https://iiif.micr.io/YZUYG/full/^300,/0/default.jpg",,1,1
5226,5226,"https://iiif.micr.io/NklZN/full/^300,/0/default.jpg",,1,1
5227,5227,"https://iiif.micr.io/GvNyd/full/^300,/0/default.jpg",,1,1
5228,5228,"https://iiif.micr.io/TLTqW/full/^300,/0/default.jpg",,1,1
5229,5229,"https://iiif.micr.io/ZaOvB/full/^300,/0/default.jpg",,1,1
5230,5230,"https://iiif.micr.io/fIlxJ/full/^300,/0/default.jpg",,1,1
5231,5231,"https://iiif.micr.io/drjrI/full/^300,/0/default.jpg",,1,1
5232,5232,"https://iiif.micr.io/JGvoG/full/^300,/0/default.jpg",,1,1
5233,5233,"https://iiif.micr.io/TyTtJ/full/^300,/0/default.jpg",,1,1
5234,5234,"https://iiif.micr.io/kyQAX/full/^300,/0/default.jpg",,1,1
5235,5235,"https://iiif.micr.io/APZln/full/^300,/0/default.jpg",,1,1
5236,5236,"https://iiif.micr.io/GBJaT/full/^300,/0/default.jpg",,1,1
5237,5237,"https://iiif.micr.io/ZvAjF/full/^300,/0/default.jpg",,1,1
5238,5238,"https://iiif.micr.io/IAmze/full/^300,/0/default.jpg",,1,1
5239,5239,"https://iiif.micr.io/OIhlE/full/^300,/0/default.jpg",,1,1
5240,5240,"https://iiif.micr.io/ZRrjC/full/^300,/0/default.jpg",,1,1
5241,5241,"https://iiif.micr.io/bwBHX/full/^300,/0/default.jpg",,1,1
5242,5242,"https://iiif.micr.io/tnuvW/full/^300,/0/default.jpg",,1,1
5243,5243,"https://iiif.micr.io/bDwRA/full/^300,/0/default.jpg",,1,1
5244,5244,"https://iiif.micr.io/kFpuG/full/^300,/0/default.jpg",,1,1
5245,5245,"https://iiif.micr.io/xnpmq/full/^300,/0/default.jpg",,1,1
5246,5246,"https://iiif.micr.io/tQkOP/full/^300,/0/default.jpg",,1,1
5247,5247,"https://iiif.micr.io/uVtFV/full/^300,/0/default.jpg",,1,1
5248,5248,"https://iiif.micr.io/oCyYD/full/^300,/0/default.jpg",,1,1
5249,5249,"https://iiif.micr.io/kKNvH/full/^300,/0/default.jpg",,1,1
5250,5250,"https://iiif.micr.io/uCWoy/full/^300,/0/default.jpg",,1,1
5251,5251,"https://iiif.micr.io/fLvkF/full/^300,/0/default.jpg",,1,1
5252,5252,"https://iiif.micr.io/UeMnE/full/^300,/0/default.jpg",,1,1
5253,5253,"https://iiif.micr.io/RNgKf/full/^300,/0/default.jpg",,1,1
5254,5254,"https://iiif.micr.io/mfoiB/full/^300,/0/default.jpg",,1,1
5255,5255,"https://iiif.micr.io/nzZlv/full/^300,/0/default.jpg",,1,1
5256,5256,"https://iiif.micr.io/QmAeL/full/^300,/0/default.jpg",,1,1
5257,5257,"https://iiif.micr.io/hZTEu/full/^300,/0/default.jpg",,1,1
5258,5258,"https://iiif.micr.io/QQRoT/full/^300,/0/default.jpg",,1,1
5259,5259,"https://iiif.micr.io/rOUYG/full/^300,/0/default.jpg",,1,1
5260,5260,"https://iiif.micr.io/MPXMT/full/^300,/0/default.jpg",,1,1
5261,5261,"https://iiif.micr.io/zVqSt/full/^300,/0/default.jpg",,1,1
5262,5262,"https://iiif.micr.io/Afzan/full/^300,/0/default.jpg",,1,1
5263,5263,"https://iiif.micr.io/jLvRa/full/^300,/0/default.jpg",,1,1
5264,5264,"https://iiif.micr.io/FgKxd/full/^300,/0/default.jpg",,1,1
5265,5265,"https://iiif.micr.io/qpBnP/full/^300,/0/default.jpg",,1,1
5266,5266,"https://iiif.micr.io/WekZA/full/^300,/0/default.jpg",,1,1
5267,5267,"https://iiif.micr.io/GOkON/full/^300,/0/default.jpg",,1,1
5268,5268,"https://iiif.micr.io/epoQy/full/^300,/0/default.jpg",,1,1
5269,5269,"https://iiif.micr.io/jLqQT/full/^300,/0/default.jpg",,1,1
5270,5270,"https://iiif.micr.io/FnHgE/full/^300,/0/default.jpg",,1,1
5271,5271,"https://iiif.micr.io/DvwyQ/full/^300,/0/default.jpg",,1,1
5272,5272,"https://iiif.micr.io/CwdNR/full/^300,/0/default.jpg",,1,1
5273,5273,"https://iiif.micr.io/QFYbz/full/^300,/0/default.jpg",,1,1
5274,5274,"https://iiif.micr.io/YCfXp/full/^300,/0/default.jpg",,1,1
5275,5275,"https://iiif.micr.io/ckQIn/full/^300,/0/default.jpg",,1,1
5276,5276,"https://iiif.micr.io/eOjxI/full/^300,/0/default.jpg",,1,1
5277,5277,"https://iiif.micr.io/XxCam/full/^300,/0/default.jpg",,1,1
5278,5278,"https://iiif.micr.io/NJExh/full/^300,/0/default.jpg",,1,1
5279,5279,"https://iiif.micr.io/cVVMk/full/^300,/0/default.jpg",,1,1
5280,5280,"https://iiif.micr.io/GjZZN/full/^300,/0/default.jpg",,1,1
5281,5281,"https://iiif.micr.io/yoIYe/full/^300,/0/default.jpg",,1,1
5282,5282,"https://iiif.micr.io/USvhP/full/^300,/0/default.jpg",,1,1
5283,5283,"https://iiif.micr.io/tsDqz/full/^300,/0/default.jpg",,1,1
5284,5284,"https://iiif.micr.io/rpoNb/full/^300,/0/default.jpg",,1,1
5285,5285,"https://iiif.micr.io/mDeqf/full/^300,/0/default.jpg",,1,1
5286,5286,"https://iiif.micr.io/ncmBM/full/^300,/0/default.jpg",,1,1
5287,5287,"https://iiif.micr.io/CYKck/full/^300,/0/default.jpg",,1,1
5288,5288,"https://iiif.micr.io/gkCgx/full/^300,/0/default.jpg",,1,1
5289,5289,"https://iiif.micr.io/nGCJl/full/^300,/0/default.jpg",,1,1
5290,5290,"https://iiif.micr.io/HrUlb/full/^300,/0/default.jpg",,1,1
5291,5291,"https://iiif.micr.io/YZRqx/full/^300,/0/default.jpg",,1,1
5292,5292,"https://iiif.micr.io/UvQHl/full/^300,/0/default.jpg",,1,1
5293,5293,"https://iiif.micr.io/FigUf/full/^300,/0/default.jpg",,1,1
5294,5294,"https://iiif.micr.io/xWvHh/full/^300,/0/default.jpg",,1,1
5295,5295,"https://iiif.micr.io/mvkWv/full/^300,/0/default.jpg",,1,1
5296,5296,"https://iiif.micr.io/BRoUo/full/^300,/0/default.jpg",,1,1
5297,5297,"https://iiif.micr.io/VpXgU/full/^300,/0/default.jpg",,1,1
5298,5298,"https://iiif.micr.io/MmFrT/full/^300,/0/default.jpg",,1,1
5299,5299,"https://iiif.micr.io/xggMQ/full/^300,/0/default.jpg",,1,1
5300,5300,"https://iiif.micr.io/heKJr/full/^300,/0/default.jpg",,1,1
5301,5301,"https://iiif.micr.io/WnZPu/full/^300,/0/default.jpg",,1,1
5302,5302,"https://iiif.micr.io/rtOCE/full/^300,/0/default.jpg",,1,1
5303,5303,"https://iiif.micr.io/gSiHM/full/^300,/0/default.jpg",,1,1
5304,5304,"https://iiif.micr.io/wKQdC/full/^300,/0/default.jpg",,1,1
5305,5305,"https://iiif.micr.io/pBKIn/full/^300,/0/default.jpg",,1,1
5306,5306,"https://iiif.micr.io/NWnxE/full/^300,/0/default.jpg",,1,1
5307,5307,"https://iiif.micr.io/zCiLb/full/^300,/0/default.jpg",,1,1
5308,5308,"https://iiif.micr.io/NOwse/full/^300,/0/default.jpg",,1,1
5309,5309,"https://iiif.micr.io/rgIuB/full/^300,/0/default.jpg",,1,1
5310,5310,"https://iiif.micr.io/xeRzS/full/^300,/0/default.jpg",,1,1
5311,5311,"https://iiif.micr.io/mNWNa/full/^300,/0/default.jpg",,1,1
5312,5312,"https://iiif.micr.io/DozQL/full/^300,/0/default.jpg",,1,1
5313,5313,"https://iiif.micr.io/iDxUA/full/^300,/0/default.jpg",,1,1
5314,5314,"https://iiif.micr.io/yzFyQ/full/^300,/0/default.jpg",,1,1
5315,5315,"https://iiif.micr.io/ieShY/full/^300,/0/default.jpg",,1,1
5316,5316,"https://iiif.micr.io/ykeGE/full/^300,/0/default.jpg",,1,1
5317,5317,"https://iiif.micr.io/FFQZL/full/^300,/0/default.jpg",,1,1
5318,5318,"https://iiif.micr.io/vheGW/full/^300,/0/default.jpg",,1,1
5319,5319,"https://iiif.micr.io/ivpUE/full/^300,/0/default.jpg",,1,1
5320,5320,"https://iiif.micr.io/PFHtO/full/^300,/0/default.jpg",,1,1
5321,5321,"https://iiif.micr.io/SDAhm/full/^300,/0/default.jpg",,1,1
5322,5322,"https://iiif.micr.io/UIKXH/full/^300,/0/default.jpg",,1,1
5323,5323,"https://iiif.micr.io/ATjsC/full/^300,/0/default.jpg",,1,1
5324,5324,"https://iiif.micr.io/atQCR/full/^300,/0/default.jpg",,1,1
5325,5325,"https://iiif.micr.io/fqxUd/full/^300,/0/default.jpg",,1,1
5326,5326,"https://iiif.micr.io/chwVw/full/^300,/0/default.jpg",,1,1
5327,5327,"https://iiif.micr.io/kjArk/full/^300,/0/default.jpg",,1,1
5328,5328,"https://iiif.micr.io/qAnZw/full/^300,/0/default.jpg",,1,1
5329,5329,"https://iiif.micr.io/rIBuc/full/^300,/0/default.jpg",,1,1
5330,5330,"https://iiif.micr.io/fTmKH/full/^300,/0/default.jpg",,1,1
5331,5331,"https://iiif.micr.io/ITLNs/full/^300,/0/default.jpg",,1,1
5332,5332,"https://iiif.micr.io/qOsLg/full/^300,/0/default.jpg",,1,1
5333,5333,"https://iiif.micr.io/TjeRx/full/^300,/0/default.jpg",,1,1
5334,5334,"https://iiif.micr.io/yOOFG/full/^300,/0/default.jpg",,1,1
5335,5335,"https://iiif.micr.io/UOEYh/full/^300,/0/default.jpg",,1,1
5336,5336,"https://iiif.micr.io/FPxqS/full/^300,/0/default.jpg",,1,1
5337,5337,"https://iiif.micr.io/lbggA/full/^300,/0/default.jpg",,1,1
5338,5338,"https://iiif.micr.io/HTLaL/full/^300,/0/default.jpg",,1,1
5339,5339,"https://iiif.micr.io/JcvYU/full/^300,/0/default.jpg",,1,1
5340,5340,"https://iiif.micr.io/GVXik/full/^300,/0/default.jpg",,1,1
5341,5341,"https://iiif.micr.io/fshyZ/full/^300,/0/default.jpg",,1,1
5342,5342,"https://iiif.micr.io/uXCSO/full/^300,/0/default.jpg",,1,1
5343,5343,"https://iiif.micr.io/LkxvX/full/^300,/0/default.jpg",,1,1
5344,5344,"https://iiif.micr.io/aiZXR/full/^300,/0/default.jpg",,1,1
5345,5345,"https://iiif.micr.io/RMjKA/full/^300,/0/default.jpg",,1,1
5346,5346,"https://iiif.micr.io/cqqjQ/full/^300,/0/default.jpg",,1,1
5347,5347,"https://iiif.micr.io/Vvakl/full/^300,/0/default.jpg",,1,1
5348,5348,"https://iiif.micr.io/gNIWr/full/^300,/0/default.jpg",,1,1
5349,5349,"https://iiif.micr.io/hZmRQ/full/^300,/0/default.jpg",,1,1
5350,5350,"https://iiif.micr.io/SigSQ/full/^300,/0/default.jpg",,1,1
5351,5351,"https://iiif.micr.io/YNBHS/full/^300,/0/default.jpg",,1,1
5352,5352,"https://iiif.micr.io/ZOMzN/full/^300,/0/default.jpg",,1,1
5353,5353,"https://iiif.micr.io/UUYzI/full/^300,/0/default.jpg",,1,1
5354,5354,"https://iiif.micr.io/frtQt/full/^300,/0/default.jpg",,1,1
5355,5355,"https://iiif.micr.io/pcsvt/full/^300,/0/default.jpg",,1,1
5356,5356,"https://iiif.micr.io/CNmSb/full/^300,/0/default.jpg",,1,1
5357,5357,"https://iiif.micr.io/sBNzP/full/^300,/0/default.jpg",,1,1
5358,5358,"https://iiif.micr.io/DYBPn/full/^300,/0/default.jpg",,1,1
5359,5359,"https://iiif.micr.io/NVKLI/full/^300,/0/default.jpg",,1,1
5360,5360,"https://iiif.micr.io/SnUPt/full/^300,/0/default.jpg",,1,1
5361,5361,"https://iiif.micr.io/tInwl/full/^300,/0/default.jpg",,1,1
5362,5362,"https://iiif.micr.io/Ydywf/full/^300,/0/default.jpg",,1,1
5363,5363,"https://iiif.micr.io/irRos/full/^300,/0/default.jpg",,1,1
5364,5364,"https://iiif.micr.io/tkkIx/full/^300,/0/default.jpg",,1,1
5365,5365,"https://iiif.micr.io/zjemA/full/^300,/0/default.jpg",,1,1
5366,5366,"https://iiif.micr.io/KYhUg/full/^300,/0/default.jpg",,1,1
5367,5367,"https://iiif.micr.io/iRsLC/full/^300,/0/default.jpg",,1,1
5368,5368,"https://iiif.micr.io/uXThn/full/^300,/0/default.jpg",,1,1
5369,5369,"https://iiif.micr.io/XCHsT/full/^300,/0/default.jpg",,1,1
5370,5370,"https://iiif.micr.io/TcAbU/full/^300,/0/default.jpg",,1,1
5371,5371,"https://iiif.micr.io/AHKPT/full/^300,/0/default.jpg",,1,1
5372,5372,"https://iiif.micr.io/nuXkg/full/^300,/0/default.jpg",,1,1
5373,5373,"https://iiif.micr.io/IBGDg/full/^300,/0/default.jpg",,1,1
5374,5374,"https://iiif.micr.io/ozcfr/full/^300,/0/default.jpg",,1,1
5375,5375,"https://iiif.micr.io/HQIFi/full/^300,/0/default.jpg",,1,1
5376,5376,"https://iiif.micr.io/RDvSo/full/^300,/0/default.jpg",,1,1
5377,5377,"https://iiif.micr.io/Mcvie/full/^300,/0/default.jpg",,1,1
5378,5378,"https://iiif.micr.io/EBWcg/full/^300,/0/default.jpg",,1,1
5379,5379,"https://iiif.micr.io/rXhlt/full/^300,/0/default.jpg",,1,1
5380,5380,"https://iiif.micr.io/kHgsk/full/^300,/0/default.jpg",,1,1
5381,5381,"https://iiif.micr.io/ztPQV/full/^300,/0/default.jpg",,1,1
5382,5382,"https://iiif.micr.io/TaHrF/full/^300,/0/default.jpg",,1,1
5383,5383,"https://iiif.micr.io/uwgqU/full/^300,/0/default.jpg",,1,1
5384,5384,"https://iiif.micr.io/znPXr/full/^300,/0/default.jpg",,1,1
5385,5385,"https://iiif.micr.io/XFhyd/full/^300,/0/default.jpg",,1,1
5386,5386,"https://iiif.micr.io/AsqNM/full/^300,/0/default.jpg",,1,1
5387,5387,"https://iiif.micr.io/tAWPS/full/^300,/0/default.jpg",,1,1
5388,5388,"https://iiif.micr.io/Qqerc/full/^300,/0/default.jpg",,1,1
5389,5389,"https://iiif.micr.io/qjqHa/full/^300,/0/default.jpg",,1,1
5390,5390,"https://iiif.micr.io/wNNKf/full/^300,/0/default.jpg",,1,1
5391,5391,"https://iiif.micr.io/SCuTW/full/^300,/0/default.jpg",,1,1
5392,5392,"https://iiif.micr.io/vCZRm/full/^300,/0/default.jpg",,1,1
5393,5393,"https://iiif.micr.io/BTlBl/full/^300,/0/default.jpg",,1,1
5394,5394,"https://iiif.micr.io/CNoXm/full/^300,/0/default.jpg",,1,1
5395,5395,"https://iiif.micr.io/XZsXF/full/^300,/0/default.jpg",,1,1
5396,5396,"https://iiif.micr.io/Bqtjo/full/^300,/0/default.jpg",,1,1
5397,5397,"https://iiif.micr.io/tfRsZ/full/^300,/0/default.jpg",,1,1
5398,5398,"https://iiif.micr.io/CytNK/full/^300,/0/default.jpg",,1,1
5399,5399,"https://iiif.micr.io/iItIn/full/^300,/0/default.jpg",,1,1
5400,5400,"https://iiif.micr.io/wLVhZ/full/^300,/0/default.jpg",,1,1
5401,5401,"https://iiif.micr.io/rDaFO/full/^300,/0/default.jpg",,1,1
5402,5402,"https://iiif.micr.io/vUsLk/full/^300,/0/default.jpg",,1,1
5403,5403,"https://iiif.micr.io/cjGdJ/full/^300,/0/default.jpg",,1,1
5404,5404,"https://iiif.micr.io/fBVCf/full/^300,/0/default.jpg",,1,1
5405,5405,"https://iiif.micr.io/TLtiU/full/^300,/0/default.jpg",,1,1
5406,5406,"https://iiif.micr.io/MjRse/full/^300,/0/default.jpg",,1,1
5407,5407,"https://iiif.micr.io/lOjTc/full/^300,/0/default.jpg",,1,1
5408,5408,"https://iiif.micr.io/mslXc/full/^300,/0/default.jpg",,1,1
5409,5409,"https://iiif.micr.io/IdAUf/full/^300,/0/default.jpg",,1,1
5410,5410,"https://iiif.micr.io/vrnrG/full/^300,/0/default.jpg",,1,1
5411,5411,"https://iiif.micr.io/jxIeB/full/^300,/0/default.jpg",,1,1
5412,5412,"https://iiif.micr.io/fUYPm/full/^300,/0/default.jpg",,1,1
5413,5413,"https://iiif.micr.io/PIblu/full/^300,/0/default.jpg",,1,1
5414,5414,"https://iiif.micr.io/fbDjk/full/^300,/0/default.jpg",,1,1
5415,5415,"https://iiif.micr.io/IxsCg/full/^300,/0/default.jpg",,1,1
5416,5416,"https://iiif.micr.io/rbSOt/full/^300,/0/default.jpg",,1,1
5417,5417,"https://iiif.micr.io/QKvmQ/full/^300,/0/default.jpg",,1,1
5418,5418,"https://iiif.micr.io/FkmML/full/^300,/0/default.jpg",,1,1
5419,5419,"https://iiif.micr.io/TeONi/full/^300,/0/default.jpg",,1,1
5420,5420,"https://iiif.micr.io/eOQMe/full/^300,/0/default.jpg",,1,1
5421,5421,"https://iiif.micr.io/YzuuE/full/^300,/0/default.jpg",,1,1
5422,5422,"https://iiif.micr.io/MHeJA/full/^300,/0/default.jpg",,1,1
5423,5423,"https://iiif.micr.io/KNzRh/full/^300,/0/default.jpg",,1,1
5424,5424,"https://iiif.micr.io/XoBmR/full/^300,/0/default.jpg",,1,1
5425,5425,"https://iiif.micr.io/kokkZ/full/^300,/0/default.jpg",,1,1
5426,5426,"https://iiif.micr.io/kwvHV/full/^300,/0/default.jpg",,1,1
5427,5427,"https://iiif.micr.io/kFTrv/full/^300,/0/default.jpg",,1,1
5428,5428,"https://iiif.micr.io/dNcne/full/^300,/0/default.jpg",,1,1
5429,5429,"https://iiif.micr.io/uYAjJ/full/^300,/0/default.jpg",,1,1
5430,5430,"https://iiif.micr.io/vCMmQ/full/^300,/0/default.jpg",,1,1
5431,5431,"https://iiif.micr.io/riZLV/full/^300,/0/default.jpg",,1,1
5432,5432,"https://iiif.micr.io/vtDvw/full/^300,/0/default.jpg",,1,1
5433,5433,"https://iiif.micr.io/CtYeg/full/^300,/0/default.jpg",,1,1
5434,5434,"https://iiif.micr.io/OXFWv/full/^300,/0/default.jpg",,1,1
5435,5435,"https://iiif.micr.io/mgMbB/full/^300,/0/default.jpg",,1,1
5436,5436,"https://iiif.micr.io/NCWbK/full/^300,/0/default.jpg",,1,1
5437,5437,"https://iiif.micr.io/lsYqG/full/^300,/0/default.jpg",,1,1
5438,5438,"https://iiif.micr.io/XqByt/full/^300,/0/default.jpg",,1,1
5439,5439,"https://iiif.micr.io/dzMGP/full/^300,/0/default.jpg",,1,1
5440,5440,"https://iiif.micr.io/wujAP/full/^300,/0/default.jpg",,1,1
5441,5441,"https://iiif.micr.io/mOOaI/full/^300,/0/default.jpg",,1,1
5442,5442,"https://iiif.micr.io/ePwPg/full/^300,/0/default.jpg",,1,1
5443,5443,"https://iiif.micr.io/zxnjJ/full/^300,/0/default.jpg",,1,1
5444,5444,"https://iiif.micr.io/WptJl/full/^300,/0/default.jpg",,1,1
5445,5445,"https://iiif.micr.io/NngFt/full/^300,/0/default.jpg",,1,1
5446,5446,"https://iiif.micr.io/ELZcZ/full/^300,/0/default.jpg",,1,1
5447,5447,"https://iiif.micr.io/Ifwnj/full/^300,/0/default.jpg",,1,1
5448,5448,"https://iiif.micr.io/OOrQM/full/^300,/0/default.jpg",,1,1
5449,5449,"https://iiif.micr.io/Qeolz/full/^300,/0/default.jpg",,1,1
5450,5450,"https://iiif.micr.io/VQFxx/full/^300,/0/default.jpg",,1,1
5451,5451,"https://iiif.micr.io/ZgYSF/full/^300,/0/default.jpg",,1,1
5452,5452,"https://iiif.micr.io/eTKtS/full/^300,/0/default.jpg",,1,1
5453,5453,"https://iiif.micr.io/gaPCW/full/^300,/0/default.jpg",,1,1
5454,5454,"https://iiif.micr.io/WJEoK/full/^300,/0/default.jpg",,1,1
5455,5455,"https://iiif.micr.io/Wqdnq/full/^300,/0/default.jpg",,1,1
5456,5456,"https://iiif.micr.io/uziql/full/^300,/0/default.jpg",,1,1
5457,5457,"https://iiif.micr.io/XcawV/full/^300,/0/default.jpg",,1,1
5458,5458,"https://iiif.micr.io/ssDyS/full/^300,/0/default.jpg",,1,1
5459,5459,"https://iiif.micr.io/jfVjj/full/^300,/0/default.jpg",,1,1
5460,5460,"https://iiif.micr.io/hUYaV/full/^300,/0/default.jpg",,1,1
5461,5461,"https://iiif.micr.io/tgkOO/full/^300,/0/default.jpg",,1,1
5462,5462,"https://iiif.micr.io/KIein/full/^300,/0/default.jpg",,1,1
5463,5463,"https://iiif.micr.io/wkphv/full/^300,/0/default.jpg",,1,1
5464,5464,"https://iiif.micr.io/BCAaT/full/^300,/0/default.jpg",,1,1
5465,5465,"https://iiif.micr.io/weFhF/full/^300,/0/default.jpg",,1,1
5466,5466,"https://iiif.micr.io/PNGXv/full/^300,/0/default.jpg",,1,1
5467,5467,"https://iiif.micr.io/BArJH/full/^300,/0/default.jpg",,1,1
5468,5468,"https://iiif.micr.io/SeEjJ/full/^300,/0/default.jpg",,1,1
5469,5469,"https://iiif.micr.io/ZfneB/full/^300,/0/default.jpg",,1,1
5470,5470,"https://iiif.micr.io/uCGPM/full/^300,/0/default.jpg",,1,1
5471,5471,"https://iiif.micr.io/lEezg/full/^300,/0/default.jpg",,1,1
5472,5472,"https://iiif.micr.io/kQYEk/full/^300,/0/default.jpg",,1,1
5473,5473,"https://iiif.micr.io/mcXYk/full/^300,/0/default.jpg",,1,1
5474,5474,"https://iiif.micr.io/GFbUx/full/^300,/0/default.jpg",,1,1
5475,5475,"https://iiif.micr.io/bRIvL/full/^300,/0/default.jpg",,1,1
5476,5476,"https://iiif.micr.io/tzrzg/full/^300,/0/default.jpg",,1,1
5477,5477,"https://iiif.micr.io/ePhAx/full/^300,/0/default.jpg",,1,1
5478,5478,"https://iiif.micr.io/EsLeS/full/^300,/0/default.jpg",,1,1
5479,5479,"https://iiif.micr.io/DfBDG/full/^300,/0/default.jpg",,1,1
5480,5480,"https://iiif.micr.io/PfgKY/full/^300,/0/default.jpg",,1,1
5481,5481,"https://iiif.micr.io/bLikz/full/^300,/0/default.jpg",,1,1
5482,5482,"https://iiif.micr.io/AZJTq/full/^300,/0/default.jpg",,1,1
5483,5483,"https://iiif.micr.io/XmkWk/full/^300,/0/default.jpg",,1,1
5484,5484,"https://iiif.micr.io/sUnyp/full/^300,/0/default.jpg",,1,1
5485,5485,"https://iiif.micr.io/mOkOx/full/^300,/0/default.jpg",,1,1
5486,5486,"https://iiif.micr.io/MrWnT/full/^300,/0/default.jpg",,1,1
5487,5487,"https://iiif.micr.io/Jmhki/full/^300,/0/default.jpg",,1,1
5488,5488,"https://iiif.micr.io/qZCDj/full/^300,/0/default.jpg",,1,1
5489,5489,"https://iiif.micr.io/THRoC/full/^300,/0/default.jpg",,1,1
5490,5490,"https://iiif.micr.io/MqjMK/full/^300,/0/default.jpg",,1,1
5491,5491,"https://iiif.micr.io/BmmQz/full/^300,/0/default.jpg",,1,1
5492,5492,"https://iiif.micr.io/Jxxwf/full/^300,/0/default.jpg",,1,1
5493,5493,"https://iiif.micr.io/Qxepk/full/^300,/0/default.jpg",,1,1
5494,5494,"https://iiif.micr.io/IdPpS/full/^300,/0/default.jpg",,1,1
5495,5495,"https://iiif.micr.io/eNTxs/full/^300,/0/default.jpg",,1,1
5496,5496,"https://iiif.micr.io/XXKLV/full/^300,/0/default.jpg",,1,1
5497,5497,"https://iiif.micr.io/umxTx/full/^300,/0/default.jpg",,1,1
5498,5498,"https://iiif.micr.io/VyeXU/full/^300,/0/default.jpg",,1,1
5499,5499,"https://iiif.micr.io/kIfdP/full/^300,/0/default.jpg",,1,1
5500,5500,"https://iiif.micr.io/YfLxH/full/^300,/0/default.jpg",,1,1
5501,5501,"https://iiif.micr.io/bnsWV/full/^300,/0/default.jpg",,1,1
5502,5502,"https://iiif.micr.io/rUHEQ/full/^300,/0/default.jpg",,1,1
5503,5503,"https://iiif.micr.io/aOuaI/full/^300,/0/default.jpg",,1,1
5504,5504,"https://iiif.micr.io/vxLOQ/full/^300,/0/default.jpg",,1,1
5505,5505,"https://iiif.micr.io/oWkYK/full/^300,/0/default.jpg",,1,1
5506,5506,"https://iiif.micr.io/QdsXW/full/^300,/0/default.jpg",,1,1
5507,5507,"https://iiif.micr.io/gWuxj/full/^300,/0/default.jpg",,1,1
5508,5508,"https://iiif.micr.io/CFirc/full/^300,/0/default.jpg",,1,1
5509,5509,"https://iiif.micr.io/oPrvA/full/^300,/0/default.jpg",,1,1
5510,5510,"https://iiif.micr.io/MSxrs/full/^300,/0/default.jpg",,1,1
5511,5511,"https://iiif.micr.io/EOBuM/full/^300,/0/default.jpg",,1,1
5512,5512,"https://iiif.micr.io/KCmTn/full/^300,/0/default.jpg",,1,1
5513,5513,"https://iiif.micr.io/yQfXN/full/^300,/0/default.jpg",,1,1
5514,5514,"https://iiif.micr.io/VrwhS/full/^300,/0/default.jpg",,1,1
5515,5515,"https://iiif.micr.io/oNxXT/full/^300,/0/default.jpg",,1,1
5516,5516,"https://iiif.micr.io/ZsIAd/full/^300,/0/default.jpg",,1,1
5517,5517,"https://iiif.micr.io/uOHLf/full/^300,/0/default.jpg",,1,1
5518,5518,"https://iiif.micr.io/eMKeE/full/^300,/0/default.jpg",,1,1
5519,5519,"https://iiif.micr.io/zopGO/full/^300,/0/default.jpg",,1,1
5520,5520,"https://iiif.micr.io/CxTvK/full/^300,/0/default.jpg",,1,1
5521,5521,"https://iiif.micr.io/mftIe/full/^300,/0/default.jpg",,1,1
5522,5522,"https://iiif.micr.io/ATdRv/full/^300,/0/default.jpg",,1,1
5523,5523,"https://iiif.micr.io/rRldT/full/^300,/0/default.jpg",,1,1
5524,5524,"https://iiif.micr.io/IYdUj/full/^300,/0/default.jpg",,1,1
5525,5525,"https://iiif.micr.io/qyASu/full/^300,/0/default.jpg",,1,1
5526,5526,"https://iiif.micr.io/lWLGN/full/^300,/0/default.jpg",,1,1
5527,5527,"https://iiif.micr.io/zpdZK/full/^300,/0/default.jpg",,1,1
5528,5528,"https://iiif.micr.io/hFHbo/full/^300,/0/default.jpg",,1,1
5529,5529,"https://iiif.micr.io/qFypp/full/^300,/0/default.jpg",,1,1
5530,5530,"https://iiif.micr.io/OOZlY/full/^300,/0/default.jpg",,1,1
5531,5531,"https://iiif.micr.io/mVjih/full/^300,/0/default.jpg",,1,1
5532,5532,"https://iiif.micr.io/rrnNh/full/^300,/0/default.jpg",,1,1
5533,5533,"https://iiif.micr.io/qrUOh/full/^300,/0/default.jpg",,1,1
5534,5534,"https://iiif.micr.io/EZFye/full/^300,/0/default.jpg",,1,1
5535,5535,"https://iiif.micr.io/JhXGm/full/^300,/0/default.jpg",,1,1
5536,5536,"https://iiif.micr.io/mPHPV/full/^300,/0/default.jpg",,1,1
5537,5537,"https://iiif.micr.io/sJEkn/full/^300,/0/default.jpg",,1,1
5538,5538,"https://iiif.micr.io/WJVRG/full/^300,/0/default.jpg",,1,1
5539,5539,"https://iiif.micr.io/nmSFh/full/^300,/0/default.jpg",,1,1
5540,5540,"https://iiif.micr.io/RMBWl/full/^300,/0/default.jpg",,1,1
5541,5541,"https://iiif.micr.io/gsjBF/full/^300,/0/default.jpg",,1,1
5542,5542,"https://iiif.micr.io/zjeAD/full/^300,/0/default.jpg",,1,1
5543,5543,"https://iiif.micr.io/tzWZb/full/^300,/0/default.jpg",,1,1
5544,5544,"https://iiif.micr.io/Gszth/full/^300,/0/default.jpg",,1,1
5545,5545,"https://iiif.micr.io/sopea/full/^300,/0/default.jpg",,1,1
5546,5546,"https://iiif.micr.io/DxkpQ/full/^300,/0/default.jpg",,1,1
5547,5547,"https://iiif.micr.io/bAieM/full/^300,/0/default.jpg",,1,1
5548,5548,"https://iiif.micr.io/qJYDY/full/^300,/0/default.jpg",,1,1
5549,5549,"https://iiif.micr.io/OvORu/full/^300,/0/default.jpg",,1,1
5550,5550,"https://iiif.micr.io/IhjIp/full/^300,/0/default.jpg",,1,1
5551,5551,"https://iiif.micr.io/teSOl/full/^300,/0/default.jpg",,1,1
5552,5552,"https://iiif.micr.io/eDmFh/full/^300,/0/default.jpg",,1,1
5553,5553,"https://iiif.micr.io/HOXiW/full/^300,/0/default.jpg",,1,1
5554,5554,"https://iiif.micr.io/AehNz/full/^300,/0/default.jpg",,1,1
5555,5555,"https://iiif.micr.io/jwrcP/full/^300,/0/default.jpg",,1,1
5556,5556,"https://iiif.micr.io/YEyUN/full/^300,/0/default.jpg",,1,1
5557,5557,"https://iiif.micr.io/tZIBQ/full/^300,/0/default.jpg",,1,1
5558,5558,"https://iiif.micr.io/tUHED/full/^300,/0/default.jpg",,1,1
5559,5559,"https://iiif.micr.io/YEcDL/full/^300,/0/default.jpg",,1,1
5560,5560,"https://iiif.micr.io/JOyAX/full/^300,/0/default.jpg",,1,1
5561,5561,"https://iiif.micr.io/VtHPY/full/^300,/0/default.jpg",,1,1
5562,5562,"https://iiif.micr.io/IWpiT/full/^300,/0/default.jpg",,1,1
5563,5563,"https://iiif.micr.io/equGx/full/^300,/0/default.jpg",,1,1
5564,5564,"https://iiif.micr.io/YjjWd/full/^300,/0/default.jpg",,1,1
5565,5565,"https://iiif.micr.io/bxOpE/full/^300,/0/default.jpg",,1,1
5566,5566,"https://iiif.micr.io/wzONC/full/^300,/0/default.jpg",,1,1
5567,5567,"https://iiif.micr.io/dALPk/full/^300,/0/default.jpg",,1,1
5568,5568,"https://iiif.micr.io/JWvFc/full/^300,/0/default.jpg",,1,1
5569,5569,"https://iiif.micr.io/CAxkK/full/^300,/0/default.jpg",,1,1
5570,5570,"https://iiif.micr.io/nIrwW/full/^300,/0/default.jpg",,1,1
5571,5571,"https://iiif.micr.io/ivBEh/full/^300,/0/default.jpg",,1,1
5572,5572,"https://iiif.micr.io/EIKlZ/full/^300,/0/default.jpg",,1,1
5573,5573,"https://iiif.micr.io/pSDkB/full/^300,/0/default.jpg",,1,1
5574,5574,"https://iiif.micr.io/YbvHA/full/^300,/0/default.jpg",,1,1
5575,5575,"https://iiif.micr.io/MZDBL/full/^300,/0/default.jpg",,1,1
5576,5576,"https://iiif.micr.io/nWGcZ/full/^300,/0/default.jpg",,1,1
5577,5577,"https://iiif.micr.io/cBNXy/full/^300,/0/default.jpg",,1,1
5578,5578,"https://iiif.micr.io/rkyux/full/^300,/0/default.jpg",,1,1
5579,5579,"https://iiif.micr.io/Gikii/full/^300,/0/default.jpg",,1,1
5580,5580,"https://iiif.micr.io/dPqpy/full/^300,/0/default.jpg",,1,1
5581,5581,"https://iiif.micr.io/pAtXK/full/^300,/0/default.jpg",,1,1
5582,5582,"https://iiif.micr.io/fvKmH/full/^300,/0/default.jpg",,1,1
5583,5583,"https://iiif.micr.io/wHpYD/full/^300,/0/default.jpg",,1,1
5584,5584,"https://iiif.micr.io/fcmDS/full/^300,/0/default.jpg",,1,1
5585,5585,"https://iiif.micr.io/JbNcV/full/^300,/0/default.jpg",,1,1
5586,5586,"https://iiif.micr.io/OQyXL/full/^300,/0/default.jpg",,1,1
5587,5587,"https://iiif.micr.io/cqEGi/full/^300,/0/default.jpg",,1,1
5588,5588,"https://iiif.micr.io/FPhrX/full/^300,/0/default.jpg",,1,1
5589,5589,"https://iiif.micr.io/orrEs/full/^300,/0/default.jpg",,1,1
5590,5590,"https://iiif.micr.io/sJiQy/full/^300,/0/default.jpg",,1,1
5591,5591,"https://iiif.micr.io/TiZca/full/^300,/0/default.jpg",,1,1
5592,5592,"https://iiif.micr.io/hUbeN/full/^300,/0/default.jpg",,1,1
5593,5593,"https://iiif.micr.io/fsokG/full/^300,/0/default.jpg",,1,1
5594,5594,"https://iiif.micr.io/NWPnr/full/^300,/0/default.jpg",,1,1
5595,5595,"https://iiif.micr.io/bbIwm/full/^300,/0/default.jpg",,1,1
5596,5596,"https://iiif.micr.io/Cjpdx/full/^300,/0/default.jpg",,1,1
5597,5597,"https://iiif.micr.io/IjtSP/full/^300,/0/default.jpg",,1,1
5598,5598,"https://iiif.micr.io/LYCop/full/^300,/0/default.jpg",,1,1
5599,5599,"https://iiif.micr.io/fKNlw/full/^300,/0/default.jpg",,1,1
5600,5600,"https://iiif.micr.io/pvbzV/full/^300,/0/default.jpg",,1,1
5601,5601,"https://iiif.micr.io/evgmF/full/^300,/0/default.jpg",,1,1
5602,5602,"https://iiif.micr.io/rHSKU/full/^300,/0/default.jpg",,1,1
5603,5603,"https://iiif.micr.io/wYXLx/full/^300,/0/default.jpg",,1,1
5604,5604,"https://iiif.micr.io/GYKkZ/full/^300,/0/default.jpg",,1,1
5605,5605,"https://iiif.micr.io/GUbrC/full/^300,/0/default.jpg",,1,1
5606,5606,"https://iiif.micr.io/VihJi/full/^300,/0/default.jpg",,1,1
5607,5607,"https://iiif.micr.io/xhiDV/full/^300,/0/default.jpg",,1,1
5608,5608,"https://iiif.micr.io/qDGpA/full/^300,/0/default.jpg",,1,1
5609,5609,"https://iiif.micr.io/BZaTc/full/^300,/0/default.jpg",,1,1
5610,5610,"https://iiif.micr.io/CNsBD/full/^300,/0/default.jpg",,1,1
5611,5611,"https://iiif.micr.io/kaPEh/full/^300,/0/default.jpg",,1,1
5612,5612,"https://iiif.micr.io/soVMA/full/^300,/0/default.jpg",,1,1
5613,5613,"https://iiif.micr.io/fFUtB/full/^300,/0/default.jpg",,1,1
5614,5614,"https://iiif.micr.io/vNuLq/full/^300,/0/default.jpg",,1,1
5615,5615,"https://iiif.micr.io/PGKJs/full/^300,/0/default.jpg",,1,1
5616,5616,"https://iiif.micr.io/mhIni/full/^300,/0/default.jpg",,1,1
5617,5617,"https://iiif.micr.io/YTjSr/full/^300,/0/default.jpg",,1,1
5618,5618,"https://iiif.micr.io/IARJZ/full/^300,/0/default.jpg",,1,1
5619,5619,"https://iiif.micr.io/ZMNqM/full/^300,/0/default.jpg",,1,1
5620,5620,"https://iiif.micr.io/EZNoh/full/^300,/0/default.jpg",,1,1
5621,5621,"https://iiif.micr.io/dtOHT/full/^300,/0/default.jpg",,1,1
5622,5622,"https://iiif.micr.io/JCqPC/full/^300,/0/default.jpg",,1,1
5623,5623,"https://iiif.micr.io/ifAbm/full/^300,/0/default.jpg",,1,1
5624,5624,"https://iiif.micr.io/guFTg/full/^300,/0/default.jpg",,1,1
5625,5625,"https://iiif.micr.io/tRQUD/full/^300,/0/default.jpg",,1,1
5626,5626,"https://iiif.micr.io/Irean/full/^300,/0/default.jpg",,1,1
5627,5627,"https://iiif.micr.io/rLiki/full/^300,/0/default.jpg",,1,1
5628,5628,"https://iiif.micr.io/Dgtms/full/^300,/0/default.jpg",,1,1
5629,5629,"https://iiif.micr.io/XhTjD/full/^300,/0/default.jpg",,1,1
5630,5630,"https://iiif.micr.io/ARmEL/full/^300,/0/default.jpg",,1,1
5631,5631,"https://iiif.micr.io/gwtnA/full/^300,/0/default.jpg",,1,1
5632,5632,"https://iiif.micr.io/YamDP/full/^300,/0/default.jpg",,1,1
5633,5633,"https://iiif.micr.io/KuiUm/full/^300,/0/default.jpg",,1,1
5634,5634,"https://iiif.micr.io/mQDLB/full/^300,/0/default.jpg",,1,1
5635,5635,"https://iiif.micr.io/oAkva/full/^300,/0/default.jpg",,1,1
5636,5636,"https://iiif.micr.io/lHXiM/full/^300,/0/default.jpg",,1,1
5637,5637,"https://iiif.micr.io/ljAZm/full/^300,/0/default.jpg",,1,1
5638,5638,"https://iiif.micr.io/uAdIb/full/^300,/0/default.jpg",,1,1
5639,5639,"https://iiif.micr.io/ebARF/full/^300,/0/default.jpg",,1,1
5640,5640,"https://iiif.micr.io/LtnRD/full/^300,/0/default.jpg",,1,1
5641,5641,"https://iiif.micr.io/ASZNX/full/^300,/0/default.jpg",,1,1
5642,5642,"https://iiif.micr.io/LXzJx/full/^300,/0/default.jpg",,1,1
5643,5643,"https://iiif.micr.io/dsAEu/full/^300,/0/default.jpg",,1,1
5644,5644,"https://iiif.micr.io/YAdVa/full/^300,/0/default.jpg",,1,1
5645,5645,"https://iiif.micr.io/DWucm/full/^300,/0/default.jpg",,1,1
5646,5646,"https://iiif.micr.io/AgpBO/full/^300,/0/default.jpg",,1,1
5647,5647,"https://iiif.micr.io/vjGqD/full/^300,/0/default.jpg",,1,1
5648,5648,"https://iiif.micr.io/PoYGQ/full/^300,/0/default.jpg",,1,1
5649,5649,"https://iiif.micr.io/UnmDo/full/^300,/0/default.jpg",,1,1
5650,5650,"https://iiif.micr.io/hecUJ/full/^300,/0/default.jpg",,1,1
5651,5651,"https://iiif.micr.io/ZohGV/full/^300,/0/default.jpg",,1,1
5652,5652,"https://iiif.micr.io/ecbqP/full/^300,/0/default.jpg",,1,1
5653,5653,"https://iiif.micr.io/OeKgW/full/^300,/0/default.jpg",,1,1
5654,5654,"https://iiif.micr.io/tXHOb/full/^300,/0/default.jpg",,1,1
5655,5655,"https://iiif.micr.io/qYvAQ/full/^300,/0/default.jpg",,1,1
5656,5656,"https://iiif.micr.io/VQzMb/full/^300,/0/default.jpg",,1,1
5657,5657,"https://iiif.micr.io/PMYTr/full/^300,/0/default.jpg",,1,1
5658,5658,"https://iiif.micr.io/aLWYr/full/^300,/0/default.jpg",,1,1
5659,5659,"https://iiif.micr.io/jryir/full/^300,/0/default.jpg",,1,1
5660,5660,"https://iiif.micr.io/UemOZ/full/^300,/0/default.jpg",,1,1
5661,5661,"https://iiif.micr.io/ghShV/full/^300,/0/default.jpg",,1,1
5662,5662,"https://iiif.micr.io/IuJqd/full/^300,/0/default.jpg",,1,1
5663,5663,"https://iiif.micr.io/cPDXR/full/^300,/0/default.jpg",,1,1
5664,5664,"https://iiif.micr.io/NyJYS/full/^300,/0/default.jpg",,1,1
5665,5665,"https://iiif.micr.io/PNVPw/full/^300,/0/default.jpg",,1,1
5666,5666,"https://iiif.micr.io/chABZ/full/^300,/0/default.jpg",,1,1
5667,5667,"https://iiif.micr.io/jythW/full/^300,/0/default.jpg",,1,1
5668,5668,"https://iiif.micr.io/sspdn/full/^300,/0/default.jpg",,1,1
5669,5669,"https://iiif.micr.io/TrVsz/full/^300,/0/default.jpg",,1,1
5670,5670,"https://iiif.micr.io/uFuOQ/full/^300,/0/default.jpg",,1,1
5671,5671,"https://iiif.micr.io/ykJUI/full/^300,/0/default.jpg",,1,1
5672,5672,"https://iiif.micr.io/MQySY/full/^300,/0/default.jpg",,1,1
5673,5673,"https://iiif.micr.io/KawZh/full/^300,/0/default.jpg",,1,1
5674,5674,"https://iiif.micr.io/SNHwX/full/^300,/0/default.jpg",,1,1
5675,5675,"https://iiif.micr.io/GmOlG/full/^300,/0/default.jpg",,1,1
5676,5676,"https://iiif.micr.io/tmEuL/full/^300,/0/default.jpg",,1,1
5677,5677,"https://iiif.micr.io/ZhVvD/full/^300,/0/default.jpg",,1,1
5678,5678,"https://iiif.micr.io/mSxaZ/full/^300,/0/default.jpg",,1,1
5679,5679,"https://iiif.micr.io/trAWC/full/^300,/0/default.jpg",,1,1
5680,5680,"https://iiif.micr.io/qdlFf/full/^300,/0/default.jpg",,1,1
5681,5681,"https://iiif.micr.io/VkbAA/full/^300,/0/default.jpg",,1,1
5682,5682,"https://iiif.micr.io/pOJdd/full/^300,/0/default.jpg",,1,1
5683,5683,"https://iiif.micr.io/wblYl/full/^300,/0/default.jpg",,1,1
5684,5684,"https://iiif.micr.io/kXHVP/full/^300,/0/default.jpg",,1,1
5685,5685,"https://iiif.micr.io/EgSIL/full/^300,/0/default.jpg",,1,1
5686,5686,"https://iiif.micr.io/fHNMA/full/^300,/0/default.jpg",,1,1
5687,5687,"https://iiif.micr.io/LnlNh/full/^300,/0/default.jpg",,1,1
5688,5688,"https://iiif.micr.io/hTEzT/full/^300,/0/default.jpg",,1,1
5689,5689,"https://iiif.micr.io/mDvNB/full/^300,/0/default.jpg",,1,1
5690,5690,"https://iiif.micr.io/DqcSa/full/^300,/0/default.jpg",,1,1
5691,5691,"https://iiif.micr.io/DJSnG/full/^300,/0/default.jpg",,1,1
5692,5692,"https://iiif.micr.io/OWuUU/full/^300,/0/default.jpg",,1,1
5693,5693,"https://iiif.micr.io/ISicR/full/^300,/0/default.jpg",,1,1
5694,5694,"https://iiif.micr.io/lJzAT/full/^300,/0/default.jpg",,1,1
5695,5695,"https://iiif.micr.io/xiuqA/full/^300,/0/default.jpg",,1,1
5696,5696,"https://iiif.micr.io/fIooj/full/^300,/0/default.jpg",,1,1
5697,5697,"https://iiif.micr.io/LXEhq/full/^300,/0/default.jpg",,1,1
5698,5698,"https://iiif.micr.io/jMGDb/full/^300,/0/default.jpg",,1,1
5699,5699,"https://iiif.micr.io/JQZqe/full/^300,/0/default.jpg",,1,1
5700,5700,"https://iiif.micr.io/GxsTT/full/^300,/0/default.jpg",,1,1
5701,5701,"https://iiif.micr.io/wsqVv/full/^300,/0/default.jpg",,1,1
5702,5702,"https://iiif.micr.io/yOjeY/full/^300,/0/default.jpg",,1,1
5703,5703,"https://iiif.micr.io/BRBEM/full/^300,/0/default.jpg",,1,1
5704,5704,"https://iiif.micr.io/PRDSq/full/^300,/0/default.jpg",,1,1
5705,5705,"https://iiif.micr.io/pMHCN/full/^300,/0/default.jpg",,1,1
5706,5706,"https://iiif.micr.io/xsJpr/full/^300,/0/default.jpg",,1,1
5707,5707,"https://iiif.micr.io/PhNZq/full/^300,/0/default.jpg",,1,1
5708,5708,"https://iiif.micr.io/JKHNW/full/^300,/0/default.jpg",,1,1
5709,5709,"https://iiif.micr.io/mSrDU/full/^300,/0/default.jpg",,1,1
5710,5710,"https://iiif.micr.io/GBFzF/full/^300,/0/default.jpg",,1,1
5711,5711,"https://iiif.micr.io/QIgvl/full/^300,/0/default.jpg",,1,1
5712,5712,"https://iiif.micr.io/zjCqX/full/^300,/0/default.jpg",,1,1
5713,5713,"https://iiif.micr.io/BkqoH/full/^300,/0/default.jpg",,1,1
5714,5714,"https://iiif.micr.io/ckFOO/full/^300,/0/default.jpg",,1,1
5715,5715,"https://iiif.micr.io/isdDn/full/^300,/0/default.jpg",,1,1
5716,5716,"https://iiif.micr.io/XPpgT/full/^300,/0/default.jpg",,1,1
5717,5717,"https://iiif.micr.io/oWkGl/full/^300,/0/default.jpg",,1,1
5718,5718,"https://iiif.micr.io/inqpT/full/^300,/0/default.jpg",,1,1
5719,5719,"https://iiif.micr.io/QZloL/full/^300,/0/default.jpg",,1,1
5720,5720,"https://iiif.micr.io/bgFCn/full/^300,/0/default.jpg",,1,1
5721,5721,"https://iiif.micr.io/NkYYe/full/^300,/0/default.jpg",,1,1
5722,5722,"https://iiif.micr.io/OgVDA/full/^300,/0/default.jpg",,1,1
5723,5723,"https://iiif.micr.io/DuUxm/full/^300,/0/default.jpg",,1,1
5724,5724,"https://iiif.micr.io/VCUcv/full/^300,/0/default.jpg",,1,1
5725,5725,"https://iiif.micr.io/VASzs/full/^300,/0/default.jpg",,1,1
5726,5726,"https://iiif.micr.io/bVqPj/full/^300,/0/default.jpg",,1,1
5727,5727,"https://iiif.micr.io/llPEL/full/^300,/0/default.jpg",,1,1
5728,5728,"https://iiif.micr.io/CUBtO/full/^300,/0/default.jpg",,1,1
5729,5729,"https://iiif.micr.io/MfJwF/full/^300,/0/default.jpg",,1,1
5730,5730,"https://iiif.micr.io/trSKK/full/^300,/0/default.jpg",,1,1
5731,5731,"https://iiif.micr.io/huudi/full/^300,/0/default.jpg",,1,1
5732,5732,"https://iiif.micr.io/djuHp/full/^300,/0/default.jpg",,1,1
5733,5733,"https://iiif.micr.io/bpyRQ/full/^300,/0/default.jpg",,1,1
5734,5734,"https://iiif.micr.io/PRaVJ/full/^300,/0/default.jpg",,1,1
5735,5735,"https://iiif.micr.io/EeVTg/full/^300,/0/default.jpg",,1,1
5736,5736,"https://iiif.micr.io/oqbWU/full/^300,/0/default.jpg",,1,1
5737,5737,"https://iiif.micr.io/GbSNB/full/^300,/0/default.jpg",,1,1
5738,5738,"https://iiif.micr.io/SgaFR/full/^300,/0/default.jpg",,1,1
5739,5739,"https://iiif.micr.io/uLwcK/full/^300,/0/default.jpg",,1,1
5740,5740,"https://iiif.micr.io/nUpXt/full/^300,/0/default.jpg",,1,1
5741,5741,"https://iiif.micr.io/DiJwP/full/^300,/0/default.jpg",,1,1
5742,5742,"https://iiif.micr.io/Hzdpp/full/^300,/0/default.jpg",,1,1
5743,5743,"https://iiif.micr.io/eRDnn/full/^300,/0/default.jpg",,1,1
5744,5744,"https://iiif.micr.io/UbGhl/full/^300,/0/default.jpg",,1,1
5745,5745,"https://iiif.micr.io/PVdro/full/^300,/0/default.jpg",,1,1
5746,5746,"https://iiif.micr.io/aHLgX/full/^300,/0/default.jpg",,1,1
5747,5747,"https://iiif.micr.io/sBXzE/full/^300,/0/default.jpg",,1,1
5748,5748,"https://iiif.micr.io/OHYFM/full/^300,/0/default.jpg",,1,1
5749,5749,"https://iiif.micr.io/NCRED/full/^300,/0/default.jpg",,1,1
5750,5750,"https://iiif.micr.io/nvUjf/full/^300,/0/default.jpg",,1,1
5751,5751,"https://iiif.micr.io/IUqfC/full/^300,/0/default.jpg",,1,1
5752,5752,"https://iiif.micr.io/tJUso/full/^300,/0/default.jpg",,1,1
5753,5753,"https://iiif.micr.io/CboWT/full/^300,/0/default.jpg",,1,1
5754,5754,"https://iiif.micr.io/nZktP/full/^300,/0/default.jpg",,1,1
5755,5755,"https://iiif.micr.io/NIAGm/full/^300,/0/default.jpg",,1,1
5756,5756,"https://iiif.micr.io/Vgkmp/full/^300,/0/default.jpg",,1,1
5757,5757,"https://iiif.micr.io/fgKdV/full/^300,/0/default.jpg",,1,1
5758,5758,"https://iiif.micr.io/CbYTI/full/^300,/0/default.jpg",,1,1
5759,5759,"https://iiif.micr.io/Uuvxa/full/^300,/0/default.jpg",,1,1
5760,5760,"https://iiif.micr.io/qtZek/full/^300,/0/default.jpg",,1,1
5761,5761,"https://iiif.micr.io/GzNdC/full/^300,/0/default.jpg",,1,1
5762,5762,"https://iiif.micr.io/lYhao/full/^300,/0/default.jpg",,1,1
5763,5763,"https://iiif.micr.io/avGrb/full/^300,/0/default.jpg",,1,1
5764,5764,"https://iiif.micr.io/AZwIT/full/^300,/0/default.jpg",,1,1
5765,5765,"https://iiif.micr.io/uNMlP/full/^300,/0/default.jpg",,1,1
5766,5766,"https://iiif.micr.io/AqfFl/full/^300,/0/default.jpg",,1,1
5767,5767,"https://iiif.micr.io/FDZgX/full/^300,/0/default.jpg",,1,1
5768,5768,"https://iiif.micr.io/NMlng/full/^300,/0/default.jpg",,1,1
5769,5769,"https://iiif.micr.io/Ywgvf/full/^300,/0/default.jpg",,1,1
5770,5770,"https://iiif.micr.io/qgCmM/full/^300,/0/default.jpg",,1,1
5771,5771,"https://iiif.micr.io/YDMmf/full/^300,/0/default.jpg",,1,1
5772,5772,"https://iiif.micr.io/LxNQZ/full/^300,/0/default.jpg",,1,1
5773,5773,"https://iiif.micr.io/QXIFl/full/^300,/0/default.jpg",,1,1
5774,5774,"https://iiif.micr.io/EFIXh/full/^300,/0/default.jpg",,1,1
5775,5775,"https://iiif.micr.io/SILpm/full/^300,/0/default.jpg",,1,1
5776,5776,"https://iiif.micr.io/QQNIp/full/^300,/0/default.jpg",,1,1
5777,5777,"https://iiif.micr.io/EiKtd/full/^300,/0/default.jpg",,1,1
5778,5778,"https://iiif.micr.io/bCNPj/full/^300,/0/default.jpg",,1,1
5779,5779,"https://iiif.micr.io/FtRXw/full/^300,/0/default.jpg",,1,1
5780,5780,"https://iiif.micr.io/ZipqC/full/^300,/0/default.jpg",,1,1
5781,5781,"https://iiif.micr.io/ueFpe/full/^300,/0/default.jpg",,1,1
5782,5782,"https://iiif.micr.io/HBgXa/full/^300,/0/default.jpg",,1,1
5783,5783,"https://iiif.micr.io/yQIpV/full/^300,/0/default.jpg",,1,1
5784,5784,"https://iiif.micr.io/cpaVm/full/^300,/0/default.jpg",,1,1
5785,5785,"https://iiif.micr.io/JwDuH/full/^300,/0/default.jpg",,1,1
5786,5786,"https://iiif.micr.io/vDtjd/full/^300,/0/default.jpg",,1,1
5787,5787,"https://iiif.micr.io/YPbVV/full/^300,/0/default.jpg",,1,1
5788,5788,"https://iiif.micr.io/bgbqx/full/^300,/0/default.jpg",,1,1
5789,5789,"https://iiif.micr.io/kzbRy/full/^300,/0/default.jpg",,1,1
5790,5790,"https://iiif.micr.io/vApLZ/full/^300,/0/default.jpg",,1,1
5791,5791,"https://iiif.micr.io/TYYvm/full/^300,/0/default.jpg",,1,1
5792,5792,"https://iiif.micr.io/KyJiV/full/^300,/0/default.jpg",,1,1
5793,5793,"https://iiif.micr.io/EzYfq/full/^300,/0/default.jpg",,1,1
5794,5794,"https://iiif.micr.io/lWUiu/full/^300,/0/default.jpg",,1,1
5795,5795,"https://iiif.micr.io/oXanJ/full/^300,/0/default.jpg",,1,1
5796,5796,"https://iiif.micr.io/HuhKS/full/^300,/0/default.jpg",,1,1
5797,5797,"https://iiif.micr.io/Ommeu/full/^300,/0/default.jpg",,1,1
5798,5798,"https://iiif.micr.io/edeTr/full/^300,/0/default.jpg",,1,1
5799,5799,"https://iiif.micr.io/CkZYU/full/^300,/0/default.jpg",,1,1
5800,5800,"https://iiif.micr.io/KxOFR/full/^300,/0/default.jpg",,1,1
5801,5801,"https://iiif.micr.io/yasle/full/^300,/0/default.jpg",,1,1
5802,5802,"https://iiif.micr.io/hcSyf/full/^300,/0/default.jpg",,1,1
5803,5803,"https://iiif.micr.io/mZhfB/full/^300,/0/default.jpg",,1,1
5804,5804,"https://iiif.micr.io/LTinl/full/^300,/0/default.jpg",,1,1
5805,5805,"https://iiif.micr.io/ZufXv/full/^300,/0/default.jpg",,1,1
5806,5806,"https://iiif.micr.io/rpoBN/full/^300,/0/default.jpg",,1,1
5807,5807,"https://iiif.micr.io/pGlTn/full/^300,/0/default.jpg",,1,1
5808,5808,"https://iiif.micr.io/mKpyg/full/^300,/0/default.jpg",,1,1
5809,5809,"https://iiif.micr.io/RISYc/full/^300,/0/default.jpg",,1,1
5810,5810,"https://iiif.micr.io/lnJNC/full/^300,/0/default.jpg",,1,1
5811,5811,"https://iiif.micr.io/Golrr/full/^300,/0/default.jpg",,1,1
5812,5812,"https://iiif.micr.io/MbICl/full/^300,/0/default.jpg",,1,1
5813,5813,"https://iiif.micr.io/WLykX/full/^300,/0/default.jpg",,1,1
5814,5814,"https://iiif.micr.io/bvRkm/full/^300,/0/default.jpg",,1,1
